solid aircraft
facet normal -0.034380 -0.635634 0.771224
	outer loop
		vertex -2.440280 0.376950 -0.823521
		vertex 0.003593 0.051386 -0.982903
		vertex -2.451155 0.221425 -0.952187
	endloop
endfacet
facet normal -0.034380 -0.635634 0.771224
	outer loop
		vertex -2.440280 0.376950 -0.823521
		vertex 0.014819 0.211928 -0.850086
		vertex 0.003593 0.051386 -0.982903
	endloop
endfacet
facet normal -0.061242 -0.956851 0.284052
	outer loop
		vertex -2.434210 0.463754 -0.529808
		vertex 0.014819 0.211928 -0.850086
		vertex -2.440280 0.376950 -0.823521
	endloop
endfacet
facet normal -0.061242 -0.956851 0.284052
	outer loop
		vertex -2.434210 0.463754 -0.529808
		vertex 0.021085 0.301532 -0.546899
		vertex 0.014819 0.211928 -0.850086
	endloop
endfacet
facet normal -0.065707 -0.997448 0.027927
	outer loop
		vertex -2.433187 0.478381 -0.004967
		vertex 0.021085 0.301532 -0.546899
		vertex -2.434210 0.463754 -0.529808
	endloop
endfacet
facet normal -0.065707 -0.997448 0.027927
	outer loop
		vertex -2.433187 0.478381 -0.004967
		vertex 0.022141 0.316631 -0.005128
		vertex 0.021085 0.301532 -0.546899
	endloop
endfacet
facet normal -0.065461 -0.993586 -0.092207
	outer loop
		vertex -2.438028 0.409158 0.744391
		vertex 0.022141 0.316631 -0.005128
		vertex -2.433187 0.478381 -0.004967
	endloop
endfacet
facet normal -0.065461 -0.993586 -0.092207
	outer loop
		vertex -2.438028 0.409158 0.744391
		vertex 0.017144 0.245175 0.768404
		vertex 0.022141 0.316631 -0.005128
	endloop
endfacet
facet normal -0.063788 -0.981489 -0.180582
	outer loop
		vertex -2.452967 0.195514 1.910859
		vertex 0.017144 0.245175 0.768404
		vertex -2.438028 0.409158 0.744391
	endloop
endfacet
facet normal -0.063788 -0.981489 -0.180582
	outer loop
		vertex -2.452967 0.195514 1.910859
		vertex 0.001723 0.024639 1.972500
		vertex 0.017144 0.245175 0.768404
	endloop
endfacet
facet normal -0.063788 -0.981489 -0.180582
	outer loop
		vertex -2.465079 0.022303 2.856562
		vertex 0.001723 0.024639 1.972500
		vertex -2.452967 0.195514 1.910859
	endloop
endfacet
facet normal -0.063788 -0.981489 -0.180582
	outer loop
		vertex -2.465079 0.022303 2.856562
		vertex -0.010780 -0.154159 2.948709
		vertex 0.001723 0.024639 1.972500
	endloop
endfacet
facet normal 0.000000 1.000000 0.000000
	outer loop
		vertex -2.465079 0.022303 2.856562
		vertex -0.010780 -0.154159 2.948709
		vertex -2.465079 0.022303 2.856562
	endloop
endfacet
facet normal 0.000000 1.000000 0.000000
	outer loop
		vertex -2.465079 0.022303 2.856562
		vertex -0.010780 -0.154159 2.948709
		vertex -0.010780 -0.154159 2.948709
	endloop
endfacet
facet normal 0.071866 0.997406 -0.004077
	outer loop
		vertex -2.465351 0.018419 1.901555
		vertex -0.010780 -0.154159 2.948709
		vertex -2.465079 0.022303 2.856562
	endloop
endfacet
facet normal 0.071866 0.997406 -0.004077
	outer loop
		vertex -2.465351 0.018419 1.901555
		vertex -0.011060 -0.158168 1.962896
		vertex -0.010780 -0.154159 2.948709
	endloop
endfacet
facet normal 0.071866 0.997406 -0.004077
	outer loop
		vertex -2.465686 0.013629 0.723612
		vertex -0.011060 -0.158168 1.962896
		vertex -2.465351 0.018419 1.901555
	endloop
endfacet
facet normal 0.071866 0.997406 -0.004077
	outer loop
		vertex -2.465686 0.013629 0.723612
		vertex -0.011406 -0.163114 0.746954
		vertex -0.011060 -0.158168 1.962896
	endloop
endfacet
facet normal 0.071750 0.997391 0.007941
	outer loop
		vertex -2.465235 0.020068 -0.089274
		vertex -0.011406 -0.163114 0.746954
		vertex -2.465686 0.013629 0.723612
	endloop
endfacet
facet normal 0.071750 0.997391 0.007941
	outer loop
		vertex -2.465235 0.020068 -0.089274
		vertex -0.010941 -0.156467 -0.092154
		vertex -0.011406 -0.163114 0.746954
	endloop
endfacet
facet normal 0.071550 0.993238 0.091429
	outer loop
		vertex -2.461319 0.076078 -0.700804
		vertex -0.010941 -0.156467 -0.092154
		vertex -2.465235 0.020068 -0.089274
	endloop
endfacet
facet normal 0.071550 0.993238 0.091429
	outer loop
		vertex -2.461319 0.076078 -0.700804
		vertex -0.006898 -0.098650 -0.723411
		vertex -0.010941 -0.156467 -0.092154
	endloop
endfacet
facet normal 0.071012 0.964700 0.253596
	outer loop
		vertex -2.458167 0.121145 -0.873127
		vertex -0.006898 -0.098650 -0.723411
		vertex -2.461319 0.076078 -0.700804
	endloop
endfacet
facet normal 0.071012 0.964700 0.253596
	outer loop
		vertex -2.458167 0.121145 -0.873127
		vertex -0.003645 -0.052129 -0.901293
		vertex -0.006898 -0.098650 -0.723411
	endloop
endfacet
facet normal 0.052505 0.615999 0.785995
	outer loop
		vertex -2.451155 0.221425 -0.952187
		vertex -0.003645 -0.052129 -0.901293
		vertex -2.458167 0.121145 -0.873127
	endloop
endfacet
facet normal 0.052505 0.616000 0.785995
	outer loop
		vertex -2.451155 0.221425 -0.952187
		vertex 0.003593 0.051386 -0.982903
		vertex -0.003645 -0.052129 -0.901293
	endloop
endfacet
facet normal -0.997564 0.069756 0.000000
	outer loop
		vertex -0.006898 -0.098650 -0.723411
		vertex -0.003645 -0.052129 -0.901293
		vertex 0.003593 0.051386 -0.982903
	endloop
endfacet
facet normal -0.997564 0.069756 0.000000
	outer loop
		vertex -0.010941 -0.156467 -0.092154
		vertex -0.006898 -0.098650 -0.723411
		vertex 0.003593 0.051386 -0.982903
	endloop
endfacet
facet normal -0.997564 0.069756 -0.000000
	outer loop
		vertex -0.011406 -0.163114 0.746954
		vertex -0.010941 -0.156467 -0.092154
		vertex 0.003593 0.051386 -0.982903
	endloop
endfacet
facet normal -0.997564 0.069756 0.000000
	outer loop
		vertex -0.011060 -0.158168 1.962896
		vertex -0.011406 -0.163114 0.746954
		vertex 0.003593 0.051386 -0.982903
	endloop
endfacet
facet normal -0.997564 0.069756 0.000000
	outer loop
		vertex -0.010780 -0.154159 2.948709
		vertex -0.011060 -0.158168 1.962896
		vertex 0.003593 0.051386 -0.982903
	endloop
endfacet
facet normal 0.000000 1.000000 0.000000
	outer loop
		vertex -0.010780 -0.154159 2.948709
		vertex -0.010780 -0.154159 2.948709
		vertex 0.003593 0.051386 -0.982903
	endloop
endfacet
facet normal -0.997564 0.069756 0.000000
	outer loop
		vertex 0.001723 0.024639 1.972500
		vertex -0.010780 -0.154159 2.948709
		vertex 0.003593 0.051386 -0.982903
	endloop
endfacet
facet normal -0.997564 0.069756 0.000000
	outer loop
		vertex 0.017144 0.245175 0.768404
		vertex 0.001723 0.024639 1.972500
		vertex 0.003593 0.051386 -0.982903
	endloop
endfacet
facet normal -0.997564 0.069756 0.000000
	outer loop
		vertex 0.022141 0.316631 -0.005128
		vertex 0.017144 0.245175 0.768404
		vertex 0.003593 0.051386 -0.982903
	endloop
endfacet
facet normal -0.997564 0.069756 -0.000000
	outer loop
		vertex 0.021085 0.301532 -0.546899
		vertex 0.022141 0.316631 -0.005128
		vertex 0.003593 0.051386 -0.982903
	endloop
endfacet
facet normal -0.997564 0.069756 0.000000
	outer loop
		vertex 0.014819 0.211928 -0.850086
		vertex 0.021085 0.301532 -0.546899
		vertex 0.003593 0.051386 -0.982903
	endloop
endfacet
facet normal -0.034380 -0.635634 0.771224
	outer loop
		vertex -4.895379 0.541973 -0.796955
		vertex -2.451155 0.221425 -0.952187
		vertex -4.905903 0.391464 -0.921472
	endloop
endfacet
facet normal -0.034380 -0.635634 0.771224
	outer loop
		vertex -4.895379 0.541973 -0.796955
		vertex -2.440280 0.376950 -0.823521
		vertex -2.451155 0.221425 -0.952187
	endloop
endfacet
facet normal -0.061242 -0.956851 0.284052
	outer loop
		vertex -4.889505 0.625976 -0.512717
		vertex -2.440280 0.376950 -0.823521
		vertex -4.895379 0.541973 -0.796955
	endloop
endfacet
facet normal -0.061242 -0.956851 0.284052
	outer loop
		vertex -4.889505 0.625976 -0.512717
		vertex -2.434210 0.463754 -0.529808
		vertex -2.440280 0.376950 -0.823521
	endloop
endfacet
facet normal -0.065707 -0.997448 0.027927
	outer loop
		vertex -4.888515 0.640131 -0.004807
		vertex -2.434210 0.463754 -0.529808
		vertex -4.889505 0.625976 -0.512717
	endloop
endfacet
facet normal -0.065707 -0.997448 0.027927
	outer loop
		vertex -4.888515 0.640131 -0.004807
		vertex -2.433187 0.478381 -0.004967
		vertex -2.434210 0.463754 -0.529808
	endloop
endfacet
facet normal -0.065461 -0.993586 -0.092207
	outer loop
		vertex -4.893199 0.573141 0.720379
		vertex -2.433187 0.478381 -0.004967
		vertex -4.888515 0.640131 -0.004807
	endloop
endfacet
facet normal -0.065461 -0.993586 -0.092207
	outer loop
		vertex -4.893199 0.573141 0.720379
		vertex -2.438028 0.409158 0.744391
		vertex -2.433187 0.478381 -0.004967
	endloop
endfacet
facet normal -0.063788 -0.981489 -0.180582
	outer loop
		vertex -4.905313 0.399913 1.666179
		vertex -2.438028 0.409158 0.744391
		vertex -4.893199 0.573141 0.720379
	endloop
endfacet
facet normal -0.063788 -0.981489 -0.180582
	outer loop
		vertex -4.905313 0.399913 1.666179
		vertex -2.450545 0.230156 1.721719
		vertex -2.438028 0.409158 0.744391
	endloop
endfacet
facet normal 0.026089 0.050626 -0.998377
	outer loop
		vertex -4.919693 0.194255 1.655375
		vertex -2.450545 0.230156 1.721719
		vertex -4.905313 0.399913 1.666179
	endloop
endfacet
facet normal 0.026089 0.050626 -0.998377
	outer loop
		vertex -4.919693 0.194255 1.655375
		vertex -2.465405 0.017643 1.710554
		vertex -2.450545 0.230156 1.721719
	endloop
endfacet
facet normal 0.071866 0.997406 -0.004077
	outer loop
		vertex -4.919965 0.190371 0.700270
		vertex -2.465405 0.017643 1.710554
		vertex -4.919693 0.194255 1.655375
	endloop
endfacet
facet normal 0.071866 0.997406 -0.004077
	outer loop
		vertex -4.919965 0.190371 0.700270
		vertex -2.465686 0.013629 0.723612
		vertex -2.465405 0.017643 1.710554
	endloop
endfacet
facet normal 0.071750 0.997391 0.007941
	outer loop
		vertex -4.919529 0.196602 -0.086394
		vertex -2.465686 0.013629 0.723612
		vertex -4.919965 0.190371 0.700270
	endloop
endfacet
facet normal 0.071750 0.997391 0.007941
	outer loop
		vertex -4.919529 0.196602 -0.086394
		vertex -2.465235 0.020068 -0.089274
		vertex -2.465686 0.013629 0.723612
	endloop
endfacet
facet normal 0.071550 0.993238 0.091429
	outer loop
		vertex -4.915740 0.250805 -0.678198
		vertex -2.465235 0.020068 -0.089274
		vertex -4.919529 0.196602 -0.086394
	endloop
endfacet
facet normal 0.071550 0.993238 0.091429
	outer loop
		vertex -4.915740 0.250805 -0.678198
		vertex -2.461319 0.076078 -0.700804
		vertex -2.465235 0.020068 -0.089274
	endloop
endfacet
facet normal 0.071012 0.964700 0.253596
	outer loop
		vertex -4.912690 0.294419 -0.844962
		vertex -2.461319 0.076078 -0.700804
		vertex -4.915740 0.250805 -0.678198
	endloop
endfacet
facet normal 0.071012 0.964700 0.253596
	outer loop
		vertex -4.912690 0.294419 -0.844962
		vertex -2.458167 0.121145 -0.873127
		vertex -2.461319 0.076078 -0.700804
	endloop
endfacet
facet normal 0.052505 0.616000 0.785995
	outer loop
		vertex -4.905903 0.391464 -0.921472
		vertex -2.458167 0.121145 -0.873127
		vertex -4.912690 0.294419 -0.844962
	endloop
endfacet
facet normal 0.052505 0.615999 0.785995
	outer loop
		vertex -4.905903 0.391464 -0.921472
		vertex -2.451155 0.221425 -0.952187
		vertex -2.458167 0.121145 -0.873127
	endloop
endfacet
facet normal -0.062425 -0.974023 -0.217674
	outer loop
		vertex -4.922212 0.157166 2.759894
		vertex -2.450655 0.229875 1.725746
		vertex -4.905419 0.399642 1.670076
	endloop
endfacet
facet normal -0.062425 -0.974023 -0.217674
	outer loop
		vertex -4.922212 0.157166 2.759894
		vertex -2.468007 -0.020683 2.851891
		vertex -2.450655 0.229875 1.725746
	endloop
endfacet
facet normal 0.000000 1.000000 0.000000
	outer loop
		vertex -4.922212 0.157166 2.759894
		vertex -2.468007 -0.020683 2.851891
		vertex -4.922212 0.157166 2.759894
	endloop
endfacet
facet normal 0.000000 1.000000 0.000000
	outer loop
		vertex -4.922212 0.157166 2.759894
		vertex -2.468007 -0.020683 2.851891
		vertex -2.468007 -0.020683 2.851891
	endloop
endfacet
facet normal 0.070977 0.996906 0.033770
	outer loop
		vertex -4.919586 0.194527 1.651478
		vertex -2.468007 -0.020683 2.851891
		vertex -4.922212 0.157166 2.759894
	endloop
endfacet
facet normal 0.070977 0.996906 0.033770
	outer loop
		vertex -4.919586 0.194527 1.651478
		vertex -2.465294 0.017923 1.706527
		vertex -2.468007 -0.020683 2.851891
	endloop
endfacet
facet normal -0.028687 -0.088301 0.995681
	outer loop
		vertex -4.905419 0.399642 1.670076
		vertex -2.465294 0.017923 1.706527
		vertex -4.919586 0.194527 1.651478
	endloop
endfacet
facet normal -0.028687 -0.088302 0.995681
	outer loop
		vertex -4.905419 0.399642 1.670076
		vertex -2.450655 0.229875 1.725746
		vertex -2.465294 0.017923 1.706527
	endloop
endfacet
facet normal -0.034380 -0.635634 0.771225
	outer loop
		vertex -7.350478 0.706995 -0.770390
		vertex -4.905903 0.391464 -0.921472
		vertex -7.360652 0.561503 -0.890756
	endloop
endfacet
facet normal -0.034380 -0.635634 0.771224
	outer loop
		vertex -7.350478 0.706995 -0.770390
		vertex -4.895379 0.541973 -0.796955
		vertex -4.905903 0.391464 -0.921472
	endloop
endfacet
facet normal -0.061242 -0.956851 0.284052
	outer loop
		vertex -7.344800 0.788198 -0.495627
		vertex -4.895379 0.541973 -0.796955
		vertex -7.350478 0.706995 -0.770390
	endloop
endfacet
facet normal -0.061242 -0.956851 0.284052
	outer loop
		vertex -7.344800 0.788198 -0.495627
		vertex -4.889505 0.625976 -0.512717
		vertex -4.895379 0.541973 -0.796955
	endloop
endfacet
facet normal -0.065707 -0.997448 0.027927
	outer loop
		vertex -7.343843 0.801881 -0.004647
		vertex -4.889505 0.625976 -0.512717
		vertex -7.344800 0.788198 -0.495627
	endloop
endfacet
facet normal -0.065707 -0.997448 0.027927
	outer loop
		vertex -7.343843 0.801881 -0.004647
		vertex -4.888515 0.640131 -0.004807
		vertex -4.889505 0.625976 -0.512717
	endloop
endfacet
facet normal -0.065461 -0.993586 -0.092207
	outer loop
		vertex -7.348372 0.737124 0.696366
		vertex -4.888515 0.640131 -0.004807
		vertex -7.343843 0.801881 -0.004647
	endloop
endfacet
facet normal -0.065461 -0.993586 -0.092207
	outer loop
		vertex -7.348372 0.737124 0.696366
		vertex -4.893199 0.573141 0.720379
		vertex -4.888515 0.640131 -0.004807
	endloop
endfacet
facet normal -0.063788 -0.981489 -0.180582
	outer loop
		vertex -7.360081 0.569671 1.610640
		vertex -4.893199 0.573141 0.720379
		vertex -7.348372 0.737124 0.696366
	endloop
endfacet
facet normal -0.063788 -0.981489 -0.180582
	outer loop
		vertex -7.360081 0.569671 1.610640
		vertex -4.905313 0.399913 1.666179
		vertex -4.893199 0.573141 0.720379
	endloop
endfacet
facet normal 0.026089 0.050626 -0.998377
	outer loop
		vertex -7.373982 0.370868 1.600196
		vertex -4.905313 0.399913 1.666179
		vertex -7.360081 0.569671 1.610640
	endloop
endfacet
facet normal 0.026089 0.050626 -0.998377
	outer loop
		vertex -7.373982 0.370868 1.600196
		vertex -4.919693 0.194255 1.655375
		vertex -4.905313 0.399913 1.666179
	endloop
endfacet
facet normal 0.071866 0.997406 -0.004077
	outer loop
		vertex -7.374245 0.367113 0.676927
		vertex -4.919693 0.194255 1.655375
		vertex -7.373982 0.370868 1.600196
	endloop
endfacet
facet normal 0.071866 0.997406 -0.004077
	outer loop
		vertex -7.374245 0.367113 0.676927
		vertex -4.919965 0.190371 0.700270
		vertex -4.919693 0.194255 1.655375
	endloop
endfacet
facet normal 0.071750 0.997391 0.007941
	outer loop
		vertex -7.373824 0.373137 -0.083515
		vertex -4.919965 0.190371 0.700270
		vertex -7.374245 0.367113 0.676927
	endloop
endfacet
facet normal 0.071750 0.997391 0.007941
	outer loop
		vertex -7.373824 0.373137 -0.083515
		vertex -4.919529 0.196602 -0.086394
		vertex -4.919965 0.190371 0.700270
	endloop
endfacet
facet normal 0.071550 0.993238 0.091429
	outer loop
		vertex -7.370160 0.425533 -0.655591
		vertex -4.919529 0.196602 -0.086394
		vertex -7.373824 0.373137 -0.083515
	endloop
endfacet
facet normal 0.071550 0.993238 0.091429
	outer loop
		vertex -7.370160 0.425533 -0.655591
		vertex -4.915740 0.250805 -0.678198
		vertex -4.919529 0.196602 -0.086394
	endloop
endfacet
facet normal 0.071012 0.964700 0.253596
	outer loop
		vertex -7.367212 0.467693 -0.816797
		vertex -4.915740 0.250805 -0.678198
		vertex -7.370160 0.425533 -0.655591
	endloop
endfacet
facet normal 0.071012 0.964700 0.253596
	outer loop
		vertex -7.367212 0.467693 -0.816797
		vertex -4.912690 0.294419 -0.844962
		vertex -4.915740 0.250805 -0.678198
	endloop
endfacet
facet normal 0.052505 0.616000 0.785995
	outer loop
		vertex -7.360652 0.561503 -0.890756
		vertex -4.912690 0.294419 -0.844962
		vertex -7.367212 0.467693 -0.816797
	endloop
endfacet
facet normal 0.052505 0.616000 0.785995
	outer loop
		vertex -7.360652 0.561503 -0.890756
		vertex -4.905903 0.391464 -0.921472
		vertex -4.912690 0.294419 -0.844962
	endloop
endfacet
facet normal -0.062425 -0.974023 -0.217674
	outer loop
		vertex -7.376417 0.335015 2.667898
		vertex -4.905420 0.399642 1.670076
		vertex -7.360184 0.569408 1.614407
	endloop
endfacet
facet normal -0.062425 -0.974023 -0.217674
	outer loop
		vertex -7.376417 0.335015 2.667898
		vertex -4.922212 0.157166 2.759894
		vertex -4.905420 0.399642 1.670076
	endloop
endfacet
facet normal 0.000000 1.000000 0.000000
	outer loop
		vertex -7.376417 0.335015 2.667898
		vertex -4.922212 0.157166 2.759894
		vertex -7.376417 0.335015 2.667898
	endloop
endfacet
facet normal 0.000000 1.000000 0.000000
	outer loop
		vertex -7.376417 0.335015 2.667898
		vertex -4.922212 0.157166 2.759894
		vertex -4.922212 0.157166 2.759894
	endloop
endfacet
facet normal 0.070977 0.996906 0.033770
	outer loop
		vertex -7.373879 0.371130 1.596428
		vertex -4.922212 0.157166 2.759894
		vertex -7.376417 0.335015 2.667898
	endloop
endfacet
facet normal 0.070977 0.996906 0.033770
	outer loop
		vertex -7.373879 0.371130 1.596428
		vertex -4.919586 0.194527 1.651478
		vertex -4.922212 0.157166 2.759894
	endloop
endfacet
facet normal -0.028687 -0.088302 0.995681
	outer loop
		vertex -7.360184 0.569408 1.614407
		vertex -4.919586 0.194527 1.651478
		vertex -7.373879 0.371130 1.596428
	endloop
endfacet
facet normal -0.028687 -0.088301 0.995681
	outer loop
		vertex -7.360184 0.569408 1.614407
		vertex -4.905420 0.399642 1.670076
		vertex -4.919586 0.194527 1.651478
	endloop
endfacet
facet normal -0.034380 -0.635634 0.771225
	outer loop
		vertex -9.805577 0.872017 -0.743825
		vertex -7.360652 0.561503 -0.890756
		vertex -9.815400 0.731543 -0.860040
	endloop
endfacet
facet normal -0.034380 -0.635634 0.771224
	outer loop
		vertex -9.805577 0.872017 -0.743825
		vertex -7.350478 0.706995 -0.770390
		vertex -7.360652 0.561503 -0.890756
	endloop
endfacet
facet normal -0.061242 -0.956851 0.284052
	outer loop
		vertex -9.800095 0.950420 -0.478536
		vertex -7.350478 0.706995 -0.770390
		vertex -9.805577 0.872017 -0.743825
	endloop
endfacet
facet normal -0.061242 -0.956851 0.284052
	outer loop
		vertex -9.800095 0.950420 -0.478536
		vertex -7.344800 0.788198 -0.495627
		vertex -7.350478 0.706995 -0.770390
	endloop
endfacet
facet normal -0.065707 -0.997448 0.027927
	outer loop
		vertex -9.799171 0.963632 -0.004487
		vertex -7.344800 0.788198 -0.495627
		vertex -9.800095 0.950420 -0.478536
	endloop
endfacet
facet normal -0.065707 -0.997448 0.027927
	outer loop
		vertex -9.799171 0.963632 -0.004487
		vertex -7.343843 0.801881 -0.004647
		vertex -7.344800 0.788198 -0.495627
	endloop
endfacet
facet normal -0.065461 -0.993586 -0.092207
	outer loop
		vertex -9.803543 0.901108 0.672354
		vertex -7.343843 0.801881 -0.004647
		vertex -9.799171 0.963632 -0.004487
	endloop
endfacet
facet normal -0.065461 -0.993586 -0.092207
	outer loop
		vertex -9.803543 0.901108 0.672354
		vertex -7.348372 0.737124 0.696366
		vertex -7.343843 0.801881 -0.004647
	endloop
endfacet
facet normal -0.063788 -0.981489 -0.180582
	outer loop
		vertex -9.814849 0.739428 1.555101
		vertex -7.348372 0.737124 0.696366
		vertex -9.803543 0.901108 0.672354
	endloop
endfacet
facet normal -0.063788 -0.981489 -0.180582
	outer loop
		vertex -9.814849 0.739428 1.555101
		vertex -7.360081 0.569671 1.610640
		vertex -7.348372 0.737124 0.696366
	endloop
endfacet
facet normal 0.026089 0.050626 -0.998377
	outer loop
		vertex -9.828271 0.547481 1.545016
		vertex -7.360081 0.569671 1.610640
		vertex -9.814849 0.739428 1.555101
	endloop
endfacet
facet normal 0.026089 0.050626 -0.998377
	outer loop
		vertex -9.828271 0.547481 1.545016
		vertex -7.373982 0.370868 1.600196
		vertex -7.360081 0.569671 1.610640
	endloop
endfacet
facet normal 0.071866 0.997406 -0.004077
	outer loop
		vertex -9.828525 0.543855 0.653585
		vertex -7.373982 0.370868 1.600196
		vertex -9.828271 0.547481 1.545016
	endloop
endfacet
facet normal 0.071866 0.997406 -0.004077
	outer loop
		vertex -9.828525 0.543855 0.653585
		vertex -7.374245 0.367113 0.676927
		vertex -7.373982 0.370868 1.600196
	endloop
endfacet
facet normal 0.071750 0.997391 0.007941
	outer loop
		vertex -9.828118 0.549671 -0.080635
		vertex -7.374245 0.367113 0.676927
		vertex -9.828525 0.543855 0.653585
	endloop
endfacet
facet normal 0.071750 0.997391 0.007941
	outer loop
		vertex -9.828118 0.549671 -0.080635
		vertex -7.373824 0.373137 -0.083515
		vertex -7.374245 0.367113 0.676927
	endloop
endfacet
facet normal 0.071550 0.993238 0.091429
	outer loop
		vertex -9.824580 0.600261 -0.632985
		vertex -7.373824 0.373137 -0.083515
		vertex -9.828118 0.549671 -0.080635
	endloop
endfacet
facet normal 0.071550 0.993238 0.091429
	outer loop
		vertex -9.824580 0.600261 -0.632985
		vertex -7.370160 0.425533 -0.655591
		vertex -7.373824 0.373137 -0.083515
	endloop
endfacet
facet normal 0.071012 0.964700 0.253597
	outer loop
		vertex -9.821733 0.640967 -0.788631
		vertex -7.370160 0.425533 -0.655591
		vertex -9.824580 0.600261 -0.632985
	endloop
endfacet
facet normal 0.071012 0.964700 0.253596
	outer loop
		vertex -9.821733 0.640967 -0.788631
		vertex -7.367212 0.467693 -0.816797
		vertex -7.370160 0.425533 -0.655591
	endloop
endfacet
facet normal 0.052505 0.616000 0.785994
	outer loop
		vertex -9.815400 0.731543 -0.860040
		vertex -7.367212 0.467693 -0.816797
		vertex -9.821733 0.640967 -0.788631
	endloop
endfacet
facet normal 0.052505 0.616000 0.785995
	outer loop
		vertex -9.815400 0.731543 -0.860040
		vertex -7.360652 0.561503 -0.890756
		vertex -7.367212 0.467693 -0.816797
	endloop
endfacet
facet normal -0.062425 -0.974023 -0.217674
	outer loop
		vertex -9.830622 0.512864 2.575902
		vertex -7.360184 0.569408 1.614407
		vertex -9.814949 0.739175 1.558738
	endloop
endfacet
facet normal -0.062425 -0.974023 -0.217674
	outer loop
		vertex -9.830622 0.512864 2.575902
		vertex -7.376417 0.335015 2.667898
		vertex -7.360184 0.569408 1.614407
	endloop
endfacet
facet normal 0.000000 1.000000 0.000000
	outer loop
		vertex -9.830622 0.512864 2.575902
		vertex -7.376417 0.335015 2.667898
		vertex -9.830622 0.512864 2.575902
	endloop
endfacet
facet normal 0.000000 1.000000 0.000000
	outer loop
		vertex -9.830622 0.512864 2.575902
		vertex -7.376417 0.335015 2.667898
		vertex -7.376417 0.335015 2.667898
	endloop
endfacet
facet normal 0.070977 0.996906 0.033770
	outer loop
		vertex -9.828171 0.547734 1.541379
		vertex -7.376417 0.335015 2.667898
		vertex -9.830622 0.512864 2.575902
	endloop
endfacet
facet normal 0.070977 0.996906 0.033770
	outer loop
		vertex -9.828171 0.547734 1.541379
		vertex -7.373879 0.371130 1.596428
		vertex -7.376417 0.335015 2.667898
	endloop
endfacet
facet normal -0.028687 -0.088302 0.995681
	outer loop
		vertex -9.814949 0.739175 1.558738
		vertex -7.373879 0.371130 1.596428
		vertex -9.828171 0.547734 1.541379
	endloop
endfacet
facet normal -0.028687 -0.088302 0.995681
	outer loop
		vertex -9.814949 0.739175 1.558738
		vertex -7.360184 0.569408 1.614407
		vertex -7.373879 0.371130 1.596428
	endloop
endfacet
facet normal -0.034380 -0.635634 0.771224
	outer loop
		vertex -12.260677 1.037039 -0.717260
		vertex -9.815400 0.731543 -0.860040
		vertex -12.270149 0.901582 -0.829324
	endloop
endfacet
facet normal -0.034380 -0.635634 0.771224
	outer loop
		vertex -12.260677 1.037039 -0.717260
		vertex -9.805577 0.872017 -0.743825
		vertex -9.815400 0.731543 -0.860040
	endloop
endfacet
facet normal -0.061242 -0.956851 0.284053
	outer loop
		vertex -12.255390 1.112642 -0.461446
		vertex -9.805577 0.872017 -0.743825
		vertex -12.260677 1.037039 -0.717260
	endloop
endfacet
facet normal -0.061242 -0.956851 0.284052
	outer loop
		vertex -12.255390 1.112642 -0.461446
		vertex -9.800095 0.950420 -0.478536
		vertex -9.805577 0.872017 -0.743825
	endloop
endfacet
facet normal -0.065707 -0.997448 0.027927
	outer loop
		vertex -12.254499 1.125382 -0.004326
		vertex -9.800095 0.950420 -0.478536
		vertex -12.255390 1.112642 -0.461446
	endloop
endfacet
facet normal -0.065707 -0.997448 0.027927
	outer loop
		vertex -12.254499 1.125382 -0.004326
		vertex -9.799171 0.963632 -0.004487
		vertex -9.800095 0.950420 -0.478536
	endloop
endfacet
facet normal -0.065461 -0.993586 -0.092207
	outer loop
		vertex -12.258716 1.065091 0.648341
		vertex -9.799171 0.963632 -0.004487
		vertex -12.254499 1.125382 -0.004326
	endloop
endfacet
facet normal -0.065461 -0.993586 -0.092207
	outer loop
		vertex -12.258716 1.065091 0.648341
		vertex -9.803543 0.901108 0.672354
		vertex -9.799171 0.963632 -0.004487
	endloop
endfacet
facet normal -0.063788 -0.981489 -0.180582
	outer loop
		vertex -12.269617 0.909186 1.499561
		vertex -9.803543 0.901108 0.672354
		vertex -12.258716 1.065091 0.648341
	endloop
endfacet
facet normal -0.063788 -0.981489 -0.180582
	outer loop
		vertex -12.269617 0.909186 1.499561
		vertex -9.814849 0.739428 1.555101
		vertex -9.803543 0.901108 0.672354
	endloop
endfacet
facet normal 0.026089 0.050626 -0.998377
	outer loop
		vertex -12.282560 0.724093 1.489837
		vertex -9.814849 0.739428 1.555101
		vertex -12.269617 0.909186 1.499561
	endloop
endfacet
facet normal 0.026089 0.050626 -0.998377
	outer loop
		vertex -12.282560 0.724093 1.489837
		vertex -9.828271 0.547481 1.545016
		vertex -9.814849 0.739428 1.555101
	endloop
endfacet
facet normal 0.071866 0.997406 -0.004077
	outer loop
		vertex -12.282804 0.720597 0.630243
		vertex -9.828271 0.547481 1.545016
		vertex -12.282560 0.724093 1.489837
	endloop
endfacet
facet normal 0.071866 0.997406 -0.004077
	outer loop
		vertex -12.282804 0.720597 0.630243
		vertex -9.828525 0.543855 0.653585
		vertex -9.828271 0.547481 1.545016
	endloop
endfacet
facet normal 0.071750 0.997391 0.007941
	outer loop
		vertex -12.282413 0.726206 -0.077755
		vertex -9.828525 0.543855 0.653585
		vertex -12.282804 0.720597 0.630243
	endloop
endfacet
facet normal 0.071750 0.997391 0.007941
	outer loop
		vertex -12.282413 0.726206 -0.077755
		vertex -9.828118 0.549671 -0.080635
		vertex -9.828525 0.543855 0.653585
	endloop
endfacet
facet normal 0.071550 0.993238 0.091429
	outer loop
		vertex -12.279001 0.774989 -0.610378
		vertex -9.828118 0.549671 -0.080635
		vertex -12.282413 0.726206 -0.077755
	endloop
endfacet
facet normal 0.071550 0.993238 0.091429
	outer loop
		vertex -12.279001 0.774989 -0.610378
		vertex -9.824580 0.600261 -0.632985
		vertex -9.828118 0.549671 -0.080635
	endloop
endfacet
facet normal 0.071012 0.964700 0.253596
	outer loop
		vertex -12.276257 0.814241 -0.760466
		vertex -9.824580 0.600261 -0.632985
		vertex -12.279001 0.774989 -0.610378
	endloop
endfacet
facet normal 0.071012 0.964700 0.253597
	outer loop
		vertex -12.276257 0.814241 -0.760466
		vertex -9.821733 0.640967 -0.788631
		vertex -9.824580 0.600261 -0.632985
	endloop
endfacet
facet normal 0.052505 0.616000 0.785995
	outer loop
		vertex -12.270149 0.901582 -0.829324
		vertex -9.821733 0.640967 -0.788631
		vertex -12.276257 0.814241 -0.760466
	endloop
endfacet
facet normal 0.052505 0.616000 0.785994
	outer loop
		vertex -12.270149 0.901582 -0.829324
		vertex -9.815400 0.731543 -0.860040
		vertex -9.821733 0.640967 -0.788631
	endloop
endfacet
facet normal -0.044832 -0.831898 -0.553115
	outer loop
		vertex -12.306705 0.345138 2.372885
		vertex -9.816376 0.729757 1.592561
		vertex -12.271091 0.899860 1.535684
	endloop
endfacet
facet normal -0.044832 -0.831898 -0.553115
	outer loop
		vertex -12.306705 0.345138 2.372885
		vertex -9.853311 0.154490 2.460770
		vertex -9.816376 0.729757 1.592561
	endloop
endfacet
facet normal 0.000000 1.000000 0.000000
	outer loop
		vertex -12.306705 0.345138 2.372885
		vertex -9.853311 0.154490 2.460770
		vertex -12.306705 0.345138 2.372885
	endloop
endfacet
facet normal 0.000000 1.000000 0.000000
	outer loop
		vertex -12.306705 0.345138 2.372885
		vertex -9.853311 0.154490 2.460770
		vertex -9.853311 0.154490 2.460770
	endloop
endfacet
facet normal 0.057455 0.919086 0.389847
	outer loop
		vertex -12.281088 0.733419 1.453715
		vertex -9.853311 0.154490 2.460770
		vertex -12.306705 0.345138 2.372885
	endloop
endfacet
facet normal 0.057455 0.919086 0.389847
	outer loop
		vertex -12.281088 0.733419 1.453715
		vertex -9.826744 0.557152 1.507557
		vertex -9.853311 0.154490 2.460770
	endloop
endfacet
facet normal -0.051191 -0.438751 0.897149
	outer loop
		vertex -12.271091 0.899860 1.535684
		vertex -9.826744 0.557152 1.507557
		vertex -12.281088 0.733419 1.453715
	endloop
endfacet
facet normal -0.051191 -0.438751 0.897149
	outer loop
		vertex -12.271091 0.899860 1.535684
		vertex -9.816376 0.729757 1.592561
		vertex -9.826744 0.557152 1.507557
	endloop
endfacet
facet normal -0.034380 -0.635634 0.771224
	outer loop
		vertex -14.715775 1.202061 -0.690695
		vertex -12.270149 0.901582 -0.829324
		vertex -14.724897 1.071621 -0.798609
	endloop
endfacet
facet normal -0.034380 -0.635634 0.771224
	outer loop
		vertex -14.715775 1.202061 -0.690695
		vertex -12.260677 1.037039 -0.717260
		vertex -12.270149 0.901582 -0.829324
	endloop
endfacet
facet normal -0.061242 -0.956851 0.284052
	outer loop
		vertex -14.710685 1.274864 -0.444355
		vertex -12.260677 1.037039 -0.717260
		vertex -14.715775 1.202061 -0.690695
	endloop
endfacet
facet normal -0.061242 -0.956851 0.284053
	outer loop
		vertex -14.710685 1.274864 -0.444355
		vertex -12.255390 1.112642 -0.461446
		vertex -12.260677 1.037039 -0.717260
	endloop
endfacet
facet normal -0.065707 -0.997448 0.027927
	outer loop
		vertex -14.709827 1.287132 -0.004166
		vertex -12.255390 1.112642 -0.461446
		vertex -14.710685 1.274864 -0.444355
	endloop
endfacet
facet normal -0.065707 -0.997448 0.027927
	outer loop
		vertex -14.709827 1.287132 -0.004166
		vertex -12.254499 1.125382 -0.004326
		vertex -12.255390 1.112642 -0.461446
	endloop
endfacet
facet normal -0.065461 -0.993586 -0.092207
	outer loop
		vertex -14.713887 1.229074 0.624328
		vertex -12.254499 1.125382 -0.004326
		vertex -14.709827 1.287132 -0.004166
	endloop
endfacet
facet normal -0.065461 -0.993586 -0.092207
	outer loop
		vertex -14.713887 1.229074 0.624328
		vertex -12.258716 1.065091 0.648341
		vertex -12.254499 1.125382 -0.004326
	endloop
endfacet
facet normal -0.063788 -0.981489 -0.180582
	outer loop
		vertex -14.724385 1.078943 1.444022
		vertex -12.258716 1.065091 0.648341
		vertex -14.713887 1.229074 0.624328
	endloop
endfacet
facet normal -0.063788 -0.981489 -0.180582
	outer loop
		vertex -14.724385 1.078943 1.444022
		vertex -12.269617 0.909186 1.499561
		vertex -12.258716 1.065091 0.648341
	endloop
endfacet
facet normal 0.026089 0.050627 -0.998377
	outer loop
		vertex -14.736849 0.900706 1.434658
		vertex -12.269617 0.909186 1.499561
		vertex -14.724385 1.078943 1.444022
	endloop
endfacet
facet normal 0.026089 0.050626 -0.998377
	outer loop
		vertex -14.736849 0.900706 1.434658
		vertex -12.282560 0.724093 1.489837
		vertex -12.269617 0.909186 1.499561
	endloop
endfacet
facet normal 0.071866 0.997406 -0.004077
	outer loop
		vertex -14.737084 0.897340 0.606900
		vertex -12.282560 0.724093 1.489837
		vertex -14.736849 0.900706 1.434658
	endloop
endfacet
facet normal 0.071866 0.997406 -0.004077
	outer loop
		vertex -14.737084 0.897340 0.606900
		vertex -12.282804 0.720597 0.630243
		vertex -12.282560 0.724093 1.489837
	endloop
endfacet
facet normal 0.071750 0.997391 0.007941
	outer loop
		vertex -14.736707 0.902740 -0.074875
		vertex -12.282804 0.720597 0.630243
		vertex -14.737084 0.897340 0.606900
	endloop
endfacet
facet normal 0.071750 0.997391 0.007941
	outer loop
		vertex -14.736707 0.902740 -0.074875
		vertex -12.282413 0.726206 -0.077755
		vertex -12.282804 0.720597 0.630243
	endloop
endfacet
facet normal 0.071550 0.993238 0.091429
	outer loop
		vertex -14.733421 0.949716 -0.587771
		vertex -12.282413 0.726206 -0.077755
		vertex -14.736707 0.902740 -0.074875
	endloop
endfacet
facet normal 0.071550 0.993238 0.091429
	outer loop
		vertex -14.733421 0.949716 -0.587771
		vertex -12.279001 0.774989 -0.610378
		vertex -12.282413 0.726206 -0.077755
	endloop
endfacet
facet normal 0.071012 0.964700 0.253596
	outer loop
		vertex -14.730779 0.987515 -0.732300
		vertex -12.279001 0.774989 -0.610378
		vertex -14.733421 0.949716 -0.587771
	endloop
endfacet
facet normal 0.071012 0.964700 0.253596
	outer loop
		vertex -14.730779 0.987515 -0.732300
		vertex -12.276257 0.814241 -0.760466
		vertex -12.279001 0.774989 -0.610378
	endloop
endfacet
facet normal 0.052505 0.616000 0.785995
	outer loop
		vertex -14.724897 1.071621 -0.798609
		vertex -12.276257 0.814241 -0.760466
		vertex -14.730779 0.987515 -0.732300
	endloop
endfacet
facet normal 0.052505 0.616000 0.785995
	outer loop
		vertex -14.724897 1.071621 -0.798609
		vertex -12.270149 0.901582 -0.829324
		vertex -12.276257 0.814241 -0.760466
	endloop
endfacet
facet normal -0.044832 -0.831898 -0.553115
	outer loop
		vertex -14.760099 0.535786 2.285001
		vertex -12.271091 0.899860 1.535683
		vertex -14.725803 1.069963 1.478806
	endloop
endfacet
facet normal -0.044832 -0.831898 -0.553115
	outer loop
		vertex -14.760099 0.535786 2.285001
		vertex -12.306705 0.345138 2.372885
		vertex -12.271091 0.899860 1.535683
	endloop
endfacet
facet normal 0.000000 1.000000 0.000000
	outer loop
		vertex -14.760099 0.535786 2.285001
		vertex -12.306705 0.345138 2.372885
		vertex -14.760099 0.535786 2.285001
	endloop
endfacet
facet normal 0.000000 1.000000 0.000000
	outer loop
		vertex -14.760099 0.535786 2.285001
		vertex -12.306705 0.345138 2.372885
		vertex -12.306705 0.345138 2.372885
	endloop
endfacet
facet normal 0.057455 0.919086 0.389847
	outer loop
		vertex -14.735432 0.909687 1.399874
		vertex -12.306705 0.345138 2.372885
		vertex -14.760099 0.535786 2.285001
	endloop
endfacet
facet normal 0.057455 0.919086 0.389847
	outer loop
		vertex -14.735432 0.909687 1.399874
		vertex -12.281088 0.733419 1.453715
		vertex -12.306705 0.345138 2.372885
	endloop
endfacet
facet normal -0.051191 -0.438751 0.897149
	outer loop
		vertex -14.725803 1.069963 1.478806
		vertex -12.281088 0.733419 1.453715
		vertex -14.735432 0.909687 1.399874
	endloop
endfacet
facet normal -0.051191 -0.438750 0.897150
	outer loop
		vertex -14.725803 1.069963 1.478806
		vertex -12.271091 0.899860 1.535683
		vertex -12.281088 0.733419 1.453715
	endloop
endfacet
facet normal -0.034380 -0.635634 0.771224
	outer loop
		vertex -17.170874 1.367083 -0.664130
		vertex -14.724897 1.071621 -0.798609
		vertex -17.179644 1.241660 -0.767893
	endloop
endfacet
facet normal -0.034380 -0.635634 0.771224
	outer loop
		vertex -17.170874 1.367083 -0.664130
		vertex -14.715775 1.202061 -0.690695
		vertex -14.724897 1.071621 -0.798609
	endloop
endfacet
facet normal -0.061242 -0.956851 0.284052
	outer loop
		vertex -17.165979 1.437086 -0.427264
		vertex -14.715775 1.202061 -0.690695
		vertex -17.170874 1.367083 -0.664130
	endloop
endfacet
facet normal -0.061242 -0.956851 0.284052
	outer loop
		vertex -17.165979 1.437086 -0.427264
		vertex -14.710685 1.274864 -0.444355
		vertex -14.715775 1.202061 -0.690695
	endloop
endfacet
facet normal -0.065707 -0.997448 0.027927
	outer loop
		vertex -17.165154 1.448882 -0.004006
		vertex -14.710685 1.274864 -0.444355
		vertex -17.165979 1.437086 -0.427264
	endloop
endfacet
facet normal -0.065707 -0.997448 0.027927
	outer loop
		vertex -17.165154 1.448882 -0.004006
		vertex -14.709827 1.287132 -0.004166
		vertex -14.710685 1.274864 -0.444355
	endloop
endfacet
facet normal -0.065461 -0.993586 -0.092207
	outer loop
		vertex -17.169058 1.393057 0.600316
		vertex -14.709827 1.287132 -0.004166
		vertex -17.165154 1.448882 -0.004006
	endloop
endfacet
facet normal -0.065461 -0.993586 -0.092207
	outer loop
		vertex -17.169058 1.393057 0.600316
		vertex -14.713887 1.229074 0.624328
		vertex -14.709827 1.287132 -0.004166
	endloop
endfacet
facet normal -0.063788 -0.981489 -0.180582
	outer loop
		vertex -17.179152 1.248700 1.388483
		vertex -14.713887 1.229074 0.624328
		vertex -17.169058 1.393057 0.600316
	endloop
endfacet
facet normal -0.063788 -0.981489 -0.180582
	outer loop
		vertex -17.179152 1.248700 1.388483
		vertex -14.724385 1.078943 1.444022
		vertex -14.713887 1.229074 0.624328
	endloop
endfacet
facet normal 0.026089 0.050626 -0.998377
	outer loop
		vertex -17.191135 1.077319 1.379479
		vertex -14.724385 1.078943 1.444022
		vertex -17.179152 1.248700 1.388483
	endloop
endfacet
facet normal 0.026089 0.050627 -0.998377
	outer loop
		vertex -17.191135 1.077319 1.379479
		vertex -14.736849 0.900706 1.434658
		vertex -14.724385 1.078943 1.444022
	endloop
endfacet
facet normal 0.071866 0.997406 -0.004077
	outer loop
		vertex -17.191362 1.074082 0.583558
		vertex -14.736849 0.900706 1.434658
		vertex -17.191135 1.077319 1.379479
	endloop
endfacet
facet normal 0.071866 0.997406 -0.004077
	outer loop
		vertex -17.191362 1.074082 0.583558
		vertex -14.737084 0.897340 0.606900
		vertex -14.736849 0.900706 1.434658
	endloop
endfacet
facet normal 0.071750 0.997391 0.007941
	outer loop
		vertex -17.191000 1.079275 -0.071995
		vertex -14.737084 0.897340 0.606900
		vertex -17.191362 1.074082 0.583558
	endloop
endfacet
facet normal 0.071750 0.997391 0.007941
	outer loop
		vertex -17.191000 1.079275 -0.071995
		vertex -14.736707 0.902740 -0.074875
		vertex -14.737084 0.897340 0.606900
	endloop
endfacet
facet normal 0.071550 0.993238 0.091429
	outer loop
		vertex -17.187841 1.124444 -0.565165
		vertex -14.736707 0.902740 -0.074875
		vertex -17.191000 1.079275 -0.071995
	endloop
endfacet
facet normal 0.071550 0.993238 0.091429
	outer loop
		vertex -17.187841 1.124444 -0.565165
		vertex -14.733421 0.949716 -0.587771
		vertex -14.736707 0.902740 -0.074875
	endloop
endfacet
facet normal 0.071012 0.964700 0.253597
	outer loop
		vertex -17.185299 1.160789 -0.704135
		vertex -14.733421 0.949716 -0.587771
		vertex -17.187841 1.124444 -0.565165
	endloop
endfacet
facet normal 0.071012 0.964700 0.253596
	outer loop
		vertex -17.185299 1.160789 -0.704135
		vertex -14.730779 0.987515 -0.732300
		vertex -14.733421 0.949716 -0.587771
	endloop
endfacet
facet normal 0.052505 0.616000 0.785994
	outer loop
		vertex -17.179644 1.241660 -0.767893
		vertex -14.730779 0.987515 -0.732300
		vertex -17.185299 1.160789 -0.704135
	endloop
endfacet
facet normal 0.052505 0.615999 0.785995
	outer loop
		vertex -17.179644 1.241660 -0.767893
		vertex -14.724897 1.071621 -0.798609
		vertex -14.730779 0.987515 -0.732300
	endloop
endfacet
facet normal -0.044832 -0.831898 -0.553115
	outer loop
		vertex -17.213491 0.726434 2.197116
		vertex -14.725802 1.069963 1.478806
		vertex -17.180515 1.240065 1.421929
	endloop
endfacet
facet normal -0.044832 -0.831898 -0.553115
	outer loop
		vertex -17.213491 0.726434 2.197116
		vertex -14.760098 0.535786 2.285001
		vertex -14.725802 1.069963 1.478806
	endloop
endfacet
facet normal 0.000000 1.000000 0.000000
	outer loop
		vertex -17.213491 0.726434 2.197116
		vertex -14.760098 0.535786 2.285001
		vertex -17.213491 0.726434 2.197116
	endloop
endfacet
facet normal 0.000000 1.000000 0.000000
	outer loop
		vertex -17.213491 0.726434 2.197116
		vertex -14.760098 0.535786 2.285001
		vertex -14.760098 0.535786 2.285001
	endloop
endfacet
facet normal 0.057455 0.919085 0.389847
	outer loop
		vertex -17.189770 1.085954 1.346033
		vertex -14.760098 0.535786 2.285001
		vertex -17.213491 0.726434 2.197116
	endloop
endfacet
facet normal 0.057455 0.919086 0.389847
	outer loop
		vertex -17.189770 1.085954 1.346033
		vertex -14.735431 0.909686 1.399874
		vertex -14.760098 0.535786 2.285001
	endloop
endfacet
facet normal -0.051192 -0.438752 0.897149
	outer loop
		vertex -17.180515 1.240065 1.421929
		vertex -14.735431 0.909686 1.399874
		vertex -17.189770 1.085954 1.346033
	endloop
endfacet
facet normal -0.051191 -0.438750 0.897150
	outer loop
		vertex -17.180515 1.240065 1.421929
		vertex -14.725802 1.069963 1.478806
		vertex -14.735431 0.909686 1.399874
	endloop
endfacet
facet normal -0.034380 -0.635635 0.771224
	outer loop
		vertex -19.625975 1.532105 -0.637564
		vertex -17.179644 1.241660 -0.767893
		vertex -19.634394 1.411699 -0.737177
	endloop
endfacet
facet normal -0.034380 -0.635634 0.771224
	outer loop
		vertex -19.625975 1.532105 -0.637564
		vertex -17.170874 1.367083 -0.664130
		vertex -17.179644 1.241660 -0.767893
	endloop
endfacet
facet normal -0.061242 -0.956851 0.284052
	outer loop
		vertex -19.621275 1.599308 -0.410174
		vertex -17.170874 1.367083 -0.664130
		vertex -19.625975 1.532105 -0.637564
	endloop
endfacet
facet normal -0.061242 -0.956851 0.284052
	outer loop
		vertex -19.621275 1.599308 -0.410174
		vertex -17.165979 1.437086 -0.427264
		vertex -17.170874 1.367083 -0.664130
	endloop
endfacet
facet normal -0.065707 -0.997448 0.027927
	outer loop
		vertex -19.620483 1.610632 -0.003846
		vertex -17.165979 1.437086 -0.427264
		vertex -19.621275 1.599308 -0.410174
	endloop
endfacet
facet normal -0.065707 -0.997448 0.027927
	outer loop
		vertex -19.620483 1.610632 -0.003846
		vertex -17.165154 1.448882 -0.004006
		vertex -17.165979 1.437086 -0.427264
	endloop
endfacet
facet normal -0.065461 -0.993586 -0.092207
	outer loop
		vertex -19.624231 1.557040 0.576303
		vertex -17.165154 1.448882 -0.004006
		vertex -19.620483 1.610632 -0.003846
	endloop
endfacet
facet normal -0.065461 -0.993586 -0.092207
	outer loop
		vertex -19.624231 1.557040 0.576303
		vertex -17.169058 1.393057 0.600316
		vertex -17.165154 1.448882 -0.004006
	endloop
endfacet
facet normal -0.063788 -0.981489 -0.180582
	outer loop
		vertex -19.635798 1.391638 1.479375
		vertex -17.169058 1.393057 0.600316
		vertex -19.624231 1.557040 0.576303
	endloop
endfacet
facet normal -0.063788 -0.981489 -0.180582
	outer loop
		vertex -19.635798 1.391638 1.479375
		vertex -17.181105 1.220763 1.541015
		vertex -17.169058 1.393057 0.600316
	endloop
endfacet
facet normal -0.063788 -0.981489 -0.180582
	outer loop
		vertex -19.645174 1.257540 2.211532
		vertex -17.181105 1.220763 1.541015
		vertex -19.635798 1.391638 1.479375
	endloop
endfacet
facet normal -0.063788 -0.981489 -0.180582
	outer loop
		vertex -19.645174 1.257540 2.211532
		vertex -17.190872 1.081077 2.303679
		vertex -17.181105 1.220763 1.541015
	endloop
endfacet
facet normal 0.000000 1.000000 0.000000
	outer loop
		vertex -19.645174 1.257540 2.211532
		vertex -17.190872 1.081077 2.303679
		vertex -19.645174 1.257540 2.211532
	endloop
endfacet
facet normal 0.000000 1.000000 0.000000
	outer loop
		vertex -19.645174 1.257540 2.211532
		vertex -17.190872 1.081077 2.303679
		vertex -17.190872 1.081077 2.303679
	endloop
endfacet
facet normal 0.071866 0.997406 -0.004077
	outer loop
		vertex -19.645384 1.254533 1.472172
		vertex -17.190872 1.081077 2.303679
		vertex -19.645174 1.257540 2.211532
	endloop
endfacet
facet normal 0.071866 0.997406 -0.004077
	outer loop
		vertex -19.645384 1.254533 1.472172
		vertex -17.191092 1.077945 1.533512
		vertex -17.190872 1.081077 2.303679
	endloop
endfacet
facet normal 0.071866 0.997406 -0.004077
	outer loop
		vertex -19.645643 1.250824 0.560216
		vertex -17.191092 1.077945 1.533512
		vertex -19.645384 1.254533 1.472172
	endloop
endfacet
facet normal 0.071866 0.997406 -0.004077
	outer loop
		vertex -19.645643 1.250824 0.560216
		vertex -17.191362 1.074082 0.583558
		vertex -17.191092 1.077945 1.533512
	endloop
endfacet
facet normal 0.071750 0.997391 0.007941
	outer loop
		vertex -19.645294 1.255809 -0.069116
		vertex -17.191362 1.074082 0.583558
		vertex -19.645643 1.250824 0.560216
	endloop
endfacet
facet normal 0.071750 0.997391 0.007941
	outer loop
		vertex -19.645294 1.255809 -0.069116
		vertex -17.191000 1.079275 -0.071995
		vertex -17.191362 1.074082 0.583558
	endloop
endfacet
facet normal 0.071550 0.993238 0.091428
	outer loop
		vertex -19.642263 1.299172 -0.542558
		vertex -17.191000 1.079275 -0.071995
		vertex -19.645294 1.255809 -0.069116
	endloop
endfacet
facet normal 0.071550 0.993238 0.091429
	outer loop
		vertex -19.642263 1.299172 -0.542558
		vertex -17.187841 1.124444 -0.565165
		vertex -17.191000 1.079275 -0.071995
	endloop
endfacet
facet normal 0.071012 0.964700 0.253597
	outer loop
		vertex -19.639822 1.334063 -0.675970
		vertex -17.187841 1.124444 -0.565165
		vertex -19.642263 1.299172 -0.542558
	endloop
endfacet
facet normal 0.071012 0.964700 0.253597
	outer loop
		vertex -19.639822 1.334063 -0.675970
		vertex -17.185299 1.160789 -0.704135
		vertex -17.187841 1.124444 -0.565165
	endloop
endfacet
facet normal 0.052505 0.615999 0.785995
	outer loop
		vertex -19.634394 1.411699 -0.737177
		vertex -17.185299 1.160789 -0.704135
		vertex -19.639822 1.334063 -0.675970
	endloop
endfacet
facet normal 0.052505 0.616000 0.785995
	outer loop
		vertex -19.634394 1.411699 -0.737177
		vertex -17.179644 1.241660 -0.767893
		vertex -17.185299 1.160789 -0.704135
	endloop
endfacet
facet normal 0.997565 -0.069748 -0.000004
	outer loop
		vertex -19.621275 1.599308 -0.410174
		vertex -19.625975 1.532105 -0.637564
		vertex -19.634394 1.411699 -0.737177
	endloop
endfacet
facet normal 0.997564 -0.069757 0.000001
	outer loop
		vertex -19.620483 1.610632 -0.003846
		vertex -19.621275 1.599308 -0.410174
		vertex -19.634394 1.411699 -0.737177
	endloop
endfacet
facet normal 0.997564 -0.069757 0.000001
	outer loop
		vertex -19.624231 1.557040 0.576303
		vertex -19.620483 1.610632 -0.003846
		vertex -19.634394 1.411699 -0.737177
	endloop
endfacet
facet normal 0.997564 -0.069755 0.000000
	outer loop
		vertex -19.635798 1.391638 1.479375
		vertex -19.624231 1.557040 0.576303
		vertex -19.634394 1.411699 -0.737177
	endloop
endfacet
facet normal 0.997564 -0.069750 0.000001
	outer loop
		vertex -19.645174 1.257540 2.211532
		vertex -19.635798 1.391638 1.479375
		vertex -19.634394 1.411699 -0.737177
	endloop
endfacet
facet normal 0.000000 1.000000 0.000000
	outer loop
		vertex -19.645174 1.257540 2.211532
		vertex -19.645174 1.257540 2.211532
		vertex -19.634394 1.411699 -0.737177
	endloop
endfacet
facet normal 0.997565 -0.069748 0.000001
	outer loop
		vertex -19.645384 1.254533 1.472172
		vertex -19.645174 1.257540 2.211532
		vertex -19.634394 1.411699 -0.737177
	endloop
endfacet
facet normal 0.997564 -0.069757 -0.000000
	outer loop
		vertex -19.645643 1.250824 0.560216
		vertex -19.645384 1.254533 1.472172
		vertex -19.634394 1.411699 -0.737177
	endloop
endfacet
facet normal 0.997564 -0.069751 0.000001
	outer loop
		vertex -19.645294 1.255809 -0.069116
		vertex -19.645643 1.250824 0.560216
		vertex -19.634394 1.411699 -0.737177
	endloop
endfacet
facet normal 0.997563 -0.069774 -0.000005
	outer loop
		vertex -19.642263 1.299172 -0.542558
		vertex -19.645294 1.255809 -0.069116
		vertex -19.634394 1.411699 -0.737177
	endloop
endfacet
facet normal 0.997566 -0.069736 0.000017
	outer loop
		vertex -19.639822 1.334063 -0.675970
		vertex -19.642263 1.299172 -0.542558
		vertex -19.634394 1.411699 -0.737177
	endloop
endfacet
facet normal 0.034380 -0.635634 0.771224
	outer loop
		vertex 2.451155 0.221425 -0.952187
		vertex -0.003593 0.051386 -0.982903
		vertex 2.440280 0.376950 -0.823521
	endloop
endfacet
facet normal 0.034380 -0.635634 0.771224
	outer loop
		vertex -0.003593 0.051386 -0.982903
		vertex -0.014819 0.211928 -0.850086
		vertex 2.440280 0.376950 -0.823521
	endloop
endfacet
facet normal 0.061242 -0.956851 0.284052
	outer loop
		vertex 2.440280 0.376950 -0.823521
		vertex -0.014819 0.211928 -0.850086
		vertex 2.434210 0.463754 -0.529808
	endloop
endfacet
facet normal 0.061242 -0.956851 0.284052
	outer loop
		vertex -0.014819 0.211928 -0.850086
		vertex -0.021085 0.301532 -0.546899
		vertex 2.434210 0.463754 -0.529808
	endloop
endfacet
facet normal 0.065707 -0.997448 0.027927
	outer loop
		vertex 2.434210 0.463754 -0.529808
		vertex -0.021085 0.301532 -0.546899
		vertex 2.433187 0.478381 -0.004967
	endloop
endfacet
facet normal 0.065707 -0.997448 0.027927
	outer loop
		vertex -0.021085 0.301532 -0.546899
		vertex -0.022141 0.316631 -0.005128
		vertex 2.433187 0.478381 -0.004967
	endloop
endfacet
facet normal 0.065461 -0.993586 -0.092207
	outer loop
		vertex 2.433187 0.478381 -0.004967
		vertex -0.022141 0.316631 -0.005128
		vertex 2.438028 0.409158 0.744391
	endloop
endfacet
facet normal 0.065461 -0.993586 -0.092207
	outer loop
		vertex -0.022141 0.316631 -0.005128
		vertex -0.017144 0.245175 0.768404
		vertex 2.438028 0.409158 0.744391
	endloop
endfacet
facet normal 0.063788 -0.981489 -0.180582
	outer loop
		vertex 2.438028 0.409158 0.744391
		vertex -0.017144 0.245175 0.768404
		vertex 2.452967 0.195514 1.910859
	endloop
endfacet
facet normal 0.063788 -0.981489 -0.180582
	outer loop
		vertex -0.017144 0.245175 0.768404
		vertex -0.001723 0.024639 1.972500
		vertex 2.452967 0.195514 1.910859
	endloop
endfacet
facet normal 0.063788 -0.981489 -0.180582
	outer loop
		vertex 2.452967 0.195514 1.910859
		vertex -0.001723 0.024639 1.972500
		vertex 2.465079 0.022303 2.856562
	endloop
endfacet
facet normal 0.063788 -0.981489 -0.180582
	outer loop
		vertex -0.001723 0.024639 1.972500
		vertex 0.010780 -0.154159 2.948709
		vertex 2.465079 0.022303 2.856562
	endloop
endfacet
facet normal 0.000000 1.000000 0.000000
	outer loop
		vertex 2.465079 0.022303 2.856562
		vertex 0.010780 -0.154159 2.948709
		vertex 2.465079 0.022303 2.856562
	endloop
endfacet
facet normal 0.000000 1.000000 0.000000
	outer loop
		vertex 0.010780 -0.154159 2.948709
		vertex 0.010780 -0.154159 2.948709
		vertex 2.465079 0.022303 2.856562
	endloop
endfacet
facet normal -0.071866 0.997406 -0.004077
	outer loop
		vertex 2.465079 0.022303 2.856562
		vertex 0.010780 -0.154159 2.948709
		vertex 2.465351 0.018419 1.901555
	endloop
endfacet
facet normal -0.071866 0.997406 -0.004077
	outer loop
		vertex 0.010780 -0.154159 2.948709
		vertex 0.011060 -0.158168 1.962896
		vertex 2.465351 0.018419 1.901555
	endloop
endfacet
facet normal -0.071866 0.997406 -0.004077
	outer loop
		vertex 2.465351 0.018419 1.901555
		vertex 0.011060 -0.158168 1.962896
		vertex 2.465686 0.013629 0.723612
	endloop
endfacet
facet normal -0.071866 0.997406 -0.004077
	outer loop
		vertex 0.011060 -0.158168 1.962896
		vertex 0.011406 -0.163114 0.746954
		vertex 2.465686 0.013629 0.723612
	endloop
endfacet
facet normal -0.071750 0.997391 0.007941
	outer loop
		vertex 2.465686 0.013629 0.723612
		vertex 0.011406 -0.163114 0.746954
		vertex 2.465235 0.020068 -0.089274
	endloop
endfacet
facet normal -0.071750 0.997391 0.007941
	outer loop
		vertex 0.011406 -0.163114 0.746954
		vertex 0.010941 -0.156467 -0.092154
		vertex 2.465235 0.020068 -0.089274
	endloop
endfacet
facet normal -0.071550 0.993238 0.091429
	outer loop
		vertex 2.465235 0.020068 -0.089274
		vertex 0.010941 -0.156467 -0.092154
		vertex 2.461319 0.076078 -0.700804
	endloop
endfacet
facet normal -0.071550 0.993238 0.091429
	outer loop
		vertex 0.010941 -0.156467 -0.092154
		vertex 0.006898 -0.098650 -0.723411
		vertex 2.461319 0.076078 -0.700804
	endloop
endfacet
facet normal -0.071012 0.964700 0.253596
	outer loop
		vertex 2.461319 0.076078 -0.700804
		vertex 0.006898 -0.098650 -0.723411
		vertex 2.458167 0.121145 -0.873127
	endloop
endfacet
facet normal -0.071012 0.964700 0.253596
	outer loop
		vertex 0.006898 -0.098650 -0.723411
		vertex 0.003645 -0.052129 -0.901293
		vertex 2.458167 0.121145 -0.873127
	endloop
endfacet
facet normal -0.052505 0.615999 0.785995
	outer loop
		vertex 2.458167 0.121145 -0.873127
		vertex 0.003645 -0.052129 -0.901293
		vertex 2.451155 0.221425 -0.952187
	endloop
endfacet
facet normal -0.052505 0.616000 0.785995
	outer loop
		vertex 0.003645 -0.052129 -0.901293
		vertex -0.003593 0.051386 -0.982903
		vertex 2.451155 0.221425 -0.952187
	endloop
endfacet
facet normal 0.997564 0.069756 0.000000
	outer loop
		vertex -0.003593 0.051386 -0.982903
		vertex 0.003645 -0.052129 -0.901293
		vertex 0.006898 -0.098650 -0.723411
	endloop
endfacet
facet normal 0.997564 0.069756 0.000000
	outer loop
		vertex -0.003593 0.051386 -0.982903
		vertex 0.006898 -0.098650 -0.723411
		vertex 0.010941 -0.156467 -0.092154
	endloop
endfacet
facet normal 0.997564 0.069756 -0.000000
	outer loop
		vertex -0.003593 0.051386 -0.982903
		vertex 0.010941 -0.156467 -0.092154
		vertex 0.011406 -0.163114 0.746954
	endloop
endfacet
facet normal 0.997564 0.069756 0.000000
	outer loop
		vertex -0.003593 0.051386 -0.982903
		vertex 0.011406 -0.163114 0.746954
		vertex 0.011060 -0.158168 1.962896
	endloop
endfacet
facet normal 0.997564 0.069757 0.000000
	outer loop
		vertex -0.003593 0.051386 -0.982903
		vertex 0.011060 -0.158168 1.962896
		vertex 0.010780 -0.154159 2.948709
	endloop
endfacet
facet normal 0.000000 1.000000 0.000000
	outer loop
		vertex -0.003593 0.051386 -0.982903
		vertex 0.010780 -0.154159 2.948709
		vertex 0.010780 -0.154159 2.948709
	endloop
endfacet
facet normal 0.997564 0.069756 0.000000
	outer loop
		vertex -0.003593 0.051386 -0.982903
		vertex 0.010780 -0.154159 2.948709
		vertex -0.001723 0.024639 1.972500
	endloop
endfacet
facet normal 0.997564 0.069756 -0.000000
	outer loop
		vertex -0.003593 0.051386 -0.982903
		vertex -0.001723 0.024639 1.972500
		vertex -0.017144 0.245175 0.768404
	endloop
endfacet
facet normal 0.997564 0.069756 -0.000000
	outer loop
		vertex -0.003593 0.051386 -0.982903
		vertex -0.017144 0.245175 0.768404
		vertex -0.022141 0.316631 -0.005128
	endloop
endfacet
facet normal 0.997564 0.069756 0.000000
	outer loop
		vertex -0.003593 0.051386 -0.982903
		vertex -0.022141 0.316631 -0.005128
		vertex -0.021085 0.301532 -0.546899
	endloop
endfacet
facet normal 0.997564 0.069756 0.000000
	outer loop
		vertex -0.003593 0.051386 -0.982903
		vertex -0.021085 0.301532 -0.546899
		vertex -0.014819 0.211928 -0.850086
	endloop
endfacet
facet normal 0.034380 -0.635634 0.771224
	outer loop
		vertex 4.905903 0.391464 -0.921472
		vertex 2.451155 0.221425 -0.952187
		vertex 4.895379 0.541973 -0.796955
	endloop
endfacet
facet normal 0.034380 -0.635634 0.771224
	outer loop
		vertex 2.451155 0.221425 -0.952187
		vertex 2.440280 0.376950 -0.823521
		vertex 4.895379 0.541973 -0.796955
	endloop
endfacet
facet normal 0.061242 -0.956851 0.284052
	outer loop
		vertex 4.895379 0.541973 -0.796955
		vertex 2.440280 0.376950 -0.823521
		vertex 4.889505 0.625976 -0.512717
	endloop
endfacet
facet normal 0.061242 -0.956851 0.284052
	outer loop
		vertex 2.440280 0.376950 -0.823521
		vertex 2.434210 0.463754 -0.529808
		vertex 4.889505 0.625976 -0.512717
	endloop
endfacet
facet normal 0.065707 -0.997448 0.027927
	outer loop
		vertex 4.889505 0.625976 -0.512717
		vertex 2.434210 0.463754 -0.529808
		vertex 4.888515 0.640131 -0.004807
	endloop
endfacet
facet normal 0.065707 -0.997448 0.027927
	outer loop
		vertex 2.434210 0.463754 -0.529808
		vertex 2.433187 0.478381 -0.004967
		vertex 4.888515 0.640131 -0.004807
	endloop
endfacet
facet normal 0.065461 -0.993586 -0.092207
	outer loop
		vertex 4.888515 0.640131 -0.004807
		vertex 2.433187 0.478381 -0.004967
		vertex 4.893199 0.573141 0.720379
	endloop
endfacet
facet normal 0.065461 -0.993586 -0.092207
	outer loop
		vertex 2.433187 0.478381 -0.004967
		vertex 2.438028 0.409158 0.744391
		vertex 4.893199 0.573141 0.720379
	endloop
endfacet
facet normal 0.063788 -0.981489 -0.180582
	outer loop
		vertex 4.893199 0.573141 0.720379
		vertex 2.438028 0.409158 0.744391
		vertex 4.905313 0.399913 1.666179
	endloop
endfacet
facet normal 0.063788 -0.981489 -0.180582
	outer loop
		vertex 2.438028 0.409158 0.744391
		vertex 2.450545 0.230156 1.721719
		vertex 4.905313 0.399913 1.666179
	endloop
endfacet
facet normal -0.026089 0.050626 -0.998377
	outer loop
		vertex 4.905313 0.399913 1.666179
		vertex 2.450545 0.230156 1.721719
		vertex 4.919693 0.194255 1.655375
	endloop
endfacet
facet normal -0.026089 0.050626 -0.998377
	outer loop
		vertex 2.450545 0.230156 1.721719
		vertex 2.465405 0.017643 1.710554
		vertex 4.919693 0.194255 1.655375
	endloop
endfacet
facet normal -0.071866 0.997406 -0.004077
	outer loop
		vertex 4.919693 0.194255 1.655375
		vertex 2.465405 0.017643 1.710554
		vertex 4.919965 0.190371 0.700270
	endloop
endfacet
facet normal -0.071866 0.997406 -0.004077
	outer loop
		vertex 2.465405 0.017643 1.710554
		vertex 2.465686 0.013629 0.723612
		vertex 4.919965 0.190371 0.700270
	endloop
endfacet
facet normal -0.071750 0.997391 0.007941
	outer loop
		vertex 4.919965 0.190371 0.700270
		vertex 2.465686 0.013629 0.723612
		vertex 4.919529 0.196602 -0.086394
	endloop
endfacet
facet normal -0.071750 0.997391 0.007941
	outer loop
		vertex 2.465686 0.013629 0.723612
		vertex 2.465235 0.020068 -0.089274
		vertex 4.919529 0.196602 -0.086394
	endloop
endfacet
facet normal -0.071550 0.993238 0.091429
	outer loop
		vertex 4.919529 0.196602 -0.086394
		vertex 2.465235 0.020068 -0.089274
		vertex 4.915740 0.250805 -0.678198
	endloop
endfacet
facet normal -0.071550 0.993238 0.091429
	outer loop
		vertex 2.465235 0.020068 -0.089274
		vertex 2.461319 0.076078 -0.700804
		vertex 4.915740 0.250805 -0.678198
	endloop
endfacet
facet normal -0.071012 0.964700 0.253596
	outer loop
		vertex 4.915740 0.250805 -0.678198
		vertex 2.461319 0.076078 -0.700804
		vertex 4.912690 0.294419 -0.844962
	endloop
endfacet
facet normal -0.071012 0.964700 0.253596
	outer loop
		vertex 2.461319 0.076078 -0.700804
		vertex 2.458167 0.121145 -0.873127
		vertex 4.912690 0.294419 -0.844962
	endloop
endfacet
facet normal -0.052505 0.616000 0.785995
	outer loop
		vertex 4.912690 0.294419 -0.844962
		vertex 2.458167 0.121145 -0.873127
		vertex 4.905903 0.391464 -0.921472
	endloop
endfacet
facet normal -0.052505 0.615999 0.785995
	outer loop
		vertex 2.458167 0.121145 -0.873127
		vertex 2.451155 0.221425 -0.952187
		vertex 4.905903 0.391464 -0.921472
	endloop
endfacet
facet normal 0.062425 -0.974023 -0.217674
	outer loop
		vertex 4.905419 0.399642 1.670076
		vertex 2.450655 0.229875 1.725746
		vertex 4.922212 0.157166 2.759894
	endloop
endfacet
facet normal 0.062425 -0.974023 -0.217674
	outer loop
		vertex 2.450655 0.229875 1.725746
		vertex 2.468007 -0.020683 2.851891
		vertex 4.922212 0.157166 2.759894
	endloop
endfacet
facet normal 0.000000 1.000000 0.000000
	outer loop
		vertex 4.922212 0.157166 2.759894
		vertex 2.468007 -0.020683 2.851891
		vertex 4.922212 0.157166 2.759894
	endloop
endfacet
facet normal 0.000000 1.000000 0.000000
	outer loop
		vertex 2.468007 -0.020683 2.851891
		vertex 2.468007 -0.020683 2.851891
		vertex 4.922212 0.157166 2.759894
	endloop
endfacet
facet normal -0.070977 0.996906 0.033770
	outer loop
		vertex 4.922212 0.157166 2.759894
		vertex 2.468007 -0.020683 2.851891
		vertex 4.919586 0.194527 1.651478
	endloop
endfacet
facet normal -0.070977 0.996906 0.033770
	outer loop
		vertex 2.468007 -0.020683 2.851891
		vertex 2.465294 0.017923 1.706527
		vertex 4.919586 0.194527 1.651478
	endloop
endfacet
facet normal 0.028687 -0.088301 0.995681
	outer loop
		vertex 4.919586 0.194527 1.651478
		vertex 2.465294 0.017923 1.706527
		vertex 4.905419 0.399642 1.670076
	endloop
endfacet
facet normal 0.028687 -0.088302 0.995681
	outer loop
		vertex 2.465294 0.017923 1.706527
		vertex 2.450655 0.229875 1.725746
		vertex 4.905419 0.399642 1.670076
	endloop
endfacet
facet normal 0.034380 -0.635634 0.771225
	outer loop
		vertex 7.360652 0.561503 -0.890756
		vertex 4.905903 0.391464 -0.921472
		vertex 7.350478 0.706995 -0.770390
	endloop
endfacet
facet normal 0.034380 -0.635634 0.771224
	outer loop
		vertex 4.905903 0.391464 -0.921472
		vertex 4.895379 0.541973 -0.796955
		vertex 7.350478 0.706995 -0.770390
	endloop
endfacet
facet normal 0.061242 -0.956851 0.284052
	outer loop
		vertex 7.350478 0.706995 -0.770390
		vertex 4.895379 0.541973 -0.796955
		vertex 7.344800 0.788198 -0.495627
	endloop
endfacet
facet normal 0.061242 -0.956851 0.284052
	outer loop
		vertex 4.895379 0.541973 -0.796955
		vertex 4.889505 0.625976 -0.512717
		vertex 7.344800 0.788198 -0.495627
	endloop
endfacet
facet normal 0.065707 -0.997448 0.027927
	outer loop
		vertex 7.344800 0.788198 -0.495627
		vertex 4.889505 0.625976 -0.512717
		vertex 7.343843 0.801881 -0.004647
	endloop
endfacet
facet normal 0.065707 -0.997448 0.027927
	outer loop
		vertex 4.889505 0.625976 -0.512717
		vertex 4.888515 0.640131 -0.004807
		vertex 7.343843 0.801881 -0.004647
	endloop
endfacet
facet normal 0.065461 -0.993586 -0.092207
	outer loop
		vertex 7.343843 0.801881 -0.004647
		vertex 4.888515 0.640131 -0.004807
		vertex 7.348372 0.737124 0.696366
	endloop
endfacet
facet normal 0.065461 -0.993586 -0.092207
	outer loop
		vertex 4.888515 0.640131 -0.004807
		vertex 4.893199 0.573141 0.720379
		vertex 7.348372 0.737124 0.696366
	endloop
endfacet
facet normal 0.063788 -0.981489 -0.180582
	outer loop
		vertex 7.348372 0.737124 0.696366
		vertex 4.893199 0.573141 0.720379
		vertex 7.360081 0.569671 1.610640
	endloop
endfacet
facet normal 0.063788 -0.981489 -0.180582
	outer loop
		vertex 4.893199 0.573141 0.720379
		vertex 4.905313 0.399913 1.666179
		vertex 7.360081 0.569671 1.610640
	endloop
endfacet
facet normal -0.026089 0.050626 -0.998377
	outer loop
		vertex 7.360081 0.569671 1.610640
		vertex 4.905313 0.399913 1.666179
		vertex 7.373982 0.370868 1.600196
	endloop
endfacet
facet normal -0.026089 0.050626 -0.998377
	outer loop
		vertex 4.905313 0.399913 1.666179
		vertex 4.919693 0.194255 1.655375
		vertex 7.373982 0.370868 1.600196
	endloop
endfacet
facet normal -0.071866 0.997406 -0.004077
	outer loop
		vertex 7.373982 0.370868 1.600196
		vertex 4.919693 0.194255 1.655375
		vertex 7.374245 0.367113 0.676927
	endloop
endfacet
facet normal -0.071866 0.997406 -0.004077
	outer loop
		vertex 4.919693 0.194255 1.655375
		vertex 4.919965 0.190371 0.700270
		vertex 7.374245 0.367113 0.676927
	endloop
endfacet
facet normal -0.071750 0.997391 0.007941
	outer loop
		vertex 7.374245 0.367113 0.676927
		vertex 4.919965 0.190371 0.700270
		vertex 7.373824 0.373137 -0.083515
	endloop
endfacet
facet normal -0.071750 0.997391 0.007941
	outer loop
		vertex 4.919965 0.190371 0.700270
		vertex 4.919529 0.196602 -0.086394
		vertex 7.373824 0.373137 -0.083515
	endloop
endfacet
facet normal -0.071550 0.993238 0.091429
	outer loop
		vertex 7.373824 0.373137 -0.083515
		vertex 4.919529 0.196602 -0.086394
		vertex 7.370160 0.425533 -0.655591
	endloop
endfacet
facet normal -0.071550 0.993238 0.091429
	outer loop
		vertex 4.919529 0.196602 -0.086394
		vertex 4.915740 0.250805 -0.678198
		vertex 7.370160 0.425533 -0.655591
	endloop
endfacet
facet normal -0.071012 0.964700 0.253596
	outer loop
		vertex 7.370160 0.425533 -0.655591
		vertex 4.915740 0.250805 -0.678198
		vertex 7.367212 0.467693 -0.816797
	endloop
endfacet
facet normal -0.071012 0.964700 0.253596
	outer loop
		vertex 4.915740 0.250805 -0.678198
		vertex 4.912690 0.294419 -0.844962
		vertex 7.367212 0.467693 -0.816797
	endloop
endfacet
facet normal -0.052505 0.616000 0.785995
	outer loop
		vertex 7.367212 0.467693 -0.816797
		vertex 4.912690 0.294419 -0.844962
		vertex 7.360652 0.561503 -0.890756
	endloop
endfacet
facet normal -0.052505 0.616000 0.785995
	outer loop
		vertex 4.912690 0.294419 -0.844962
		vertex 4.905903 0.391464 -0.921472
		vertex 7.360652 0.561503 -0.890756
	endloop
endfacet
facet normal 0.062425 -0.974023 -0.217674
	outer loop
		vertex 7.360184 0.569408 1.614407
		vertex 4.905420 0.399642 1.670076
		vertex 7.376417 0.335015 2.667898
	endloop
endfacet
facet normal 0.062425 -0.974023 -0.217674
	outer loop
		vertex 4.905420 0.399642 1.670076
		vertex 4.922212 0.157166 2.759894
		vertex 7.376417 0.335015 2.667898
	endloop
endfacet
facet normal 0.000000 1.000000 0.000000
	outer loop
		vertex 7.376417 0.335015 2.667898
		vertex 4.922212 0.157166 2.759894
		vertex 7.376417 0.335015 2.667898
	endloop
endfacet
facet normal 0.000000 1.000000 0.000000
	outer loop
		vertex 4.922212 0.157166 2.759894
		vertex 4.922212 0.157166 2.759894
		vertex 7.376417 0.335015 2.667898
	endloop
endfacet
facet normal -0.070977 0.996906 0.033770
	outer loop
		vertex 7.376417 0.335015 2.667898
		vertex 4.922212 0.157166 2.759894
		vertex 7.373879 0.371130 1.596428
	endloop
endfacet
facet normal -0.070977 0.996906 0.033770
	outer loop
		vertex 4.922212 0.157166 2.759894
		vertex 4.919586 0.194527 1.651478
		vertex 7.373879 0.371130 1.596428
	endloop
endfacet
facet normal 0.028687 -0.088302 0.995681
	outer loop
		vertex 7.373879 0.371130 1.596428
		vertex 4.919586 0.194527 1.651478
		vertex 7.360184 0.569408 1.614407
	endloop
endfacet
facet normal 0.028687 -0.088302 0.995681
	outer loop
		vertex 4.919586 0.194527 1.651478
		vertex 4.905420 0.399642 1.670076
		vertex 7.360184 0.569408 1.614407
	endloop
endfacet
facet normal 0.034380 -0.635634 0.771225
	outer loop
		vertex 9.815400 0.731543 -0.860040
		vertex 7.360652 0.561503 -0.890756
		vertex 9.805577 0.872017 -0.743825
	endloop
endfacet
facet normal 0.034380 -0.635634 0.771225
	outer loop
		vertex 7.360652 0.561503 -0.890756
		vertex 7.350478 0.706995 -0.770390
		vertex 9.805577 0.872017 -0.743825
	endloop
endfacet
facet normal 0.061242 -0.956851 0.284052
	outer loop
		vertex 9.805577 0.872017 -0.743825
		vertex 7.350478 0.706995 -0.770390
		vertex 9.800095 0.950420 -0.478536
	endloop
endfacet
facet normal 0.061242 -0.956851 0.284052
	outer loop
		vertex 7.350478 0.706995 -0.770390
		vertex 7.344800 0.788198 -0.495627
		vertex 9.800095 0.950420 -0.478536
	endloop
endfacet
facet normal 0.065707 -0.997448 0.027927
	outer loop
		vertex 9.800095 0.950420 -0.478536
		vertex 7.344800 0.788198 -0.495627
		vertex 9.799171 0.963632 -0.004487
	endloop
endfacet
facet normal 0.065707 -0.997448 0.027927
	outer loop
		vertex 7.344800 0.788198 -0.495627
		vertex 7.343843 0.801881 -0.004647
		vertex 9.799171 0.963632 -0.004487
	endloop
endfacet
facet normal 0.065461 -0.993586 -0.092207
	outer loop
		vertex 9.799171 0.963632 -0.004487
		vertex 7.343843 0.801881 -0.004647
		vertex 9.803543 0.901108 0.672354
	endloop
endfacet
facet normal 0.065461 -0.993586 -0.092207
	outer loop
		vertex 7.343843 0.801881 -0.004647
		vertex 7.348372 0.737124 0.696366
		vertex 9.803543 0.901108 0.672354
	endloop
endfacet
facet normal 0.063788 -0.981489 -0.180582
	outer loop
		vertex 9.803543 0.901108 0.672354
		vertex 7.348372 0.737124 0.696366
		vertex 9.814849 0.739428 1.555101
	endloop
endfacet
facet normal 0.063788 -0.981489 -0.180582
	outer loop
		vertex 7.348372 0.737124 0.696366
		vertex 7.360081 0.569671 1.610640
		vertex 9.814849 0.739428 1.555101
	endloop
endfacet
facet normal -0.026089 0.050626 -0.998377
	outer loop
		vertex 9.814849 0.739428 1.555101
		vertex 7.360081 0.569671 1.610640
		vertex 9.828271 0.547481 1.545016
	endloop
endfacet
facet normal -0.026089 0.050626 -0.998377
	outer loop
		vertex 7.360081 0.569671 1.610640
		vertex 7.373982 0.370868 1.600196
		vertex 9.828271 0.547481 1.545016
	endloop
endfacet
facet normal -0.071866 0.997406 -0.004077
	outer loop
		vertex 9.828271 0.547481 1.545016
		vertex 7.373982 0.370868 1.600196
		vertex 9.828525 0.543855 0.653585
	endloop
endfacet
facet normal -0.071866 0.997406 -0.004077
	outer loop
		vertex 7.373982 0.370868 1.600196
		vertex 7.374245 0.367113 0.676927
		vertex 9.828525 0.543855 0.653585
	endloop
endfacet
facet normal -0.071750 0.997391 0.007941
	outer loop
		vertex 9.828525 0.543855 0.653585
		vertex 7.374245 0.367113 0.676927
		vertex 9.828118 0.549671 -0.080635
	endloop
endfacet
facet normal -0.071750 0.997391 0.007941
	outer loop
		vertex 7.374245 0.367113 0.676927
		vertex 7.373824 0.373137 -0.083515
		vertex 9.828118 0.549671 -0.080635
	endloop
endfacet
facet normal -0.071550 0.993238 0.091429
	outer loop
		vertex 9.828118 0.549671 -0.080635
		vertex 7.373824 0.373137 -0.083515
		vertex 9.824580 0.600261 -0.632985
	endloop
endfacet
facet normal -0.071550 0.993238 0.091429
	outer loop
		vertex 7.373824 0.373137 -0.083515
		vertex 7.370160 0.425533 -0.655591
		vertex 9.824580 0.600261 -0.632985
	endloop
endfacet
facet normal -0.071012 0.964700 0.253597
	outer loop
		vertex 9.824580 0.600261 -0.632985
		vertex 7.370160 0.425533 -0.655591
		vertex 9.821733 0.640967 -0.788631
	endloop
endfacet
facet normal -0.071012 0.964700 0.253596
	outer loop
		vertex 7.370160 0.425533 -0.655591
		vertex 7.367212 0.467693 -0.816797
		vertex 9.821733 0.640967 -0.788631
	endloop
endfacet
facet normal -0.052505 0.616000 0.785994
	outer loop
		vertex 9.821733 0.640967 -0.788631
		vertex 7.367212 0.467693 -0.816797
		vertex 9.815400 0.731543 -0.860040
	endloop
endfacet
facet normal -0.052505 0.616000 0.785995
	outer loop
		vertex 7.367212 0.467693 -0.816797
		vertex 7.360652 0.561503 -0.890756
		vertex 9.815400 0.731543 -0.860040
	endloop
endfacet
facet normal 0.062425 -0.974023 -0.217674
	outer loop
		vertex 9.814949 0.739175 1.558738
		vertex 7.360184 0.569408 1.614407
		vertex 9.830622 0.512864 2.575902
	endloop
endfacet
facet normal 0.062425 -0.974023 -0.217674
	outer loop
		vertex 7.360184 0.569408 1.614407
		vertex 7.376417 0.335015 2.667898
		vertex 9.830622 0.512864 2.575902
	endloop
endfacet
facet normal 0.000000 1.000000 0.000000
	outer loop
		vertex 9.830622 0.512864 2.575902
		vertex 7.376417 0.335015 2.667898
		vertex 9.830622 0.512864 2.575902
	endloop
endfacet
facet normal 0.000000 1.000000 0.000000
	outer loop
		vertex 7.376417 0.335015 2.667898
		vertex 7.376417 0.335015 2.667898
		vertex 9.830622 0.512864 2.575902
	endloop
endfacet
facet normal -0.070977 0.996906 0.033770
	outer loop
		vertex 9.830622 0.512864 2.575902
		vertex 7.376417 0.335015 2.667898
		vertex 9.828171 0.547734 1.541379
	endloop
endfacet
facet normal -0.070977 0.996906 0.033770
	outer loop
		vertex 7.376417 0.335015 2.667898
		vertex 7.373879 0.371130 1.596428
		vertex 9.828171 0.547734 1.541379
	endloop
endfacet
facet normal 0.028687 -0.088302 0.995681
	outer loop
		vertex 9.828171 0.547734 1.541379
		vertex 7.373879 0.371130 1.596428
		vertex 9.814949 0.739175 1.558738
	endloop
endfacet
facet normal 0.028687 -0.088302 0.995681
	outer loop
		vertex 7.373879 0.371130 1.596428
		vertex 7.360184 0.569408 1.614407
		vertex 9.814949 0.739175 1.558738
	endloop
endfacet
facet normal 0.034380 -0.635634 0.771224
	outer loop
		vertex 12.270149 0.901582 -0.829324
		vertex 9.815400 0.731543 -0.860040
		vertex 12.260677 1.037039 -0.717260
	endloop
endfacet
facet normal 0.034380 -0.635634 0.771225
	outer loop
		vertex 9.815400 0.731543 -0.860040
		vertex 9.805577 0.872017 -0.743825
		vertex 12.260677 1.037039 -0.717260
	endloop
endfacet
facet normal 0.061242 -0.956851 0.284053
	outer loop
		vertex 12.260677 1.037039 -0.717260
		vertex 9.805577 0.872017 -0.743825
		vertex 12.255390 1.112642 -0.461446
	endloop
endfacet
facet normal 0.061242 -0.956851 0.284052
	outer loop
		vertex 9.805577 0.872017 -0.743825
		vertex 9.800095 0.950420 -0.478536
		vertex 12.255390 1.112642 -0.461446
	endloop
endfacet
facet normal 0.065707 -0.997448 0.027927
	outer loop
		vertex 12.255390 1.112642 -0.461446
		vertex 9.800095 0.950420 -0.478536
		vertex 12.254499 1.125382 -0.004326
	endloop
endfacet
facet normal 0.065707 -0.997448 0.027927
	outer loop
		vertex 9.800095 0.950420 -0.478536
		vertex 9.799171 0.963632 -0.004487
		vertex 12.254499 1.125382 -0.004326
	endloop
endfacet
facet normal 0.065461 -0.993586 -0.092207
	outer loop
		vertex 12.254499 1.125382 -0.004326
		vertex 9.799171 0.963632 -0.004487
		vertex 12.258716 1.065091 0.648341
	endloop
endfacet
facet normal 0.065461 -0.993586 -0.092207
	outer loop
		vertex 9.799171 0.963632 -0.004487
		vertex 9.803543 0.901108 0.672354
		vertex 12.258716 1.065091 0.648341
	endloop
endfacet
facet normal 0.063788 -0.981489 -0.180582
	outer loop
		vertex 12.258716 1.065091 0.648341
		vertex 9.803543 0.901108 0.672354
		vertex 12.269617 0.909186 1.499561
	endloop
endfacet
facet normal 0.063788 -0.981489 -0.180582
	outer loop
		vertex 9.803543 0.901108 0.672354
		vertex 9.814849 0.739428 1.555101
		vertex 12.269617 0.909186 1.499561
	endloop
endfacet
facet normal -0.026089 0.050626 -0.998377
	outer loop
		vertex 12.269617 0.909186 1.499561
		vertex 9.814849 0.739428 1.555101
		vertex 12.282560 0.724093 1.489837
	endloop
endfacet
facet normal -0.026089 0.050626 -0.998377
	outer loop
		vertex 9.814849 0.739428 1.555101
		vertex 9.828271 0.547481 1.545016
		vertex 12.282560 0.724093 1.489837
	endloop
endfacet
facet normal -0.071866 0.997406 -0.004077
	outer loop
		vertex 12.282560 0.724093 1.489837
		vertex 9.828271 0.547481 1.545016
		vertex 12.282804 0.720597 0.630243
	endloop
endfacet
facet normal -0.071866 0.997406 -0.004077
	outer loop
		vertex 9.828271 0.547481 1.545016
		vertex 9.828525 0.543855 0.653585
		vertex 12.282804 0.720597 0.630243
	endloop
endfacet
facet normal -0.071750 0.997391 0.007941
	outer loop
		vertex 12.282804 0.720597 0.630243
		vertex 9.828525 0.543855 0.653585
		vertex 12.282413 0.726206 -0.077755
	endloop
endfacet
facet normal -0.071750 0.997391 0.007941
	outer loop
		vertex 9.828525 0.543855 0.653585
		vertex 9.828118 0.549671 -0.080635
		vertex 12.282413 0.726206 -0.077755
	endloop
endfacet
facet normal -0.071550 0.993238 0.091429
	outer loop
		vertex 12.282413 0.726206 -0.077755
		vertex 9.828118 0.549671 -0.080635
		vertex 12.279001 0.774989 -0.610378
	endloop
endfacet
facet normal -0.071550 0.993238 0.091429
	outer loop
		vertex 9.828118 0.549671 -0.080635
		vertex 9.824580 0.600261 -0.632985
		vertex 12.279001 0.774989 -0.610378
	endloop
endfacet
facet normal -0.071012 0.964700 0.253596
	outer loop
		vertex 12.279001 0.774989 -0.610378
		vertex 9.824580 0.600261 -0.632985
		vertex 12.276257 0.814241 -0.760466
	endloop
endfacet
facet normal -0.071012 0.964700 0.253597
	outer loop
		vertex 9.824580 0.600261 -0.632985
		vertex 9.821733 0.640967 -0.788631
		vertex 12.276257 0.814241 -0.760466
	endloop
endfacet
facet normal -0.052505 0.616000 0.785995
	outer loop
		vertex 12.276257 0.814241 -0.760466
		vertex 9.821733 0.640967 -0.788631
		vertex 12.270149 0.901582 -0.829324
	endloop
endfacet
facet normal -0.052505 0.616000 0.785994
	outer loop
		vertex 9.821733 0.640967 -0.788631
		vertex 9.815400 0.731543 -0.860040
		vertex 12.270149 0.901582 -0.829324
	endloop
endfacet
facet normal 0.072219 -0.972568 0.221124
	outer loop
		vertex 12.269182 0.903563 1.462654
		vertex 9.814397 0.733597 1.516826
		vertex 12.253241 1.125206 2.442711
	endloop
endfacet
facet normal 0.072219 -0.972568 0.221123
	outer loop
		vertex 9.814397 0.733597 1.516826
		vertex 9.797866 0.963449 2.533182
		vertex 12.253241 1.125206 2.442711
	endloop
endfacet
facet normal 0.000000 1.000000 0.000000
	outer loop
		vertex 12.253241 1.125206 2.442711
		vertex 9.797866 0.963449 2.533182
		vertex 12.253241 1.125206 2.442711
	endloop
endfacet
facet normal 0.000000 1.000000 0.000000
	outer loop
		vertex 9.797866 0.963449 2.533182
		vertex 9.797866 0.963449 2.533182
		vertex 12.253241 1.125206 2.442711
	endloop
endfacet
facet normal -0.074894 0.914611 -0.397337
	outer loop
		vertex 12.253241 1.125206 2.442711
		vertex 9.797866 0.963449 2.533182
		vertex 12.282995 0.729716 1.526745
	endloop
endfacet
facet normal -0.074894 0.914611 -0.397337
	outer loop
		vertex 9.797866 0.963449 2.533182
		vertex 9.828723 0.553311 1.583291
		vertex 12.282995 0.729716 1.526745
	endloop
endfacet
facet normal -0.003227 0.345677 0.938348
	outer loop
		vertex 12.282995 0.729716 1.526745
		vertex 9.828723 0.553311 1.583291
		vertex 12.269182 0.903563 1.462654
	endloop
endfacet
facet normal -0.003227 0.345676 0.938348
	outer loop
		vertex 9.828723 0.553311 1.583291
		vertex 9.814397 0.733597 1.516826
		vertex 12.269182 0.903563 1.462654
	endloop
endfacet
facet normal 0.034380 -0.635634 0.771225
	outer loop
		vertex 14.724897 1.071621 -0.798609
		vertex 12.270149 0.901582 -0.829324
		vertex 14.715775 1.202061 -0.690695
	endloop
endfacet
facet normal 0.034380 -0.635634 0.771224
	outer loop
		vertex 12.270149 0.901582 -0.829324
		vertex 12.260677 1.037039 -0.717260
		vertex 14.715775 1.202061 -0.690695
	endloop
endfacet
facet normal 0.061242 -0.956851 0.284052
	outer loop
		vertex 14.715775 1.202061 -0.690695
		vertex 12.260677 1.037039 -0.717260
		vertex 14.710685 1.274864 -0.444355
	endloop
endfacet
facet normal 0.061242 -0.956851 0.284053
	outer loop
		vertex 12.260677 1.037039 -0.717260
		vertex 12.255390 1.112642 -0.461446
		vertex 14.710685 1.274864 -0.444355
	endloop
endfacet
facet normal 0.065707 -0.997448 0.027927
	outer loop
		vertex 14.710685 1.274864 -0.444355
		vertex 12.255390 1.112642 -0.461446
		vertex 14.709827 1.287132 -0.004166
	endloop
endfacet
facet normal 0.065707 -0.997448 0.027927
	outer loop
		vertex 12.255390 1.112642 -0.461446
		vertex 12.254499 1.125382 -0.004326
		vertex 14.709827 1.287132 -0.004166
	endloop
endfacet
facet normal 0.065461 -0.993586 -0.092207
	outer loop
		vertex 14.709827 1.287132 -0.004166
		vertex 12.254499 1.125382 -0.004326
		vertex 14.713887 1.229074 0.624328
	endloop
endfacet
facet normal 0.065461 -0.993586 -0.092207
	outer loop
		vertex 12.254499 1.125382 -0.004326
		vertex 12.258716 1.065091 0.648341
		vertex 14.713887 1.229074 0.624328
	endloop
endfacet
facet normal 0.063788 -0.981489 -0.180582
	outer loop
		vertex 14.713887 1.229074 0.624328
		vertex 12.258716 1.065091 0.648341
		vertex 14.724385 1.078943 1.444022
	endloop
endfacet
facet normal 0.063788 -0.981489 -0.180582
	outer loop
		vertex 12.258716 1.065091 0.648341
		vertex 12.269617 0.909186 1.499561
		vertex 14.724385 1.078943 1.444022
	endloop
endfacet
facet normal -0.026089 0.050627 -0.998377
	outer loop
		vertex 14.724385 1.078943 1.444022
		vertex 12.269617 0.909186 1.499561
		vertex 14.736849 0.900706 1.434658
	endloop
endfacet
facet normal -0.026089 0.050626 -0.998377
	outer loop
		vertex 12.269617 0.909186 1.499561
		vertex 12.282560 0.724093 1.489837
		vertex 14.736849 0.900706 1.434658
	endloop
endfacet
facet normal -0.071866 0.997406 -0.004077
	outer loop
		vertex 14.736849 0.900706 1.434658
		vertex 12.282560 0.724093 1.489837
		vertex 14.737084 0.897340 0.606900
	endloop
endfacet
facet normal -0.071866 0.997406 -0.004077
	outer loop
		vertex 12.282560 0.724093 1.489837
		vertex 12.282804 0.720597 0.630243
		vertex 14.737084 0.897340 0.606900
	endloop
endfacet
facet normal -0.071750 0.997391 0.007941
	outer loop
		vertex 14.737084 0.897340 0.606900
		vertex 12.282804 0.720597 0.630243
		vertex 14.736707 0.902740 -0.074875
	endloop
endfacet
facet normal -0.071750 0.997391 0.007941
	outer loop
		vertex 12.282804 0.720597 0.630243
		vertex 12.282413 0.726206 -0.077755
		vertex 14.736707 0.902740 -0.074875
	endloop
endfacet
facet normal -0.071550 0.993238 0.091429
	outer loop
		vertex 14.736707 0.902740 -0.074875
		vertex 12.282413 0.726206 -0.077755
		vertex 14.733421 0.949716 -0.587771
	endloop
endfacet
facet normal -0.071550 0.993238 0.091429
	outer loop
		vertex 12.282413 0.726206 -0.077755
		vertex 12.279001 0.774989 -0.610378
		vertex 14.733421 0.949716 -0.587771
	endloop
endfacet
facet normal -0.071012 0.964700 0.253596
	outer loop
		vertex 14.733421 0.949716 -0.587771
		vertex 12.279001 0.774989 -0.610378
		vertex 14.730779 0.987515 -0.732300
	endloop
endfacet
facet normal -0.071012 0.964700 0.253596
	outer loop
		vertex 12.279001 0.774989 -0.610378
		vertex 12.276257 0.814241 -0.760466
		vertex 14.730779 0.987515 -0.732300
	endloop
endfacet
facet normal -0.052505 0.615999 0.785995
	outer loop
		vertex 14.730779 0.987515 -0.732300
		vertex 12.276257 0.814241 -0.760466
		vertex 14.724897 1.071621 -0.798609
	endloop
endfacet
facet normal -0.052505 0.616000 0.785995
	outer loop
		vertex 12.276257 0.814241 -0.760466
		vertex 12.270149 0.901582 -0.829324
		vertex 14.724897 1.071621 -0.798609
	endloop
endfacet
facet normal 0.072219 -0.972568 0.221124
	outer loop
		vertex 14.723965 1.073529 1.408482
		vertex 12.269182 0.903563 1.462654
		vertex 14.708614 1.286962 2.352240
	endloop
endfacet
facet normal 0.072219 -0.972568 0.221124
	outer loop
		vertex 12.269182 0.903563 1.462654
		vertex 12.253241 1.125206 2.442711
		vertex 14.708614 1.286962 2.352240
	endloop
endfacet
facet normal 0.000000 1.000000 0.000000
	outer loop
		vertex 14.708614 1.286962 2.352240
		vertex 12.253241 1.125206 2.442711
		vertex 14.708614 1.286962 2.352240
	endloop
endfacet
facet normal 0.000000 1.000000 0.000000
	outer loop
		vertex 12.253241 1.125206 2.442711
		vertex 12.253241 1.125206 2.442711
		vertex 14.708614 1.286962 2.352240
	endloop
endfacet
facet normal -0.074894 0.914611 -0.397337
	outer loop
		vertex 14.708614 1.286962 2.352240
		vertex 12.253241 1.125206 2.442711
		vertex 14.737268 0.906120 1.470198
	endloop
endfacet
facet normal -0.074894 0.914611 -0.397337
	outer loop
		vertex 12.253241 1.125206 2.442711
		vertex 12.282995 0.729716 1.526745
		vertex 14.737268 0.906120 1.470198
	endloop
endfacet
facet normal -0.003226 0.345676 0.938349
	outer loop
		vertex 14.737268 0.906120 1.470198
		vertex 12.282995 0.729716 1.526745
		vertex 14.723965 1.073529 1.408482
	endloop
endfacet
facet normal -0.003227 0.345676 0.938348
	outer loop
		vertex 12.282995 0.729716 1.526745
		vertex 12.269182 0.903563 1.462654
		vertex 14.723965 1.073529 1.408482
	endloop
endfacet
facet normal 0.034380 -0.635634 0.771224
	outer loop
		vertex 17.179644 1.241660 -0.767893
		vertex 14.724897 1.071621 -0.798609
		vertex 17.170874 1.367083 -0.664130
	endloop
endfacet
facet normal 0.034380 -0.635634 0.771224
	outer loop
		vertex 14.724897 1.071621 -0.798609
		vertex 14.715775 1.202061 -0.690695
		vertex 17.170874 1.367083 -0.664130
	endloop
endfacet
facet normal 0.061242 -0.956851 0.284052
	outer loop
		vertex 17.170874 1.367083 -0.664130
		vertex 14.715775 1.202061 -0.690695
		vertex 17.165979 1.437086 -0.427264
	endloop
endfacet
facet normal 0.061242 -0.956851 0.284052
	outer loop
		vertex 14.715775 1.202061 -0.690695
		vertex 14.710685 1.274864 -0.444355
		vertex 17.165979 1.437086 -0.427264
	endloop
endfacet
facet normal 0.065707 -0.997448 0.027927
	outer loop
		vertex 17.165979 1.437086 -0.427264
		vertex 14.710685 1.274864 -0.444355
		vertex 17.165154 1.448882 -0.004006
	endloop
endfacet
facet normal 0.065707 -0.997448 0.027927
	outer loop
		vertex 14.710685 1.274864 -0.444355
		vertex 14.709827 1.287132 -0.004166
		vertex 17.165154 1.448882 -0.004006
	endloop
endfacet
facet normal 0.065461 -0.993586 -0.092207
	outer loop
		vertex 17.165154 1.448882 -0.004006
		vertex 14.709827 1.287132 -0.004166
		vertex 17.169058 1.393057 0.600316
	endloop
endfacet
facet normal 0.065461 -0.993586 -0.092207
	outer loop
		vertex 14.709827 1.287132 -0.004166
		vertex 14.713887 1.229074 0.624328
		vertex 17.169058 1.393057 0.600316
	endloop
endfacet
facet normal 0.063788 -0.981489 -0.180582
	outer loop
		vertex 17.169058 1.393057 0.600316
		vertex 14.713887 1.229074 0.624328
		vertex 17.179152 1.248700 1.388483
	endloop
endfacet
facet normal 0.063788 -0.981489 -0.180582
	outer loop
		vertex 14.713887 1.229074 0.624328
		vertex 14.724385 1.078943 1.444022
		vertex 17.179152 1.248700 1.388483
	endloop
endfacet
facet normal -0.026089 0.050626 -0.998377
	outer loop
		vertex 17.179152 1.248700 1.388483
		vertex 14.724385 1.078943 1.444022
		vertex 17.191135 1.077319 1.379479
	endloop
endfacet
facet normal -0.026089 0.050627 -0.998377
	outer loop
		vertex 14.724385 1.078943 1.444022
		vertex 14.736849 0.900706 1.434658
		vertex 17.191135 1.077319 1.379479
	endloop
endfacet
facet normal -0.071866 0.997406 -0.004077
	outer loop
		vertex 17.191135 1.077319 1.379479
		vertex 14.736849 0.900706 1.434658
		vertex 17.191362 1.074082 0.583558
	endloop
endfacet
facet normal -0.071866 0.997406 -0.004077
	outer loop
		vertex 14.736849 0.900706 1.434658
		vertex 14.737084 0.897340 0.606900
		vertex 17.191362 1.074082 0.583558
	endloop
endfacet
facet normal -0.071750 0.997391 0.007941
	outer loop
		vertex 17.191362 1.074082 0.583558
		vertex 14.737084 0.897340 0.606900
		vertex 17.191000 1.079275 -0.071995
	endloop
endfacet
facet normal -0.071750 0.997391 0.007941
	outer loop
		vertex 14.737084 0.897340 0.606900
		vertex 14.736707 0.902740 -0.074875
		vertex 17.191000 1.079275 -0.071995
	endloop
endfacet
facet normal -0.071550 0.993238 0.091429
	outer loop
		vertex 17.191000 1.079275 -0.071995
		vertex 14.736707 0.902740 -0.074875
		vertex 17.187841 1.124444 -0.565165
	endloop
endfacet
facet normal -0.071550 0.993238 0.091429
	outer loop
		vertex 14.736707 0.902740 -0.074875
		vertex 14.733421 0.949716 -0.587771
		vertex 17.187841 1.124444 -0.565165
	endloop
endfacet
facet normal -0.071012 0.964700 0.253597
	outer loop
		vertex 17.187841 1.124444 -0.565165
		vertex 14.733421 0.949716 -0.587771
		vertex 17.185299 1.160789 -0.704135
	endloop
endfacet
facet normal -0.071012 0.964700 0.253596
	outer loop
		vertex 14.733421 0.949716 -0.587771
		vertex 14.730779 0.987515 -0.732300
		vertex 17.185299 1.160789 -0.704135
	endloop
endfacet
facet normal -0.052505 0.616000 0.785994
	outer loop
		vertex 17.185299 1.160789 -0.704135
		vertex 14.730779 0.987515 -0.732300
		vertex 17.179644 1.241660 -0.767893
	endloop
endfacet
facet normal -0.052505 0.616000 0.785995
	outer loop
		vertex 14.730779 0.987515 -0.732300
		vertex 14.724897 1.071621 -0.798609
		vertex 17.179644 1.241660 -0.767893
	endloop
endfacet
facet normal 0.072219 -0.972568 0.221124
	outer loop
		vertex 17.178749 1.243494 1.354309
		vertex 14.723965 1.073529 1.408482
		vertex 17.163988 1.448719 2.261770
	endloop
endfacet
facet normal 0.072219 -0.972568 0.221123
	outer loop
		vertex 14.723965 1.073529 1.408482
		vertex 14.708614 1.286962 2.352240
		vertex 17.163988 1.448719 2.261770
	endloop
endfacet
facet normal 0.000000 1.000000 0.000000
	outer loop
		vertex 17.163988 1.448719 2.261770
		vertex 14.708614 1.286962 2.352240
		vertex 17.163988 1.448719 2.261770
	endloop
endfacet
facet normal 0.000000 1.000000 0.000000
	outer loop
		vertex 14.708614 1.286962 2.352240
		vertex 14.708614 1.286962 2.352240
		vertex 17.163988 1.448719 2.261770
	endloop
endfacet
facet normal -0.074894 0.914611 -0.397337
	outer loop
		vertex 17.163988 1.448719 2.261770
		vertex 14.708614 1.286962 2.352240
		vertex 17.191538 1.082525 1.413652
	endloop
endfacet
facet normal -0.074894 0.914611 -0.397337
	outer loop
		vertex 14.708614 1.286962 2.352240
		vertex 14.737268 0.906120 1.470198
		vertex 17.191538 1.082525 1.413652
	endloop
endfacet
facet normal -0.003226 0.345675 0.938349
	outer loop
		vertex 17.191538 1.082525 1.413652
		vertex 14.737268 0.906120 1.470198
		vertex 17.178749 1.243494 1.354309
	endloop
endfacet
facet normal -0.003227 0.345676 0.938349
	outer loop
		vertex 14.737268 0.906120 1.470198
		vertex 14.723965 1.073529 1.408482
		vertex 17.178749 1.243494 1.354309
	endloop
endfacet
facet normal 0.034380 -0.635635 0.771224
	outer loop
		vertex 19.634394 1.411699 -0.737177
		vertex 17.179644 1.241660 -0.767893
		vertex 19.625975 1.532105 -0.637564
	endloop
endfacet
facet normal 0.034380 -0.635634 0.771225
	outer loop
		vertex 17.179644 1.241660 -0.767893
		vertex 17.170874 1.367083 -0.664130
		vertex 19.625975 1.532105 -0.637564
	endloop
endfacet
facet normal 0.061242 -0.956851 0.284052
	outer loop
		vertex 19.625975 1.532105 -0.637564
		vertex 17.170874 1.367083 -0.664130
		vertex 19.621275 1.599308 -0.410174
	endloop
endfacet
facet normal 0.061242 -0.956851 0.284052
	outer loop
		vertex 17.170874 1.367083 -0.664130
		vertex 17.165979 1.437086 -0.427264
		vertex 19.621275 1.599308 -0.410174
	endloop
endfacet
facet normal 0.065707 -0.997448 0.027927
	outer loop
		vertex 19.621275 1.599308 -0.410174
		vertex 17.165979 1.437086 -0.427264
		vertex 19.620483 1.610632 -0.003846
	endloop
endfacet
facet normal 0.065707 -0.997448 0.027927
	outer loop
		vertex 17.165979 1.437086 -0.427264
		vertex 17.165154 1.448882 -0.004006
		vertex 19.620483 1.610632 -0.003846
	endloop
endfacet
facet normal 0.065461 -0.993586 -0.092207
	outer loop
		vertex 19.620483 1.610632 -0.003846
		vertex 17.165154 1.448882 -0.004006
		vertex 19.624231 1.557040 0.576303
	endloop
endfacet
facet normal 0.065461 -0.993586 -0.092207
	outer loop
		vertex 17.165154 1.448882 -0.004006
		vertex 17.169058 1.393057 0.600316
		vertex 19.624231 1.557040 0.576303
	endloop
endfacet
facet normal 0.063788 -0.981489 -0.180582
	outer loop
		vertex 19.624231 1.557040 0.576303
		vertex 17.169058 1.393057 0.600316
		vertex 19.635798 1.391638 1.479375
	endloop
endfacet
facet normal 0.063788 -0.981489 -0.180582
	outer loop
		vertex 17.169058 1.393057 0.600316
		vertex 17.181105 1.220763 1.541015
		vertex 19.635798 1.391638 1.479375
	endloop
endfacet
facet normal 0.063788 -0.981489 -0.180582
	outer loop
		vertex 19.635798 1.391638 1.479375
		vertex 17.181105 1.220763 1.541015
		vertex 19.645174 1.257540 2.211532
	endloop
endfacet
facet normal 0.063788 -0.981489 -0.180582
	outer loop
		vertex 17.181105 1.220763 1.541015
		vertex 17.190872 1.081077 2.303679
		vertex 19.645174 1.257540 2.211532
	endloop
endfacet
facet normal 0.000000 1.000000 0.000000
	outer loop
		vertex 19.645174 1.257540 2.211532
		vertex 17.190872 1.081077 2.303679
		vertex 19.645174 1.257540 2.211532
	endloop
endfacet
facet normal 0.000000 1.000000 0.000000
	outer loop
		vertex 17.190872 1.081077 2.303679
		vertex 17.190872 1.081077 2.303679
		vertex 19.645174 1.257540 2.211532
	endloop
endfacet
facet normal -0.071866 0.997406 -0.004077
	outer loop
		vertex 19.645174 1.257540 2.211532
		vertex 17.190872 1.081077 2.303679
		vertex 19.645384 1.254533 1.472172
	endloop
endfacet
facet normal -0.071866 0.997406 -0.004077
	outer loop
		vertex 17.190872 1.081077 2.303679
		vertex 17.191092 1.077945 1.533512
		vertex 19.645384 1.254533 1.472172
	endloop
endfacet
facet normal -0.071866 0.997406 -0.004077
	outer loop
		vertex 19.645384 1.254533 1.472172
		vertex 17.191092 1.077945 1.533512
		vertex 19.645643 1.250824 0.560216
	endloop
endfacet
facet normal -0.071866 0.997406 -0.004077
	outer loop
		vertex 17.191092 1.077945 1.533512
		vertex 17.191362 1.074082 0.583558
		vertex 19.645643 1.250824 0.560216
	endloop
endfacet
facet normal -0.071750 0.997391 0.007941
	outer loop
		vertex 19.645643 1.250824 0.560216
		vertex 17.191362 1.074082 0.583558
		vertex 19.645294 1.255809 -0.069116
	endloop
endfacet
facet normal -0.071750 0.997391 0.007941
	outer loop
		vertex 17.191362 1.074082 0.583558
		vertex 17.191000 1.079275 -0.071995
		vertex 19.645294 1.255809 -0.069116
	endloop
endfacet
facet normal -0.071550 0.993238 0.091428
	outer loop
		vertex 19.645294 1.255809 -0.069116
		vertex 17.191000 1.079275 -0.071995
		vertex 19.642263 1.299172 -0.542558
	endloop
endfacet
facet normal -0.071550 0.993238 0.091429
	outer loop
		vertex 17.191000 1.079275 -0.071995
		vertex 17.187841 1.124444 -0.565165
		vertex 19.642263 1.299172 -0.542558
	endloop
endfacet
facet normal -0.071012 0.964700 0.253597
	outer loop
		vertex 19.642263 1.299172 -0.542558
		vertex 17.187841 1.124444 -0.565165
		vertex 19.639822 1.334063 -0.675970
	endloop
endfacet
facet normal -0.071012 0.964700 0.253597
	outer loop
		vertex 17.187841 1.124444 -0.565165
		vertex 17.185299 1.160789 -0.704135
		vertex 19.639822 1.334063 -0.675970
	endloop
endfacet
facet normal -0.052505 0.615999 0.785995
	outer loop
		vertex 19.639822 1.334063 -0.675970
		vertex 17.185299 1.160789 -0.704135
		vertex 19.634394 1.411699 -0.737177
	endloop
endfacet
facet normal -0.052505 0.616000 0.785995
	outer loop
		vertex 17.185299 1.160789 -0.704135
		vertex 17.179644 1.241660 -0.767893
		vertex 19.634394 1.411699 -0.737177
	endloop
endfacet
facet normal -0.997565 -0.069748 -0.000004
	outer loop
		vertex 19.634394 1.411699 -0.737177
		vertex 19.625975 1.532105 -0.637564
		vertex 19.621275 1.599308 -0.410174
	endloop
endfacet
facet normal -0.997564 -0.069757 0.000001
	outer loop
		vertex 19.634394 1.411699 -0.737177
		vertex 19.621275 1.599308 -0.410174
		vertex 19.620483 1.610632 -0.003846
	endloop
endfacet
facet normal -0.997564 -0.069757 0.000001
	outer loop
		vertex 19.634394 1.411699 -0.737177
		vertex 19.620483 1.610632 -0.003846
		vertex 19.624231 1.557040 0.576303
	endloop
endfacet
facet normal -0.997564 -0.069755 0.000000
	outer loop
		vertex 19.634394 1.411699 -0.737177
		vertex 19.624231 1.557040 0.576303
		vertex 19.635798 1.391638 1.479375
	endloop
endfacet
facet normal -0.997564 -0.069750 0.000001
	outer loop
		vertex 19.634394 1.411699 -0.737177
		vertex 19.635798 1.391638 1.479375
		vertex 19.645174 1.257540 2.211532
	endloop
endfacet
facet normal 0.000000 1.000000 0.000000
	outer loop
		vertex 19.634394 1.411699 -0.737177
		vertex 19.645174 1.257540 2.211532
		vertex 19.645174 1.257540 2.211532
	endloop
endfacet
facet normal -0.997565 -0.069748 0.000001
	outer loop
		vertex 19.634394 1.411699 -0.737177
		vertex 19.645174 1.257540 2.211532
		vertex 19.645384 1.254533 1.472172
	endloop
endfacet
facet normal -0.997564 -0.069757 -0.000000
	outer loop
		vertex 19.634394 1.411699 -0.737177
		vertex 19.645384 1.254533 1.472172
		vertex 19.645643 1.250824 0.560216
	endloop
endfacet
facet normal -0.997564 -0.069751 0.000001
	outer loop
		vertex 19.634394 1.411699 -0.737177
		vertex 19.645643 1.250824 0.560216
		vertex 19.645294 1.255809 -0.069116
	endloop
endfacet
facet normal -0.997563 -0.069774 -0.000005
	outer loop
		vertex 19.634394 1.411699 -0.737177
		vertex 19.645294 1.255809 -0.069116
		vertex 19.642263 1.299172 -0.542558
	endloop
endfacet
facet normal -0.997566 -0.069736 0.000017
	outer loop
		vertex 19.634394 1.411699 -0.737177
		vertex 19.642263 1.299172 -0.542558
		vertex 19.639822 1.334063 -0.675970
	endloop
endfacet
facet normal 0.000000 -0.769849 0.638227
	outer loop
		vertex -2.460630 0.066131 15.681150
		vertex 0.000000 -0.014315 15.584114
		vertex -2.460630 -0.014315 15.584114
	endloop
endfacet
facet normal 0.000000 -0.769849 0.638227
	outer loop
		vertex -2.460630 0.066131 15.681150
		vertex 0.000000 0.066131 15.681150
		vertex 0.000000 -0.014315 15.584114
	endloop
endfacet
facet normal 0.000000 -0.940142 0.340784
	outer loop
		vertex -2.460630 0.148868 15.909400
		vertex 0.000000 0.066131 15.681150
		vertex -2.460630 0.066131 15.681150
	endloop
endfacet
facet normal 0.000000 -0.940142 0.340784
	outer loop
		vertex -2.460630 0.148868 15.909400
		vertex 0.000000 0.148868 15.909400
		vertex 0.000000 0.066131 15.681150
	endloop
endfacet
facet normal 0.000000 -0.995272 0.097130
	outer loop
		vertex -2.460630 0.196820 16.400764
		vertex 0.000000 0.148868 15.909400
		vertex -2.460630 0.148868 15.909400
	endloop
endfacet
facet normal 0.000000 -0.995272 0.097130
	outer loop
		vertex -2.460630 0.196820 16.400764
		vertex 0.000000 0.196820 16.400764
		vertex 0.000000 0.148868 15.909400
	endloop
endfacet
facet normal 0.000000 -0.999848 0.017452
	outer loop
		vertex -2.460630 0.208272 17.056831
		vertex 0.000000 0.196820 16.400764
		vertex -2.460630 0.196820 16.400764
	endloop
endfacet
facet normal 0.000000 -0.999848 0.017452
	outer loop
		vertex -2.460630 0.208272 17.056831
		vertex 0.000000 0.208272 17.056831
		vertex 0.000000 0.196820 16.400764
	endloop
endfacet
facet normal 0.000000 -0.995843 -0.091081
	outer loop
		vertex -2.460630 0.133123 17.878479
		vertex 0.000000 0.208272 17.056831
		vertex -2.460630 0.208272 17.056831
	endloop
endfacet
facet normal 0.000000 -0.995843 -0.091081
	outer loop
		vertex -2.460630 0.133123 17.878479
		vertex 0.000000 0.133123 17.878479
		vertex 0.000000 0.208272 17.056831
	endloop
endfacet
facet normal 0.000000 -0.017453 -0.999848
	outer loop
		vertex -2.460630 -0.081590 17.882227
		vertex 0.000000 0.133123 17.878479
		vertex -2.460630 0.133123 17.878479
	endloop
endfacet
facet normal 0.000000 -0.017453 -0.999848
	outer loop
		vertex -2.460630 -0.081590 17.882227
		vertex 0.000000 -0.081590 17.882227
		vertex 0.000000 0.133123 17.878479
	endloop
endfacet
facet normal 0.000000 0.992058 -0.125780
	outer loop
		vertex -2.460630 -0.185369 17.063704
		vertex 0.000000 -0.081590 17.882227
		vertex -2.460630 -0.081590 17.882227
	endloop
endfacet
facet normal 0.000000 0.992058 -0.125780
	outer loop
		vertex -2.460630 -0.185369 17.063704
		vertex 0.000000 -0.185369 17.063704
		vertex 0.000000 -0.081590 17.882227
	endloop
endfacet
facet normal 0.000000 0.999848 -0.017452
	outer loop
		vertex -2.460630 -0.196820 16.407635
		vertex 0.000000 -0.185369 17.063704
		vertex -2.460630 -0.185369 17.063704
	endloop
endfacet
facet normal 0.000000 0.999848 -0.017452
	outer loop
		vertex -2.460630 -0.196820 16.407635
		vertex 0.000000 -0.196820 16.407635
		vertex 0.000000 -0.185369 17.063704
	endloop
endfacet
facet normal 0.000000 0.998055 0.062336
	outer loop
		vertex -2.460630 -0.166045 15.914897
		vertex 0.000000 -0.196820 16.407635
		vertex -2.460630 -0.196820 16.407635
	endloop
endfacet
facet normal -0.000000 0.998055 0.062336
	outer loop
		vertex -2.460630 -0.166045 15.914897
		vertex 0.000000 -0.166045 15.914897
		vertex 0.000000 -0.196820 16.407635
	endloop
endfacet
facet normal 0.000000 0.951462 0.307766
	outer loop
		vertex -2.460630 -0.091325 15.683899
		vertex 0.000000 -0.166045 15.914897
		vertex -2.460630 -0.166045 15.914897
	endloop
endfacet
facet normal -0.000000 0.951462 0.307766
	outer loop
		vertex -2.460630 -0.091325 15.683899
		vertex 0.000000 -0.091325 15.683899
		vertex 0.000000 -0.166045 15.914897
	endloop
endfacet
facet normal 0.000000 0.791654 0.610970
	outer loop
		vertex -2.460630 -0.014315 15.584114
		vertex 0.000000 -0.091325 15.683899
		vertex -2.460630 -0.091325 15.683899
	endloop
endfacet
facet normal -0.000000 0.791654 0.610970
	outer loop
		vertex -2.460630 -0.014315 15.584114
		vertex 0.000000 -0.014315 15.584114
		vertex 0.000000 -0.091325 15.683899
	endloop
endfacet
facet normal 0.000000 -0.916651 -0.399688
	outer loop
		vertex -2.460630 -0.267464 18.819910
		vertex 0.000000 0.128263 17.912342
		vertex -2.460630 0.128263 17.912342
	endloop
endfacet
facet normal 0.000000 -0.916651 -0.399688
	outer loop
		vertex -2.460630 -0.267464 18.819910
		vertex 0.000000 -0.267464 18.819910
		vertex 0.000000 0.128263 17.912342
	endloop
endfacet
facet normal 0.000000 1.000000 0.000000
	outer loop
		vertex -2.460630 -0.267464 18.819910
		vertex 0.000000 -0.267464 18.819910
		vertex -2.460630 -0.267464 18.819910
	endloop
endfacet
facet normal 0.000000 1.000000 0.000000
	outer loop
		vertex -2.460630 -0.267464 18.819910
		vertex 0.000000 -0.267464 18.819910
		vertex 0.000000 -0.267464 18.819910
	endloop
endfacet
facet normal 0.000000 0.981269 0.192642
	outer loop
		vertex -2.460630 -0.076731 17.848364
		vertex 0.000000 -0.267464 18.819910
		vertex -2.460630 -0.267464 18.819910
	endloop
endfacet
facet normal -0.000000 0.981269 0.192642
	outer loop
		vertex -2.460630 -0.076731 17.848364
		vertex 0.000000 -0.076731 17.848364
		vertex 0.000000 -0.267464 18.819910
	endloop
endfacet
facet normal 0.000000 -0.297925 0.954589
	outer loop
		vertex -2.460630 0.128263 17.912342
		vertex 0.000000 -0.076731 17.848364
		vertex -2.460630 -0.076731 17.848364
	endloop
endfacet
facet normal 0.000000 -0.297925 0.954589
	outer loop
		vertex -2.460630 0.128263 17.912342
		vertex 0.000000 0.128263 17.912342
		vertex 0.000000 -0.076731 17.848364
	endloop
endfacet
facet normal -1.000000 -0.000000 0.000000
	outer loop
		vertex 0.000000 0.128263 17.912342
		vertex 0.000000 -0.267464 18.819910
		vertex 0.000000 -0.076731 17.848364
	endloop
endfacet
facet normal -1.000000 0.000000 0.000000
	outer loop
		vertex 0.000000 -0.166045 15.914897
		vertex 0.000000 -0.091325 15.683899
		vertex 0.000000 -0.014315 15.584114
	endloop
endfacet
facet normal -1.000000 0.000000 0.000000
	outer loop
		vertex 0.000000 -0.196820 16.407635
		vertex 0.000000 -0.166045 15.914897
		vertex 0.000000 -0.014315 15.584114
	endloop
endfacet
facet normal -1.000000 0.000000 -0.000000
	outer loop
		vertex 0.000000 -0.185369 17.063704
		vertex 0.000000 -0.196820 16.407635
		vertex 0.000000 -0.014315 15.584114
	endloop
endfacet
facet normal -1.000000 0.000000 -0.000000
	outer loop
		vertex 0.000000 -0.081590 17.882227
		vertex 0.000000 -0.185369 17.063704
		vertex 0.000000 -0.014315 15.584114
	endloop
endfacet
facet normal -1.000000 -0.000000 0.000000
	outer loop
		vertex 0.000000 0.133123 17.878479
		vertex 0.000000 -0.081590 17.882227
		vertex 0.000000 -0.014315 15.584114
	endloop
endfacet
facet normal -1.000000 -0.000000 0.000000
	outer loop
		vertex 0.000000 0.208272 17.056831
		vertex 0.000000 0.133123 17.878479
		vertex 0.000000 -0.014315 15.584114
	endloop
endfacet
facet normal -1.000000 -0.000000 0.000000
	outer loop
		vertex 0.000000 0.196820 16.400764
		vertex 0.000000 0.208272 17.056831
		vertex 0.000000 -0.014315 15.584114
	endloop
endfacet
facet normal -1.000000 -0.000000 0.000000
	outer loop
		vertex 0.000000 0.148868 15.909400
		vertex 0.000000 0.196820 16.400764
		vertex 0.000000 -0.014315 15.584114
	endloop
endfacet
facet normal -1.000000 -0.000000 0.000000
	outer loop
		vertex 0.000000 0.066131 15.681150
		vertex 0.000000 0.148868 15.909400
		vertex 0.000000 -0.014315 15.584114
	endloop
endfacet
facet normal 0.000000 -0.769849 0.638227
	outer loop
		vertex -4.921260 0.066131 15.681150
		vertex -2.460630 -0.014315 15.584114
		vertex -4.921260 -0.014315 15.584114
	endloop
endfacet
facet normal 0.000000 -0.769849 0.638227
	outer loop
		vertex -4.921260 0.066131 15.681150
		vertex -2.460630 0.066131 15.681150
		vertex -2.460630 -0.014315 15.584114
	endloop
endfacet
facet normal 0.000000 -0.940142 0.340784
	outer loop
		vertex -4.921260 0.148868 15.909400
		vertex -2.460630 0.066131 15.681150
		vertex -4.921260 0.066131 15.681150
	endloop
endfacet
facet normal 0.000000 -0.940142 0.340784
	outer loop
		vertex -4.921260 0.148868 15.909400
		vertex -2.460630 0.148868 15.909400
		vertex -2.460630 0.066131 15.681150
	endloop
endfacet
facet normal 0.000000 -0.995272 0.097130
	outer loop
		vertex -4.921260 0.196820 16.400764
		vertex -2.460630 0.148868 15.909400
		vertex -4.921260 0.148868 15.909400
	endloop
endfacet
facet normal 0.000000 -0.995272 0.097130
	outer loop
		vertex -4.921260 0.196820 16.400764
		vertex -2.460630 0.196820 16.400764
		vertex -2.460630 0.148868 15.909400
	endloop
endfacet
facet normal 0.000000 -0.999848 0.017452
	outer loop
		vertex -4.921260 0.208272 17.056831
		vertex -2.460630 0.196820 16.400764
		vertex -4.921260 0.196820 16.400764
	endloop
endfacet
facet normal 0.000000 -0.999848 0.017452
	outer loop
		vertex -4.921260 0.208272 17.056831
		vertex -2.460630 0.208272 17.056831
		vertex -2.460630 0.196820 16.400764
	endloop
endfacet
facet normal 0.000000 -0.995843 -0.091081
	outer loop
		vertex -4.921260 0.133123 17.878479
		vertex -2.460630 0.208272 17.056831
		vertex -4.921260 0.208272 17.056831
	endloop
endfacet
facet normal 0.000000 -0.995843 -0.091081
	outer loop
		vertex -4.921260 0.133123 17.878479
		vertex -2.460630 0.133123 17.878479
		vertex -2.460630 0.208272 17.056831
	endloop
endfacet
facet normal 0.000000 -0.017453 -0.999848
	outer loop
		vertex -4.921260 -0.081590 17.882227
		vertex -2.460630 0.133123 17.878479
		vertex -4.921260 0.133123 17.878479
	endloop
endfacet
facet normal 0.000000 -0.017453 -0.999848
	outer loop
		vertex -4.921260 -0.081590 17.882227
		vertex -2.460630 -0.081590 17.882227
		vertex -2.460630 0.133123 17.878479
	endloop
endfacet
facet normal 0.000000 0.992058 -0.125780
	outer loop
		vertex -4.921260 -0.185369 17.063704
		vertex -2.460630 -0.081590 17.882227
		vertex -4.921260 -0.081590 17.882227
	endloop
endfacet
facet normal 0.000000 0.992058 -0.125780
	outer loop
		vertex -4.921260 -0.185369 17.063704
		vertex -2.460630 -0.185369 17.063704
		vertex -2.460630 -0.081590 17.882227
	endloop
endfacet
facet normal 0.000000 0.999848 -0.017452
	outer loop
		vertex -4.921260 -0.196820 16.407635
		vertex -2.460630 -0.185369 17.063704
		vertex -4.921260 -0.185369 17.063704
	endloop
endfacet
facet normal 0.000000 0.999848 -0.017452
	outer loop
		vertex -4.921260 -0.196820 16.407635
		vertex -2.460630 -0.196820 16.407635
		vertex -2.460630 -0.185369 17.063704
	endloop
endfacet
facet normal 0.000000 0.998055 0.062336
	outer loop
		vertex -4.921260 -0.166045 15.914897
		vertex -2.460630 -0.196820 16.407635
		vertex -4.921260 -0.196820 16.407635
	endloop
endfacet
facet normal -0.000000 0.998055 0.062336
	outer loop
		vertex -4.921260 -0.166045 15.914897
		vertex -2.460630 -0.166045 15.914897
		vertex -2.460630 -0.196820 16.407635
	endloop
endfacet
facet normal 0.000000 0.951462 0.307766
	outer loop
		vertex -4.921260 -0.091325 15.683899
		vertex -2.460630 -0.166045 15.914897
		vertex -4.921260 -0.166045 15.914897
	endloop
endfacet
facet normal -0.000000 0.951462 0.307766
	outer loop
		vertex -4.921260 -0.091325 15.683899
		vertex -2.460630 -0.091325 15.683899
		vertex -2.460630 -0.166045 15.914897
	endloop
endfacet
facet normal 0.000000 0.791654 0.610970
	outer loop
		vertex -4.921260 -0.014315 15.584114
		vertex -2.460630 -0.091325 15.683899
		vertex -4.921260 -0.091325 15.683899
	endloop
endfacet
facet normal -0.000000 0.791654 0.610970
	outer loop
		vertex -4.921260 -0.014315 15.584114
		vertex -2.460630 -0.014315 15.584114
		vertex -2.460630 -0.091325 15.683899
	endloop
endfacet
facet normal 0.000000 -0.916651 -0.399688
	outer loop
		vertex -4.921260 -0.267464 18.819910
		vertex -2.460630 0.128263 17.912342
		vertex -4.921260 0.128263 17.912342
	endloop
endfacet
facet normal 0.000000 -0.916651 -0.399688
	outer loop
		vertex -4.921260 -0.267464 18.819910
		vertex -2.460630 -0.267464 18.819910
		vertex -2.460630 0.128263 17.912342
	endloop
endfacet
facet normal 0.000000 1.000000 0.000000
	outer loop
		vertex -4.921260 -0.267464 18.819910
		vertex -2.460630 -0.267464 18.819910
		vertex -4.921260 -0.267464 18.819910
	endloop
endfacet
facet normal 0.000000 1.000000 0.000000
	outer loop
		vertex -4.921260 -0.267464 18.819910
		vertex -2.460630 -0.267464 18.819910
		vertex -2.460630 -0.267464 18.819910
	endloop
endfacet
facet normal 0.000000 0.981269 0.192642
	outer loop
		vertex -4.921260 -0.076731 17.848364
		vertex -2.460630 -0.267464 18.819910
		vertex -4.921260 -0.267464 18.819910
	endloop
endfacet
facet normal -0.000000 0.981269 0.192642
	outer loop
		vertex -4.921260 -0.076731 17.848364
		vertex -2.460630 -0.076731 17.848364
		vertex -2.460630 -0.267464 18.819910
	endloop
endfacet
facet normal 0.000000 -0.297925 0.954589
	outer loop
		vertex -4.921260 0.128263 17.912342
		vertex -2.460630 -0.076731 17.848364
		vertex -4.921260 -0.076731 17.848364
	endloop
endfacet
facet normal 0.000000 -0.297925 0.954589
	outer loop
		vertex -4.921260 0.128263 17.912342
		vertex -2.460630 0.128263 17.912342
		vertex -2.460630 -0.076731 17.848364
	endloop
endfacet
facet normal 1.000000 0.000000 -0.000000
	outer loop
		vertex -4.921260 -0.076731 17.848364
		vertex -4.921260 -0.267464 18.819910
		vertex -4.921260 0.128263 17.912342
	endloop
endfacet
facet normal 1.000000 0.000000 0.000000
	outer loop
		vertex -4.921260 0.148868 15.909400
		vertex -4.921260 0.066131 15.681150
		vertex -4.921260 -0.014315 15.584114
	endloop
endfacet
facet normal 1.000000 0.000000 0.000000
	outer loop
		vertex -4.921260 0.196820 16.400764
		vertex -4.921260 0.148868 15.909400
		vertex -4.921260 -0.014315 15.584114
	endloop
endfacet
facet normal 1.000000 0.000000 0.000000
	outer loop
		vertex -4.921260 0.208272 17.056831
		vertex -4.921260 0.196820 16.400764
		vertex -4.921260 -0.014315 15.584114
	endloop
endfacet
facet normal 1.000000 0.000000 0.000000
	outer loop
		vertex -4.921260 0.133123 17.878479
		vertex -4.921260 0.208272 17.056831
		vertex -4.921260 -0.014315 15.584114
	endloop
endfacet
facet normal 1.000000 0.000000 0.000000
	outer loop
		vertex -4.921260 -0.081590 17.882227
		vertex -4.921260 0.133123 17.878479
		vertex -4.921260 -0.014315 15.584114
	endloop
endfacet
facet normal 1.000000 -0.000000 0.000000
	outer loop
		vertex -4.921260 -0.185369 17.063704
		vertex -4.921260 -0.081590 17.882227
		vertex -4.921260 -0.014315 15.584114
	endloop
endfacet
facet normal 1.000000 -0.000000 0.000000
	outer loop
		vertex -4.921260 -0.196820 16.407635
		vertex -4.921260 -0.185369 17.063704
		vertex -4.921260 -0.014315 15.584114
	endloop
endfacet
facet normal 1.000000 -0.000000 -0.000000
	outer loop
		vertex -4.921260 -0.166045 15.914897
		vertex -4.921260 -0.196820 16.407635
		vertex -4.921260 -0.014315 15.584114
	endloop
endfacet
facet normal 1.000000 -0.000000 -0.000000
	outer loop
		vertex -4.921260 -0.091325 15.683899
		vertex -4.921260 -0.166045 15.914897
		vertex -4.921260 -0.014315 15.584114
	endloop
endfacet
facet normal 0.000000 -0.769849 0.638227
	outer loop
		vertex 2.460630 -0.014315 15.584114
		vertex 0.000000 -0.014315 15.584114
		vertex 2.460630 0.066131 15.681150
	endloop
endfacet
facet normal 0.000000 -0.769849 0.638227
	outer loop
		vertex 0.000000 -0.014315 15.584114
		vertex 0.000000 0.066131 15.681150
		vertex 2.460630 0.066131 15.681150
	endloop
endfacet
facet normal 0.000000 -0.940142 0.340784
	outer loop
		vertex 2.460630 0.066131 15.681150
		vertex 0.000000 0.066131 15.681150
		vertex 2.460630 0.148868 15.909400
	endloop
endfacet
facet normal 0.000000 -0.940142 0.340784
	outer loop
		vertex 0.000000 0.066131 15.681150
		vertex 0.000000 0.148868 15.909400
		vertex 2.460630 0.148868 15.909400
	endloop
endfacet
facet normal 0.000000 -0.995272 0.097130
	outer loop
		vertex 2.460630 0.148868 15.909400
		vertex 0.000000 0.148868 15.909400
		vertex 2.460630 0.196820 16.400764
	endloop
endfacet
facet normal 0.000000 -0.995272 0.097130
	outer loop
		vertex 0.000000 0.148868 15.909400
		vertex 0.000000 0.196820 16.400764
		vertex 2.460630 0.196820 16.400764
	endloop
endfacet
facet normal 0.000000 -0.999848 0.017452
	outer loop
		vertex 2.460630 0.196820 16.400764
		vertex 0.000000 0.196820 16.400764
		vertex 2.460630 0.208272 17.056831
	endloop
endfacet
facet normal 0.000000 -0.999848 0.017452
	outer loop
		vertex 0.000000 0.196820 16.400764
		vertex 0.000000 0.208272 17.056831
		vertex 2.460630 0.208272 17.056831
	endloop
endfacet
facet normal -0.000000 -0.995843 -0.091081
	outer loop
		vertex 2.460630 0.208272 17.056831
		vertex 0.000000 0.208272 17.056831
		vertex 2.460630 0.133123 17.878479
	endloop
endfacet
facet normal 0.000000 -0.995843 -0.091081
	outer loop
		vertex 0.000000 0.208272 17.056831
		vertex 0.000000 0.133123 17.878479
		vertex 2.460630 0.133123 17.878479
	endloop
endfacet
facet normal -0.000000 -0.017453 -0.999848
	outer loop
		vertex 2.460630 0.133123 17.878479
		vertex 0.000000 0.133123 17.878479
		vertex 2.460630 -0.081590 17.882227
	endloop
endfacet
facet normal 0.000000 -0.017453 -0.999848
	outer loop
		vertex 0.000000 0.133123 17.878479
		vertex 0.000000 -0.081590 17.882227
		vertex 2.460630 -0.081590 17.882227
	endloop
endfacet
facet normal 0.000000 0.992058 -0.125780
	outer loop
		vertex 2.460630 -0.081590 17.882227
		vertex 0.000000 -0.081590 17.882227
		vertex 2.460630 -0.185369 17.063704
	endloop
endfacet
facet normal 0.000000 0.992058 -0.125780
	outer loop
		vertex 0.000000 -0.081590 17.882227
		vertex 0.000000 -0.185369 17.063704
		vertex 2.460630 -0.185369 17.063704
	endloop
endfacet
facet normal 0.000000 0.999848 -0.017452
	outer loop
		vertex 2.460630 -0.185369 17.063704
		vertex 0.000000 -0.185369 17.063704
		vertex 2.460630 -0.196820 16.407635
	endloop
endfacet
facet normal 0.000000 0.999848 -0.017452
	outer loop
		vertex 0.000000 -0.185369 17.063704
		vertex 0.000000 -0.196820 16.407635
		vertex 2.460630 -0.196820 16.407635
	endloop
endfacet
facet normal 0.000000 0.998055 0.062336
	outer loop
		vertex 2.460630 -0.196820 16.407635
		vertex 0.000000 -0.196820 16.407635
		vertex 2.460630 -0.166045 15.914897
	endloop
endfacet
facet normal 0.000000 0.998055 0.062336
	outer loop
		vertex 0.000000 -0.196820 16.407635
		vertex 0.000000 -0.166045 15.914897
		vertex 2.460630 -0.166045 15.914897
	endloop
endfacet
facet normal 0.000000 0.951462 0.307766
	outer loop
		vertex 2.460630 -0.166045 15.914897
		vertex 0.000000 -0.166045 15.914897
		vertex 2.460630 -0.091325 15.683899
	endloop
endfacet
facet normal 0.000000 0.951462 0.307766
	outer loop
		vertex 0.000000 -0.166045 15.914897
		vertex 0.000000 -0.091325 15.683899
		vertex 2.460630 -0.091325 15.683899
	endloop
endfacet
facet normal 0.000000 0.791654 0.610970
	outer loop
		vertex 2.460630 -0.091325 15.683899
		vertex 0.000000 -0.091325 15.683899
		vertex 2.460630 -0.014315 15.584114
	endloop
endfacet
facet normal 0.000000 0.791654 0.610970
	outer loop
		vertex 0.000000 -0.091325 15.683899
		vertex 0.000000 -0.014315 15.584114
		vertex 2.460630 -0.014315 15.584114
	endloop
endfacet
facet normal -0.000000 -0.916651 -0.399688
	outer loop
		vertex 2.460630 0.128263 17.912342
		vertex 0.000000 0.128263 17.912342
		vertex 2.460630 -0.267464 18.819910
	endloop
endfacet
facet normal 0.000000 -0.916651 -0.399688
	outer loop
		vertex 0.000000 0.128263 17.912342
		vertex 0.000000 -0.267464 18.819910
		vertex 2.460630 -0.267464 18.819910
	endloop
endfacet
facet normal 0.000000 1.000000 0.000000
	outer loop
		vertex 2.460630 -0.267464 18.819910
		vertex 0.000000 -0.267464 18.819910
		vertex 2.460630 -0.267464 18.819910
	endloop
endfacet
facet normal 0.000000 1.000000 0.000000
	outer loop
		vertex 0.000000 -0.267464 18.819910
		vertex 0.000000 -0.267464 18.819910
		vertex 2.460630 -0.267464 18.819910
	endloop
endfacet
facet normal 0.000000 0.981269 0.192642
	outer loop
		vertex 2.460630 -0.267464 18.819910
		vertex 0.000000 -0.267464 18.819910
		vertex 2.460630 -0.076731 17.848364
	endloop
endfacet
facet normal 0.000000 0.981269 0.192642
	outer loop
		vertex 0.000000 -0.267464 18.819910
		vertex 0.000000 -0.076731 17.848364
		vertex 2.460630 -0.076731 17.848364
	endloop
endfacet
facet normal 0.000000 -0.297925 0.954589
	outer loop
		vertex 2.460630 -0.076731 17.848364
		vertex 0.000000 -0.076731 17.848364
		vertex 2.460630 0.128263 17.912342
	endloop
endfacet
facet normal 0.000000 -0.297925 0.954589
	outer loop
		vertex 0.000000 -0.076731 17.848364
		vertex 0.000000 0.128263 17.912342
		vertex 2.460630 0.128263 17.912342
	endloop
endfacet
facet normal 1.000000 0.000000 -0.000000
	outer loop
		vertex 0.000000 -0.076731 17.848364
		vertex 0.000000 -0.267464 18.819910
		vertex 0.000000 0.128263 17.912342
	endloop
endfacet
facet normal 1.000000 0.000000 0.000000
	outer loop
		vertex 0.000000 -0.014315 15.584114
		vertex 0.000000 -0.091325 15.683899
		vertex 0.000000 -0.166045 15.914897
	endloop
endfacet
facet normal 1.000000 0.000000 0.000000
	outer loop
		vertex 0.000000 -0.014315 15.584114
		vertex 0.000000 -0.166045 15.914897
		vertex 0.000000 -0.196820 16.407635
	endloop
endfacet
facet normal 1.000000 0.000000 0.000000
	outer loop
		vertex 0.000000 -0.014315 15.584114
		vertex 0.000000 -0.196820 16.407635
		vertex 0.000000 -0.185369 17.063704
	endloop
endfacet
facet normal 1.000000 0.000000 0.000000
	outer loop
		vertex 0.000000 -0.014315 15.584114
		vertex 0.000000 -0.185369 17.063704
		vertex 0.000000 -0.081590 17.882227
	endloop
endfacet
facet normal 1.000000 0.000000 -0.000000
	outer loop
		vertex 0.000000 -0.014315 15.584114
		vertex 0.000000 -0.081590 17.882227
		vertex 0.000000 0.133123 17.878479
	endloop
endfacet
facet normal 1.000000 0.000000 0.000000
	outer loop
		vertex 0.000000 -0.014315 15.584114
		vertex 0.000000 0.133123 17.878479
		vertex 0.000000 0.208272 17.056831
	endloop
endfacet
facet normal 1.000000 0.000000 0.000000
	outer loop
		vertex 0.000000 -0.014315 15.584114
		vertex 0.000000 0.208272 17.056831
		vertex 0.000000 0.196820 16.400764
	endloop
endfacet
facet normal 1.000000 0.000000 0.000000
	outer loop
		vertex 0.000000 -0.014315 15.584114
		vertex 0.000000 0.196820 16.400764
		vertex 0.000000 0.148868 15.909400
	endloop
endfacet
facet normal 1.000000 0.000000 0.000000
	outer loop
		vertex 0.000000 -0.014315 15.584114
		vertex 0.000000 0.148868 15.909400
		vertex 0.000000 0.066131 15.681150
	endloop
endfacet
facet normal 0.000000 -0.769849 0.638227
	outer loop
		vertex 4.921260 -0.014315 15.584114
		vertex 2.460630 -0.014315 15.584114
		vertex 4.921260 0.066131 15.681150
	endloop
endfacet
facet normal 0.000000 -0.769849 0.638227
	outer loop
		vertex 2.460630 -0.014315 15.584114
		vertex 2.460630 0.066131 15.681150
		vertex 4.921260 0.066131 15.681150
	endloop
endfacet
facet normal 0.000000 -0.940142 0.340784
	outer loop
		vertex 4.921260 0.066131 15.681150
		vertex 2.460630 0.066131 15.681150
		vertex 4.921260 0.148868 15.909400
	endloop
endfacet
facet normal 0.000000 -0.940142 0.340784
	outer loop
		vertex 2.460630 0.066131 15.681150
		vertex 2.460630 0.148868 15.909400
		vertex 4.921260 0.148868 15.909400
	endloop
endfacet
facet normal 0.000000 -0.995272 0.097130
	outer loop
		vertex 4.921260 0.148868 15.909400
		vertex 2.460630 0.148868 15.909400
		vertex 4.921260 0.196820 16.400764
	endloop
endfacet
facet normal 0.000000 -0.995272 0.097130
	outer loop
		vertex 2.460630 0.148868 15.909400
		vertex 2.460630 0.196820 16.400764
		vertex 4.921260 0.196820 16.400764
	endloop
endfacet
facet normal 0.000000 -0.999848 0.017452
	outer loop
		vertex 4.921260 0.196820 16.400764
		vertex 2.460630 0.196820 16.400764
		vertex 4.921260 0.208272 17.056831
	endloop
endfacet
facet normal 0.000000 -0.999848 0.017452
	outer loop
		vertex 2.460630 0.196820 16.400764
		vertex 2.460630 0.208272 17.056831
		vertex 4.921260 0.208272 17.056831
	endloop
endfacet
facet normal -0.000000 -0.995843 -0.091081
	outer loop
		vertex 4.921260 0.208272 17.056831
		vertex 2.460630 0.208272 17.056831
		vertex 4.921260 0.133123 17.878479
	endloop
endfacet
facet normal 0.000000 -0.995843 -0.091081
	outer loop
		vertex 2.460630 0.208272 17.056831
		vertex 2.460630 0.133123 17.878479
		vertex 4.921260 0.133123 17.878479
	endloop
endfacet
facet normal -0.000000 -0.017453 -0.999848
	outer loop
		vertex 4.921260 0.133123 17.878479
		vertex 2.460630 0.133123 17.878479
		vertex 4.921260 -0.081590 17.882227
	endloop
endfacet
facet normal 0.000000 -0.017453 -0.999848
	outer loop
		vertex 2.460630 0.133123 17.878479
		vertex 2.460630 -0.081590 17.882227
		vertex 4.921260 -0.081590 17.882227
	endloop
endfacet
facet normal 0.000000 0.992058 -0.125780
	outer loop
		vertex 4.921260 -0.081590 17.882227
		vertex 2.460630 -0.081590 17.882227
		vertex 4.921260 -0.185369 17.063704
	endloop
endfacet
facet normal 0.000000 0.992058 -0.125780
	outer loop
		vertex 2.460630 -0.081590 17.882227
		vertex 2.460630 -0.185369 17.063704
		vertex 4.921260 -0.185369 17.063704
	endloop
endfacet
facet normal 0.000000 0.999848 -0.017452
	outer loop
		vertex 4.921260 -0.185369 17.063704
		vertex 2.460630 -0.185369 17.063704
		vertex 4.921260 -0.196820 16.407635
	endloop
endfacet
facet normal 0.000000 0.999848 -0.017452
	outer loop
		vertex 2.460630 -0.185369 17.063704
		vertex 2.460630 -0.196820 16.407635
		vertex 4.921260 -0.196820 16.407635
	endloop
endfacet
facet normal 0.000000 0.998055 0.062336
	outer loop
		vertex 4.921260 -0.196820 16.407635
		vertex 2.460630 -0.196820 16.407635
		vertex 4.921260 -0.166045 15.914897
	endloop
endfacet
facet normal 0.000000 0.998055 0.062336
	outer loop
		vertex 2.460630 -0.196820 16.407635
		vertex 2.460630 -0.166045 15.914897
		vertex 4.921260 -0.166045 15.914897
	endloop
endfacet
facet normal 0.000000 0.951462 0.307766
	outer loop
		vertex 4.921260 -0.166045 15.914897
		vertex 2.460630 -0.166045 15.914897
		vertex 4.921260 -0.091325 15.683899
	endloop
endfacet
facet normal 0.000000 0.951462 0.307766
	outer loop
		vertex 2.460630 -0.166045 15.914897
		vertex 2.460630 -0.091325 15.683899
		vertex 4.921260 -0.091325 15.683899
	endloop
endfacet
facet normal 0.000000 0.791654 0.610970
	outer loop
		vertex 4.921260 -0.091325 15.683899
		vertex 2.460630 -0.091325 15.683899
		vertex 4.921260 -0.014315 15.584114
	endloop
endfacet
facet normal 0.000000 0.791654 0.610970
	outer loop
		vertex 2.460630 -0.091325 15.683899
		vertex 2.460630 -0.014315 15.584114
		vertex 4.921260 -0.014315 15.584114
	endloop
endfacet
facet normal -0.000000 -0.916651 -0.399688
	outer loop
		vertex 4.921260 0.128263 17.912342
		vertex 2.460630 0.128263 17.912342
		vertex 4.921260 -0.267464 18.819910
	endloop
endfacet
facet normal 0.000000 -0.916651 -0.399688
	outer loop
		vertex 2.460630 0.128263 17.912342
		vertex 2.460630 -0.267464 18.819910
		vertex 4.921260 -0.267464 18.819910
	endloop
endfacet
facet normal 0.000000 1.000000 0.000000
	outer loop
		vertex 4.921260 -0.267464 18.819910
		vertex 2.460630 -0.267464 18.819910
		vertex 4.921260 -0.267464 18.819910
	endloop
endfacet
facet normal 0.000000 1.000000 0.000000
	outer loop
		vertex 2.460630 -0.267464 18.819910
		vertex 2.460630 -0.267464 18.819910
		vertex 4.921260 -0.267464 18.819910
	endloop
endfacet
facet normal 0.000000 0.981269 0.192642
	outer loop
		vertex 4.921260 -0.267464 18.819910
		vertex 2.460630 -0.267464 18.819910
		vertex 4.921260 -0.076731 17.848364
	endloop
endfacet
facet normal 0.000000 0.981269 0.192642
	outer loop
		vertex 2.460630 -0.267464 18.819910
		vertex 2.460630 -0.076731 17.848364
		vertex 4.921260 -0.076731 17.848364
	endloop
endfacet
facet normal 0.000000 -0.297925 0.954589
	outer loop
		vertex 4.921260 -0.076731 17.848364
		vertex 2.460630 -0.076731 17.848364
		vertex 4.921260 0.128263 17.912342
	endloop
endfacet
facet normal 0.000000 -0.297925 0.954589
	outer loop
		vertex 2.460630 -0.076731 17.848364
		vertex 2.460630 0.128263 17.912342
		vertex 4.921260 0.128263 17.912342
	endloop
endfacet
facet normal -1.000000 -0.000000 0.000000
	outer loop
		vertex 4.921260 0.128263 17.912342
		vertex 4.921260 -0.267464 18.819910
		vertex 4.921260 -0.076731 17.848364
	endloop
endfacet
facet normal -1.000000 0.000000 0.000000
	outer loop
		vertex 4.921260 -0.014315 15.584114
		vertex 4.921260 0.066131 15.681150
		vertex 4.921260 0.148868 15.909400
	endloop
endfacet
facet normal -1.000000 0.000000 0.000000
	outer loop
		vertex 4.921260 -0.014315 15.584114
		vertex 4.921260 0.148868 15.909400
		vertex 4.921260 0.196820 16.400764
	endloop
endfacet
facet normal -1.000000 0.000000 0.000000
	outer loop
		vertex 4.921260 -0.014315 15.584114
		vertex 4.921260 0.196820 16.400764
		vertex 4.921260 0.208272 17.056831
	endloop
endfacet
facet normal -1.000000 0.000000 0.000000
	outer loop
		vertex 4.921260 -0.014315 15.584114
		vertex 4.921260 0.208272 17.056831
		vertex 4.921260 0.133123 17.878479
	endloop
endfacet
facet normal -1.000000 0.000000 0.000000
	outer loop
		vertex 4.921260 -0.014315 15.584114
		vertex 4.921260 0.133123 17.878479
		vertex 4.921260 -0.081590 17.882227
	endloop
endfacet
facet normal -1.000000 0.000000 0.000000
	outer loop
		vertex 4.921260 -0.014315 15.584114
		vertex 4.921260 -0.081590 17.882227
		vertex 4.921260 -0.185369 17.063704
	endloop
endfacet
facet normal -1.000000 0.000000 0.000000
	outer loop
		vertex 4.921260 -0.014315 15.584114
		vertex 4.921260 -0.185369 17.063704
		vertex 4.921260 -0.196820 16.407635
	endloop
endfacet
facet normal -1.000000 0.000000 0.000000
	outer loop
		vertex 4.921260 -0.014315 15.584114
		vertex 4.921260 -0.196820 16.407635
		vertex 4.921260 -0.166045 15.914897
	endloop
endfacet
facet normal -1.000000 0.000000 0.000000
	outer loop
		vertex 4.921260 -0.014315 15.584114
		vertex 4.921260 -0.166045 15.914897
		vertex 4.921260 -0.091325 15.683899
	endloop
endfacet
facet normal -0.757078 -0.244944 0.605670
	outer loop
		vertex 0.094489 2.356847 16.245146
		vertex 0.000000 0.000000 15.173884
		vertex 0.000000 2.356847 16.127037
	endloop
endfacet
facet normal -0.757083 -0.244941 0.605664
	outer loop
		vertex 0.094489 2.356847 16.245146
		vertex 0.118110 0.000000 15.321523
		vertex 0.000000 0.000000 15.173884
	endloop
endfacet
facet normal -0.937245 -0.135324 0.321341
	outer loop
		vertex 0.188977 2.356847 16.520737
		vertex 0.118110 0.000000 15.321523
		vertex 0.094489 2.356847 16.245146
	endloop
endfacet
facet normal -0.937245 -0.135324 0.321341
	outer loop
		vertex 0.188977 2.356847 16.520737
		vertex 0.236220 0.000000 15.666011
		vertex 0.118110 0.000000 15.321523
	endloop
endfacet
facet normal -0.995626 -0.048843 0.079650
	outer loop
		vertex 0.236221 2.356847 17.111288
		vertex 0.236220 0.000000 15.666011
		vertex 0.188977 2.356847 16.520737
	endloop
endfacet
facet normal -0.995626 -0.048843 0.079650
	outer loop
		vertex 0.236221 2.356847 17.111288
		vertex 0.295276 0.000000 16.404200
		vertex 0.236220 0.000000 15.666011
	endloop
endfacet
facet normal -0.999686 -0.025049 -0.000000
	outer loop
		vertex 0.236221 2.356847 17.898689
		vertex 0.295276 0.000000 16.404200
		vertex 0.236221 2.356847 17.111288
	endloop
endfacet
facet normal -0.999686 -0.025049 0.000000
	outer loop
		vertex 0.236221 2.356847 17.898689
		vertex 0.295276 0.000000 17.388451
		vertex 0.295276 0.000000 16.404200
	endloop
endfacet
facet normal -0.994101 -0.001431 -0.108447
	outer loop
		vertex 0.128848 2.356847 18.882942
		vertex 0.295276 0.000000 17.388451
		vertex 0.236221 2.356847 17.898689
	endloop
endfacet
facet normal -0.994101 -0.001431 -0.108447
	outer loop
		vertex 0.128848 2.356847 18.882942
		vertex 0.161059 0.000000 18.618767
		vertex 0.295276 0.000000 17.388451
	endloop
endfacet
facet normal 0.000000 0.111391 -0.993777
	outer loop
		vertex -0.128847 2.356847 18.882942
		vertex 0.161059 0.000000 18.618767
		vertex 0.128848 2.356847 18.882942
	endloop
endfacet
facet normal 0.000000 0.111391 -0.993777
	outer loop
		vertex -0.128847 2.356847 18.882942
		vertex -0.161059 -0.000000 18.618767
		vertex 0.161059 0.000000 18.618767
	endloop
endfacet
facet normal 0.994101 -0.001431 -0.108447
	outer loop
		vertex -0.236220 2.356847 17.898689
		vertex -0.161059 -0.000000 18.618767
		vertex -0.128847 2.356847 18.882942
	endloop
endfacet
facet normal 0.994101 -0.001431 -0.108447
	outer loop
		vertex -0.236220 2.356847 17.898689
		vertex -0.295276 -0.000000 17.388451
		vertex -0.161059 -0.000000 18.618767
	endloop
endfacet
facet normal 0.999686 -0.025049 0.000000
	outer loop
		vertex -0.236220 2.356847 17.111288
		vertex -0.295276 -0.000000 17.388451
		vertex -0.236220 2.356847 17.898689
	endloop
endfacet
facet normal 0.999686 -0.025049 0.000000
	outer loop
		vertex -0.236220 2.356847 17.111288
		vertex -0.295276 -0.000000 16.404200
		vertex -0.295276 -0.000000 17.388451
	endloop
endfacet
facet normal 0.995626 -0.048844 0.079650
	outer loop
		vertex -0.188976 2.356847 16.520737
		vertex -0.295276 -0.000000 16.404200
		vertex -0.236220 2.356847 17.111288
	endloop
endfacet
facet normal 0.995625 -0.048844 0.079650
	outer loop
		vertex -0.188976 2.356847 16.520737
		vertex -0.236220 -0.000000 15.666011
		vertex -0.295276 -0.000000 16.404200
	endloop
endfacet
facet normal 0.937245 -0.135324 0.321341
	outer loop
		vertex -0.094488 2.356847 16.245146
		vertex -0.236220 -0.000000 15.666011
		vertex -0.188976 2.356847 16.520737
	endloop
endfacet
facet normal 0.937245 -0.135324 0.321341
	outer loop
		vertex -0.094488 2.356847 16.245146
		vertex -0.118110 -0.000000 15.321523
		vertex -0.236220 -0.000000 15.666011
	endloop
endfacet
facet normal 0.757078 -0.244944 0.605670
	outer loop
		vertex 0.000000 2.356847 16.127037
		vertex -0.118110 -0.000000 15.321523
		vertex -0.094488 2.356847 16.245146
	endloop
endfacet
facet normal 0.757083 -0.244942 0.605664
	outer loop
		vertex 0.000000 2.356847 16.127037
		vertex 0.000000 0.000000 15.173884
		vertex -0.118110 -0.000000 15.321523
	endloop
endfacet
facet normal -0.964232 -0.042905 0.261564
	outer loop
		vertex 0.430750 2.365969 19.982658
		vertex 0.149822 0.006584 18.560028
		vertex 0.119858 2.362114 18.835951
	endloop
endfacet
facet normal -0.964232 -0.042905 0.261564
	outer loop
		vertex 0.430750 2.365969 19.982658
		vertex 0.538437 0.011403 19.993412
		vertex 0.149822 0.006584 18.560028
	endloop
endfacet
facet normal 0.000000 1.000000 0.000000
	outer loop
		vertex 0.430750 2.365969 19.982658
		vertex 0.538437 0.011403 19.993412
		vertex 0.430750 2.365969 19.982658
	endloop
endfacet
facet normal 0.000000 1.000000 0.000000
	outer loop
		vertex 0.430750 2.365969 19.982658
		vertex 0.538437 0.011403 19.993412
		vertex 0.538437 0.011403 19.993412
	endloop
endfacet
facet normal 0.885247 0.038370 -0.463536
	outer loop
		vertex -0.119857 2.351580 18.929934
		vertex 0.538437 0.011403 19.993412
		vertex 0.430750 2.365969 19.982658
	endloop
endfacet
facet normal 0.885247 0.038370 -0.463536
	outer loop
		vertex -0.119857 2.351580 18.929934
		vertex -0.149822 -0.006584 18.677505
		vertex 0.538437 0.011403 19.993412
	endloop
endfacet
facet normal 0.366988 -0.103619 0.924437
	outer loop
		vertex 0.119858 2.362114 18.835951
		vertex -0.149822 -0.006584 18.677505
		vertex -0.119857 2.351580 18.929934
	endloop
endfacet
facet normal 0.366986 -0.103619 0.924437
	outer loop
		vertex 0.119858 2.362114 18.835951
		vertex 0.149822 0.006584 18.560028
		vertex -0.149822 -0.006584 18.677505
	endloop
endfacet
facet normal -0.040879 0.999134 0.007724
	outer loop
		vertex 0.149822 0.006584 18.560028
		vertex 0.538437 0.011403 19.993412
		vertex -0.149822 -0.006584 18.677505
	endloop
endfacet
facet normal -0.000000 1.000000 0.000000
	outer loop
		vertex -0.236220 -0.000000 15.666011
		vertex -0.118110 -0.000000 15.321523
		vertex 0.000000 0.000000 15.173884
	endloop
endfacet
facet normal -0.000000 1.000000 -0.000000
	outer loop
		vertex -0.295276 -0.000000 16.404200
		vertex -0.236220 -0.000000 15.666011
		vertex 0.000000 0.000000 15.173884
	endloop
endfacet
facet normal -0.000000 1.000000 0.000000
	outer loop
		vertex -0.295276 -0.000000 17.388451
		vertex -0.295276 -0.000000 16.404200
		vertex 0.000000 0.000000 15.173884
	endloop
endfacet
facet normal -0.000000 1.000000 -0.000000
	outer loop
		vertex -0.161059 -0.000000 18.618767
		vertex -0.295276 -0.000000 17.388451
		vertex 0.000000 0.000000 15.173884
	endloop
endfacet
facet normal -0.000000 1.000000 0.000000
	outer loop
		vertex 0.161059 0.000000 18.618767
		vertex -0.161059 -0.000000 18.618767
		vertex 0.000000 0.000000 15.173884
	endloop
endfacet
facet normal -0.000000 1.000000 0.000000
	outer loop
		vertex 0.295276 0.000000 17.388451
		vertex 0.161059 0.000000 18.618767
		vertex 0.000000 0.000000 15.173884
	endloop
endfacet
facet normal -0.000000 1.000000 0.000000
	outer loop
		vertex 0.295276 0.000000 16.404200
		vertex 0.295276 0.000000 17.388451
		vertex 0.000000 0.000000 15.173884
	endloop
endfacet
facet normal -0.000000 1.000000 0.000000
	outer loop
		vertex 0.236220 0.000000 15.666011
		vertex 0.295276 0.000000 16.404200
		vertex 0.000000 0.000000 15.173884
	endloop
endfacet
facet normal -0.000000 1.000000 0.000000
	outer loop
		vertex 0.118110 0.000000 15.321523
		vertex 0.236220 0.000000 15.666011
		vertex 0.000000 0.000000 15.173884
	endloop
endfacet
facet normal -0.757083 -0.244941 0.605664
	outer loop
		vertex 0.070867 4.713694 17.168768
		vertex 0.000000 2.356847 16.127037
		vertex 0.000001 4.713694 17.080185
	endloop
endfacet
facet normal -0.757078 -0.244943 0.605670
	outer loop
		vertex 0.070867 4.713694 17.168768
		vertex 0.094489 2.356847 16.245146
		vertex 0.000000 2.356847 16.127037
	endloop
endfacet
facet normal -0.937245 -0.135323 0.321340
	outer loop
		vertex 0.141733 4.713694 17.375462
		vertex 0.094489 2.356847 16.245146
		vertex 0.070867 4.713694 17.168768
	endloop
endfacet
facet normal -0.937245 -0.135323 0.321341
	outer loop
		vertex 0.141733 4.713694 17.375462
		vertex 0.188977 2.356847 16.520737
		vertex 0.094489 2.356847 16.245146
	endloop
endfacet
facet normal -0.995626 -0.048843 0.079650
	outer loop
		vertex 0.177166 4.713694 17.818375
		vertex 0.188977 2.356847 16.520737
		vertex 0.141733 4.713694 17.375462
	endloop
endfacet
facet normal -0.995626 -0.048843 0.079650
	outer loop
		vertex 0.177166 4.713694 17.818375
		vertex 0.236221 2.356847 17.111288
		vertex 0.188977 2.356847 16.520737
	endloop
endfacet
facet normal -0.999686 -0.025049 -0.000000
	outer loop
		vertex 0.177166 4.713694 18.408926
		vertex 0.236221 2.356847 17.111288
		vertex 0.177166 4.713694 17.818375
	endloop
endfacet
facet normal -0.999686 -0.025049 0.000000
	outer loop
		vertex 0.177166 4.713694 18.408926
		vertex 0.236221 2.356847 17.898689
		vertex 0.236221 2.356847 17.111288
	endloop
endfacet
facet normal -0.994101 -0.001431 -0.108448
	outer loop
		vertex 0.096636 4.713694 19.147114
		vertex 0.236221 2.356847 17.898689
		vertex 0.177166 4.713694 18.408926
	endloop
endfacet
facet normal -0.994101 -0.001431 -0.108447
	outer loop
		vertex 0.096636 4.713694 19.147114
		vertex 0.128848 2.356847 18.882942
		vertex 0.236221 2.356847 17.898689
	endloop
endfacet
facet normal 0.000000 0.111389 -0.993777
	outer loop
		vertex -0.096635 4.713694 19.147114
		vertex 0.128848 2.356847 18.882942
		vertex 0.096636 4.713694 19.147114
	endloop
endfacet
facet normal 0.000000 0.111389 -0.993777
	outer loop
		vertex -0.096635 4.713694 19.147114
		vertex -0.128847 2.356847 18.882942
		vertex 0.128848 2.356847 18.882942
	endloop
endfacet
facet normal 0.994101 -0.001431 -0.108448
	outer loop
		vertex -0.177165 4.713694 18.408926
		vertex -0.128847 2.356847 18.882942
		vertex -0.096635 4.713694 19.147114
	endloop
endfacet
facet normal 0.994101 -0.001431 -0.108447
	outer loop
		vertex -0.177165 4.713694 18.408926
		vertex -0.236220 2.356847 17.898689
		vertex -0.128847 2.356847 18.882942
	endloop
endfacet
facet normal 0.999686 -0.025049 0.000000
	outer loop
		vertex -0.177165 4.713694 17.818375
		vertex -0.236220 2.356847 17.898689
		vertex -0.177165 4.713694 18.408926
	endloop
endfacet
facet normal 0.999686 -0.025049 0.000000
	outer loop
		vertex -0.177165 4.713694 17.818375
		vertex -0.236220 2.356847 17.111288
		vertex -0.236220 2.356847 17.898689
	endloop
endfacet
facet normal 0.995626 -0.048844 0.079650
	outer loop
		vertex -0.141732 4.713694 17.375462
		vertex -0.236220 2.356847 17.111288
		vertex -0.177165 4.713694 17.818375
	endloop
endfacet
facet normal 0.995626 -0.048844 0.079650
	outer loop
		vertex -0.141732 4.713694 17.375462
		vertex -0.188976 2.356847 16.520737
		vertex -0.236220 2.356847 17.111288
	endloop
endfacet
facet normal 0.937245 -0.135324 0.321340
	outer loop
		vertex -0.070865 4.713694 17.168768
		vertex -0.188976 2.356847 16.520737
		vertex -0.141732 4.713694 17.375462
	endloop
endfacet
facet normal 0.937245 -0.135324 0.321341
	outer loop
		vertex -0.070865 4.713694 17.168768
		vertex -0.094488 2.356847 16.245146
		vertex -0.188976 2.356847 16.520737
	endloop
endfacet
facet normal 0.757083 -0.244941 0.605664
	outer loop
		vertex 0.000001 4.713694 17.080185
		vertex -0.094488 2.356847 16.245146
		vertex -0.070865 4.713694 17.168768
	endloop
endfacet
facet normal 0.757078 -0.244943 0.605670
	outer loop
		vertex 0.000001 4.713694 17.080185
		vertex 0.000000 2.356847 16.127037
		vertex -0.094488 2.356847 16.245146
	endloop
endfacet
facet normal -0.964232 -0.042905 0.261565
	outer loop
		vertex 0.323064 4.720535 19.971901
		vertex 0.119858 2.362114 18.835951
		vertex 0.089894 4.717644 19.111870
	endloop
endfacet
facet normal -0.964232 -0.042905 0.261565
	outer loop
		vertex 0.323064 4.720535 19.971901
		vertex 0.430750 2.365969 19.982656
		vertex 0.119858 2.362114 18.835951
	endloop
endfacet
facet normal 0.000000 1.000000 0.000000
	outer loop
		vertex 0.323064 4.720535 19.971901
		vertex 0.430750 2.365969 19.982656
		vertex 0.323064 4.720535 19.971901
	endloop
endfacet
facet normal 0.000000 1.000000 0.000000
	outer loop
		vertex 0.323064 4.720535 19.971901
		vertex 0.430750 2.365969 19.982656
		vertex 0.430750 2.365969 19.982656
	endloop
endfacet
facet normal 0.885247 0.038370 -0.463536
	outer loop
		vertex -0.089892 4.709743 19.182356
		vertex 0.430750 2.365969 19.982656
		vertex 0.323064 4.720535 19.971901
	endloop
endfacet
facet normal 0.885247 0.038369 -0.463536
	outer loop
		vertex -0.089892 4.709743 19.182356
		vertex -0.119857 2.351580 18.929934
		vertex 0.430750 2.365969 19.982656
	endloop
endfacet
facet normal 0.366984 -0.103617 0.924439
	outer loop
		vertex 0.089894 4.717644 19.111870
		vertex -0.119857 2.351580 18.929934
		vertex -0.089892 4.709743 19.182356
	endloop
endfacet
facet normal 0.366989 -0.103617 0.924437
	outer loop
		vertex 0.089894 4.717644 19.111870
		vertex 0.119858 2.362114 18.835951
		vertex -0.119857 2.351580 18.929934
	endloop
endfacet
facet normal 0.040876 -0.999134 -0.007723
	outer loop
		vertex -0.089892 4.709743 19.182356
		vertex 0.323064 4.720535 19.971901
		vertex 0.089894 4.717644 19.111870
	endloop
endfacet
facet normal 0.000000 -1.000000 0.000000
	outer loop
		vertex 0.141733 4.713694 17.375462
		vertex 0.070867 4.713694 17.168768
		vertex 0.000001 4.713694 17.080185
	endloop
endfacet
facet normal 0.000000 -1.000000 0.000000
	outer loop
		vertex 0.177166 4.713694 17.818375
		vertex 0.141733 4.713694 17.375462
		vertex 0.000001 4.713694 17.080185
	endloop
endfacet
facet normal 0.000000 -1.000000 -0.000000
	outer loop
		vertex 0.177166 4.713694 18.408926
		vertex 0.177166 4.713694 17.818375
		vertex 0.000001 4.713694 17.080185
	endloop
endfacet
facet normal 0.000000 -1.000000 -0.000000
	outer loop
		vertex 0.096636 4.713694 19.147114
		vertex 0.177166 4.713694 18.408926
		vertex 0.000001 4.713694 17.080185
	endloop
endfacet
facet normal 0.000000 -1.000000 0.000000
	outer loop
		vertex -0.096635 4.713694 19.147114
		vertex 0.096636 4.713694 19.147114
		vertex 0.000001 4.713694 17.080185
	endloop
endfacet
facet normal 0.000000 -1.000000 0.000000
	outer loop
		vertex -0.177165 4.713694 18.408926
		vertex -0.096635 4.713694 19.147114
		vertex 0.000001 4.713694 17.080185
	endloop
endfacet
facet normal 0.000000 -1.000000 0.000000
	outer loop
		vertex -0.177165 4.713694 17.818375
		vertex -0.177165 4.713694 18.408926
		vertex 0.000001 4.713694 17.080185
	endloop
endfacet
facet normal 0.000000 -1.000000 0.000000
	outer loop
		vertex -0.141732 4.713694 17.375462
		vertex -0.177165 4.713694 17.818375
		vertex 0.000001 4.713694 17.080185
	endloop
endfacet
facet normal 0.000000 -1.000000 0.000000
	outer loop
		vertex -0.070865 4.713694 17.168768
		vertex -0.141732 4.713694 17.375462
		vertex 0.000001 4.713694 17.080185
	endloop
endfacet
facet normal -0.117871 -0.440016 0.890221
	outer loop
		vertex 0.125552 -0.230483 -4.691601
		vertex 0.000000 -0.661487 -4.921260
		vertex 0.000000 -0.196850 -4.691601
	endloop
endfacet
facet normal 0.000000 1.000000 0.000000
	outer loop
		vertex 0.125552 -0.230483 -4.691601
		vertex 0.000000 -0.661487 -4.921260
		vertex 0.000000 -0.661487 -4.921260
	endloop
endfacet
facet normal -0.330339 -0.367106 0.869545
	outer loop
		vertex 0.231990 -0.326261 -4.691601
		vertex 0.000000 -0.661487 -4.921260
		vertex 0.125552 -0.230483 -4.691601
	endloop
endfacet
facet normal 0.000000 1.000000 0.000000
	outer loop
		vertex 0.231990 -0.326261 -4.691601
		vertex 0.000000 -0.661487 -4.921260
		vertex 0.000000 -0.661487 -4.921260
	endloop
endfacet
facet normal -0.484831 -0.240551 0.840877
	outer loop
		vertex 0.303110 -0.469603 -4.691601
		vertex 0.000000 -0.661487 -4.921260
		vertex 0.231990 -0.326261 -4.691601
	endloop
endfacet
facet normal 0.000000 1.000000 0.000000
	outer loop
		vertex 0.303110 -0.469603 -4.691601
		vertex 0.000000 -0.661487 -4.921260
		vertex 0.000000 -0.661487 -4.921260
	endloop
endfacet
facet normal -0.567528 -0.083825 0.819076
	outer loop
		vertex 0.328084 -0.638686 -4.691601
		vertex 0.000000 -0.661487 -4.921260
		vertex 0.303110 -0.469603 -4.691601
	endloop
endfacet
facet normal 0.000000 1.000000 0.000000
	outer loop
		vertex 0.328084 -0.638686 -4.691601
		vertex 0.000000 -0.661487 -4.921260
		vertex 0.000000 -0.661487 -4.921260
	endloop
endfacet
facet normal -0.575345 0.084980 0.813484
	outer loop
		vertex 0.303110 -0.807770 -4.691601
		vertex 0.000000 -0.661487 -4.921260
		vertex 0.328084 -0.638686 -4.691601
	endloop
endfacet
facet normal 0.000000 1.000000 0.000000
	outer loop
		vertex 0.303110 -0.807770 -4.691601
		vertex 0.000000 -0.661487 -4.921260
		vertex 0.000000 -0.661487 -4.921260
	endloop
endfacet
facet normal -0.504935 0.250526 0.826001
	outer loop
		vertex 0.231990 -0.951111 -4.691601
		vertex 0.000000 -0.661487 -4.921260
		vertex 0.303110 -0.807770 -4.691601
	endloop
endfacet
facet normal 0.000000 1.000000 0.000000
	outer loop
		vertex 0.231990 -0.951111 -4.691601
		vertex 0.000000 -0.661487 -4.921260
		vertex 0.000000 -0.661487 -4.921260
	endloop
endfacet
facet normal -0.352434 0.391660 0.849937
	outer loop
		vertex 0.125552 -1.046889 -4.691601
		vertex 0.000000 -0.661487 -4.921260
		vertex 0.231990 -0.951111 -4.691601
	endloop
endfacet
facet normal 0.000000 1.000000 0.000000
	outer loop
		vertex 0.125552 -1.046889 -4.691601
		vertex 0.000000 -0.661487 -4.921260
		vertex 0.000000 -0.661487 -4.921260
	endloop
endfacet
facet normal -0.127693 0.476682 0.869752
	outer loop
		vertex 0.000000 -1.080522 -4.691601
		vertex 0.000000 -0.661487 -4.921260
		vertex 0.125552 -1.046889 -4.691601
	endloop
endfacet
facet normal 0.000000 1.000000 0.000000
	outer loop
		vertex 0.000000 -1.080522 -4.691601
		vertex 0.000000 -0.661487 -4.921260
		vertex 0.000000 -0.661487 -4.921260
	endloop
endfacet
facet normal 0.000000 1.000000 0.000000
	outer loop
		vertex 0.000000 -1.080522 -4.691601
		vertex 0.000000 -0.661487 -4.921260
		vertex 0.000000 -1.080522 -4.691601
	endloop
endfacet
facet normal 0.000000 1.000000 0.000000
	outer loop
		vertex 0.000000 -1.080522 -4.691601
		vertex 0.000000 -0.661487 -4.921260
		vertex 0.000000 -0.661487 -4.921260
	endloop
endfacet
facet normal 0.127693 0.476682 0.869752
	outer loop
		vertex -0.125552 -1.046889 -4.691601
		vertex 0.000000 -0.661487 -4.921260
		vertex 0.000000 -1.080522 -4.691601
	endloop
endfacet
facet normal 0.000000 1.000000 0.000000
	outer loop
		vertex -0.125552 -1.046889 -4.691601
		vertex 0.000000 -0.661487 -4.921260
		vertex 0.000000 -0.661487 -4.921260
	endloop
endfacet
facet normal 0.352434 0.391660 0.849937
	outer loop
		vertex -0.231990 -0.951111 -4.691601
		vertex 0.000000 -0.661487 -4.921260
		vertex -0.125552 -1.046889 -4.691601
	endloop
endfacet
facet normal 0.000000 1.000000 0.000000
	outer loop
		vertex -0.231990 -0.951111 -4.691601
		vertex 0.000000 -0.661487 -4.921260
		vertex 0.000000 -0.661487 -4.921260
	endloop
endfacet
facet normal 0.504935 0.250526 0.826001
	outer loop
		vertex -0.303110 -0.807770 -4.691601
		vertex 0.000000 -0.661487 -4.921260
		vertex -0.231990 -0.951111 -4.691601
	endloop
endfacet
facet normal 0.000000 1.000000 0.000000
	outer loop
		vertex -0.303110 -0.807770 -4.691601
		vertex 0.000000 -0.661487 -4.921260
		vertex 0.000000 -0.661487 -4.921260
	endloop
endfacet
facet normal 0.575345 0.084980 0.813484
	outer loop
		vertex -0.328084 -0.638686 -4.691601
		vertex 0.000000 -0.661487 -4.921260
		vertex -0.303110 -0.807770 -4.691601
	endloop
endfacet
facet normal 0.000000 1.000000 0.000000
	outer loop
		vertex -0.328084 -0.638686 -4.691601
		vertex 0.000000 -0.661487 -4.921260
		vertex 0.000000 -0.661487 -4.921260
	endloop
endfacet
facet normal 0.567528 -0.083825 0.819076
	outer loop
		vertex -0.303110 -0.469603 -4.691601
		vertex 0.000000 -0.661487 -4.921260
		vertex -0.328084 -0.638686 -4.691601
	endloop
endfacet
facet normal 0.000000 1.000000 0.000000
	outer loop
		vertex -0.303110 -0.469603 -4.691601
		vertex 0.000000 -0.661487 -4.921260
		vertex 0.000000 -0.661487 -4.921260
	endloop
endfacet
facet normal 0.484831 -0.240551 0.840877
	outer loop
		vertex -0.231990 -0.326261 -4.691601
		vertex 0.000000 -0.661487 -4.921260
		vertex -0.303110 -0.469603 -4.691601
	endloop
endfacet
facet normal 0.000000 1.000000 0.000000
	outer loop
		vertex -0.231990 -0.326261 -4.691601
		vertex 0.000000 -0.661487 -4.921260
		vertex 0.000000 -0.661487 -4.921260
	endloop
endfacet
facet normal 0.330339 -0.367106 0.869545
	outer loop
		vertex -0.125552 -0.230483 -4.691601
		vertex 0.000000 -0.661487 -4.921260
		vertex -0.231990 -0.326261 -4.691601
	endloop
endfacet
facet normal 0.000000 1.000000 0.000000
	outer loop
		vertex -0.125552 -0.230483 -4.691601
		vertex 0.000000 -0.661487 -4.921260
		vertex 0.000000 -0.661487 -4.921260
	endloop
endfacet
facet normal 0.117871 -0.440016 0.890221
	outer loop
		vertex 0.000000 -0.196850 -4.691601
		vertex 0.000000 -0.661487 -4.921260
		vertex -0.125552 -0.230483 -4.691601
	endloop
endfacet
facet normal 0.000000 1.000000 0.000000
	outer loop
		vertex 0.000000 -0.196850 -4.691601
		vertex 0.000000 -0.661487 -4.921260
		vertex 0.000000 -0.661487 -4.921260
	endloop
endfacet
facet normal -0.206876 -0.772276 0.600660
	outer loop
		vertex 0.188328 -0.017641 -4.396326
		vertex 0.000000 -0.196850 -4.691601
		vertex 0.000000 0.032808 -4.396326
	endloop
endfacet
facet normal -0.206876 -0.772276 0.600660
	outer loop
		vertex 0.188328 -0.017641 -4.396326
		vertex 0.125552 -0.230483 -4.691601
		vertex 0.000000 -0.196850 -4.691601
	endloop
endfacet
facet normal -0.553637 -0.615257 0.561199
	outer loop
		vertex 0.347986 -0.161308 -4.396326
		vertex 0.125552 -0.230483 -4.691601
		vertex 0.188328 -0.017641 -4.396326
	endloop
endfacet
facet normal -0.553637 -0.615257 0.561199
	outer loop
		vertex 0.347986 -0.161308 -4.396326
		vertex 0.231990 -0.326261 -4.691601
		vertex 0.125552 -0.230483 -4.691601
	endloop
endfacet
facet normal -0.768076 -0.381084 0.514619
	outer loop
		vertex 0.454665 -0.376321 -4.396326
		vertex 0.231990 -0.326261 -4.691601
		vertex 0.347986 -0.161308 -4.396326
	endloop
endfacet
facet normal -0.768077 -0.381084 0.514619
	outer loop
		vertex 0.454665 -0.376321 -4.396326
		vertex 0.303110 -0.469603 -4.691601
		vertex 0.231990 -0.326261 -4.691601
	endloop
endfacet
facet normal -0.865376 -0.127818 0.484549
	outer loop
		vertex 0.492126 -0.629945 -4.396326
		vertex 0.303110 -0.469603 -4.691601
		vertex 0.454665 -0.376321 -4.396326
	endloop
endfacet
facet normal -0.865376 -0.127818 0.484549
	outer loop
		vertex 0.492126 -0.629945 -4.396326
		vertex 0.328084 -0.638686 -4.691601
		vertex 0.303110 -0.469603 -4.691601
	endloop
endfacet
facet normal -0.868541 0.128285 0.478726
	outer loop
		vertex 0.454665 -0.883570 -4.396326
		vertex 0.328084 -0.638686 -4.691601
		vertex 0.492126 -0.629945 -4.396326
	endloop
endfacet
facet normal -0.868541 0.128285 0.478726
	outer loop
		vertex 0.454665 -0.883570 -4.396326
		vertex 0.303110 -0.807770 -4.691601
		vertex 0.328084 -0.638686 -4.691601
	endloop
endfacet
facet normal -0.776950 0.385487 0.497742
	outer loop
		vertex 0.347986 -1.098583 -4.396326
		vertex 0.303110 -0.807770 -4.691601
		vertex 0.454665 -0.883570 -4.396326
	endloop
endfacet
facet normal -0.776950 0.385487 0.497742
	outer loop
		vertex 0.347986 -1.098583 -4.396326
		vertex 0.231990 -0.951111 -4.691601
		vertex 0.303110 -0.807770 -4.691601
	endloop
endfacet
facet normal -0.564924 0.627800 0.535470
	outer loop
		vertex 0.188328 -1.242250 -4.396326
		vertex 0.231990 -0.951111 -4.691601
		vertex 0.347986 -1.098583 -4.396326
	endloop
endfacet
facet normal -0.564923 0.627800 0.535471
	outer loop
		vertex 0.188328 -1.242250 -4.396326
		vertex 0.125552 -1.046889 -4.691601
		vertex 0.231990 -0.951111 -4.691601
	endloop
endfacet
facet normal -0.212568 0.793524 0.570206
	outer loop
		vertex 0.000000 -1.292699 -4.396326
		vertex 0.125552 -1.046889 -4.691601
		vertex 0.188328 -1.242250 -4.396326
	endloop
endfacet
facet normal -0.212568 0.793524 0.570206
	outer loop
		vertex 0.000000 -1.292699 -4.396326
		vertex 0.000000 -1.080522 -4.691601
		vertex 0.125552 -1.046889 -4.691601
	endloop
endfacet
facet normal 0.000000 1.000000 0.000000
	outer loop
		vertex 0.000000 -1.292699 -4.396326
		vertex 0.000000 -1.080522 -4.691601
		vertex 0.000000 -1.292699 -4.396326
	endloop
endfacet
facet normal 0.000000 1.000000 0.000000
	outer loop
		vertex 0.000000 -1.292699 -4.396326
		vertex 0.000000 -1.080522 -4.691601
		vertex 0.000000 -1.080522 -4.691601
	endloop
endfacet
facet normal 0.212568 0.793524 0.570206
	outer loop
		vertex -0.188328 -1.242250 -4.396326
		vertex 0.000000 -1.080522 -4.691601
		vertex 0.000000 -1.292699 -4.396326
	endloop
endfacet
facet normal 0.212568 0.793524 0.570206
	outer loop
		vertex -0.188328 -1.242250 -4.396326
		vertex -0.125552 -1.046889 -4.691601
		vertex 0.000000 -1.080522 -4.691601
	endloop
endfacet
facet normal 0.564924 0.627800 0.535470
	outer loop
		vertex -0.347986 -1.098583 -4.396326
		vertex -0.125552 -1.046889 -4.691601
		vertex -0.188328 -1.242250 -4.396326
	endloop
endfacet
facet normal 0.564924 0.627800 0.535470
	outer loop
		vertex -0.347986 -1.098583 -4.396326
		vertex -0.231990 -0.951111 -4.691601
		vertex -0.125552 -1.046889 -4.691601
	endloop
endfacet
facet normal 0.776950 0.385487 0.497742
	outer loop
		vertex -0.454665 -0.883570 -4.396326
		vertex -0.231990 -0.951111 -4.691601
		vertex -0.347986 -1.098583 -4.396326
	endloop
endfacet
facet normal 0.776950 0.385487 0.497742
	outer loop
		vertex -0.454665 -0.883570 -4.396326
		vertex -0.303110 -0.807770 -4.691601
		vertex -0.231990 -0.951111 -4.691601
	endloop
endfacet
facet normal 0.868541 0.128285 0.478726
	outer loop
		vertex -0.492126 -0.629945 -4.396326
		vertex -0.303110 -0.807770 -4.691601
		vertex -0.454665 -0.883570 -4.396326
	endloop
endfacet
facet normal 0.868541 0.128285 0.478726
	outer loop
		vertex -0.492126 -0.629945 -4.396326
		vertex -0.328084 -0.638686 -4.691601
		vertex -0.303110 -0.807770 -4.691601
	endloop
endfacet
facet normal 0.865376 -0.127818 0.484549
	outer loop
		vertex -0.454665 -0.376321 -4.396326
		vertex -0.328084 -0.638686 -4.691601
		vertex -0.492126 -0.629945 -4.396326
	endloop
endfacet
facet normal 0.865376 -0.127818 0.484549
	outer loop
		vertex -0.454665 -0.376321 -4.396326
		vertex -0.303110 -0.469603 -4.691601
		vertex -0.328084 -0.638686 -4.691601
	endloop
endfacet
facet normal 0.768076 -0.381084 0.514619
	outer loop
		vertex -0.347986 -0.161308 -4.396326
		vertex -0.303110 -0.469603 -4.691601
		vertex -0.454665 -0.376321 -4.396326
	endloop
endfacet
facet normal 0.768077 -0.381084 0.514619
	outer loop
		vertex -0.347986 -0.161308 -4.396326
		vertex -0.231990 -0.326261 -4.691601
		vertex -0.303110 -0.469603 -4.691601
	endloop
endfacet
facet normal 0.553637 -0.615257 0.561199
	outer loop
		vertex -0.188328 -0.017641 -4.396326
		vertex -0.231990 -0.326261 -4.691601
		vertex -0.347986 -0.161308 -4.396326
	endloop
endfacet
facet normal 0.553637 -0.615257 0.561199
	outer loop
		vertex -0.188328 -0.017641 -4.396326
		vertex -0.125552 -0.230483 -4.691601
		vertex -0.231990 -0.326261 -4.691601
	endloop
endfacet
facet normal 0.206876 -0.772276 0.600660
	outer loop
		vertex 0.000000 0.032808 -4.396326
		vertex -0.125552 -0.230483 -4.691601
		vertex -0.188328 -0.017641 -4.396326
	endloop
endfacet
facet normal 0.206876 -0.772276 0.600660
	outer loop
		vertex 0.000000 0.032808 -4.396326
		vertex 0.000000 -0.196850 -4.691601
		vertex -0.125552 -0.230483 -4.691601
	endloop
endfacet
facet normal -0.227614 -0.892110 0.390298
	outer loop
		vertex 0.263660 0.195202 -3.871380
		vertex 0.000000 0.032808 -4.396326
		vertex 0.000000 0.262467 -3.871391
	endloop
endfacet
facet normal -0.237816 -0.887775 0.394081
	outer loop
		vertex 0.263660 0.195202 -3.871380
		vertex 0.188328 -0.017641 -4.396326
		vertex 0.000000 0.032808 -4.396326
	endloop
endfacet
facet normal -0.603925 -0.704699 0.372389
	outer loop
		vertex 0.487180 0.003646 -3.871380
		vertex 0.188328 -0.017641 -4.396326
		vertex 0.263660 0.195202 -3.871380
	endloop
endfacet
facet normal -0.618697 -0.687558 0.380104
	outer loop
		vertex 0.487180 0.003646 -3.871380
		vertex 0.347986 -0.161308 -4.396326
		vertex 0.188328 -0.017641 -4.396326
	endloop
endfacet
facet normal -0.828935 -0.431843 0.355498
	outer loop
		vertex 0.636531 -0.283038 -3.871380
		vertex 0.347986 -0.161308 -4.396326
		vertex 0.487180 0.003646 -3.871380
	endloop
endfacet
facet normal -0.834767 -0.414173 0.362801
	outer loop
		vertex 0.636531 -0.283038 -3.871380
		vertex 0.454665 -0.376321 -4.396326
		vertex 0.347986 -0.161308 -4.396326
	endloop
endfacet
facet normal -0.926907 -0.143751 0.346669
	outer loop
		vertex 0.688976 -0.621205 -3.871380
		vertex 0.454665 -0.376321 -4.396326
		vertex 0.636531 -0.283038 -3.871380
	endloop
endfacet
facet normal -0.926767 -0.136885 0.349809
	outer loop
		vertex 0.688976 -0.621205 -3.871380
		vertex 0.492126 -0.629945 -4.396326
		vertex 0.454665 -0.376321 -4.396326
	endloop
endfacet
facet normal -0.927382 0.143825 0.345366
	outer loop
		vertex 0.636531 -0.959371 -3.871380
		vertex 0.492126 -0.629945 -4.396326
		vertex 0.688976 -0.621205 -3.871380
	endloop
endfacet
facet normal -0.929650 0.137311 0.341902
	outer loop
		vertex 0.636531 -0.959371 -3.871380
		vertex 0.454665 -0.883570 -4.396326
		vertex 0.492126 -0.629945 -4.396326
	endloop
endfacet
facet normal -0.830681 0.432753 0.350276
	outer loop
		vertex 0.487180 -1.246055 -3.871380
		vertex 0.454665 -0.883570 -4.396326
		vertex 0.636531 -0.959371 -3.871380
	endloop
endfacet
facet normal -0.842205 0.417863 0.340708
	outer loop
		vertex 0.487180 -1.246055 -3.871380
		vertex 0.347986 -1.098583 -4.396326
		vertex 0.454665 -0.883570 -4.396326
	endloop
endfacet
facet normal -0.607100 0.708405 0.359989
	outer loop
		vertex 0.263660 -1.437611 -3.871380
		vertex 0.347986 -1.098583 -4.396326
		vertex 0.487180 -1.246055 -3.871380
	endloop
endfacet
facet normal -0.626799 0.696562 0.349176
	outer loop
		vertex 0.263660 -1.437611 -3.871380
		vertex 0.188328 -1.242250 -4.396326
		vertex 0.347986 -1.098583 -4.396326
	endloop
endfacet
facet normal -0.229833 0.900873 0.368245
	outer loop
		vertex 0.000000 -1.504876 -3.871380
		vertex 0.188328 -1.242250 -4.396326
		vertex 0.263660 -1.437611 -3.871380
	endloop
endfacet
facet normal -0.241035 0.899796 0.363687
	outer loop
		vertex 0.000000 -1.504876 -3.871380
		vertex 0.000000 -1.292699 -4.396326
		vertex 0.188328 -1.242250 -4.396326
	endloop
endfacet
facet normal 0.000000 1.000000 0.000000
	outer loop
		vertex 0.000000 -1.504876 -3.871380
		vertex 0.000000 -1.292699 -4.396326
		vertex 0.000000 -1.504876 -3.871380
	endloop
endfacet
facet normal 0.000000 1.000000 0.000000
	outer loop
		vertex 0.000000 -1.504876 -3.871380
		vertex 0.000000 -1.292699 -4.396326
		vertex 0.000000 -1.292699 -4.396326
	endloop
endfacet
facet normal 0.230181 0.902236 0.364673
	outer loop
		vertex -0.263660 -1.437611 -3.871380
		vertex 0.000000 -1.292699 -4.396326
		vertex 0.000000 -1.504876 -3.871380
	endloop
endfacet
facet normal 0.240528 0.897901 0.368674
	outer loop
		vertex -0.263660 -1.437611 -3.871380
		vertex -0.188328 -1.242250 -4.396326
		vertex 0.000000 -1.292699 -4.396326
	endloop
endfacet
facet normal 0.609102 0.710741 0.351913
	outer loop
		vertex -0.487180 -1.246055 -3.871380
		vertex -0.188328 -1.242250 -4.396326
		vertex -0.263660 -1.437611 -3.871380
	endloop
endfacet
facet normal 0.623986 0.693436 0.360261
	outer loop
		vertex -0.487180 -1.246055 -3.871380
		vertex -0.347986 -1.098583 -4.396326
		vertex -0.188328 -1.242250 -4.396326
	endloop
endfacet
facet normal 0.833118 0.434023 0.342838
	outer loop
		vertex -0.636531 -0.959371 -3.871380
		vertex -0.347986 -1.098583 -4.396326
		vertex -0.487180 -1.246055 -3.871380
	endloop
endfacet
facet normal 0.838895 0.416222 0.350734
	outer loop
		vertex -0.636531 -0.959371 -3.871380
		vertex -0.454665 -0.883570 -4.396326
		vertex -0.347986 -1.098583 -4.396326
	endloop
endfacet
facet normal 0.928438 0.143989 0.342446
	outer loop
		vertex -0.688976 -0.621205 -3.871380
		vertex -0.454665 -0.883570 -4.396326
		vertex -0.636531 -0.959371 -3.871380
	endloop
endfacet
facet normal 0.928238 0.137102 0.345799
	outer loop
		vertex -0.688976 -0.621205 -3.871380
		vertex -0.492126 -0.629945 -4.396326
		vertex -0.454665 -0.883570 -4.396326
	endloop
endfacet
facet normal 0.925841 -0.143586 0.349573
	outer loop
		vertex -0.636531 -0.283038 -3.871380
		vertex -0.492126 -0.629945 -4.396326
		vertex -0.688976 -0.621205 -3.871380
	endloop
endfacet
facet normal 0.928190 -0.137095 0.345931
	outer loop
		vertex -0.636531 -0.283038 -3.871380
		vertex -0.454665 -0.376321 -4.396326
		vertex -0.492126 -0.629945 -4.396326
	endloop
endfacet
facet normal 0.826435 -0.430541 0.362823
	outer loop
		vertex -0.487180 0.003646 -3.871380
		vertex -0.454665 -0.376321 -4.396326
		vertex -0.636531 -0.283038 -3.871380
	endloop
endfacet
facet normal 0.838159 -0.415856 0.352920
	outer loop
		vertex -0.487180 0.003646 -3.871380
		vertex -0.347986 -0.161308 -4.396326
		vertex -0.454665 -0.376321 -4.396326
	endloop
endfacet
facet normal 0.601845 -0.702272 0.380259
	outer loop
		vertex -0.263660 0.195202 -3.871380
		vertex -0.347986 -0.161308 -4.396326
		vertex -0.487180 0.003646 -3.871380
	endloop
endfacet
facet normal 0.621619 -0.690805 0.369295
	outer loop
		vertex -0.263660 0.195202 -3.871380
		vertex -0.188328 -0.017641 -4.396326
		vertex -0.347986 -0.161308 -4.396326
	endloop
endfacet
facet normal 0.227251 -0.890686 0.393745
	outer loop
		vertex 0.000000 0.262467 -3.871391
		vertex -0.188328 -0.017641 -4.396326
		vertex -0.263660 0.195202 -3.871380
	endloop
endfacet
facet normal 0.238346 -0.889754 0.389267
	outer loop
		vertex 0.000000 0.262467 -3.871391
		vertex 0.000000 0.032808 -4.396326
		vertex -0.188328 -0.017641 -4.396326
	endloop
endfacet
facet normal -0.250061 -0.939321 0.234830
	outer loop
		vertex 0.288770 0.316826 -3.346457
		vertex 0.000000 0.262467 -3.871391
		vertex 0.000000 0.393701 -3.346457
	endloop
endfacet
facet normal -0.240586 -0.942984 0.229997
	outer loop
		vertex 0.288770 0.316826 -3.346457
		vertex 0.263660 0.195202 -3.871380
		vertex 0.000000 0.262467 -3.871391
	endloop
endfacet
facet normal -0.653067 -0.730290 0.200448
	outer loop
		vertex 0.533578 0.097905 -3.346457
		vertex 0.263660 0.195202 -3.871380
		vertex 0.288770 0.316826 -3.346457
	endloop
endfacet
facet normal -0.638833 -0.745432 0.190322
	outer loop
		vertex 0.533578 0.097905 -3.346457
		vertex 0.487180 0.003646 -3.871380
		vertex 0.263660 0.195202 -3.871380
	endloop
endfacet
facet normal -0.883554 -0.441119 0.157308
	outer loop
		vertex 0.697153 -0.229734 -3.346457
		vertex 0.487180 0.003646 -3.871380
		vertex 0.533578 0.097905 -3.346457
	endloop
endfacet
facet normal -0.877140 -0.456957 0.147701
	outer loop
		vertex 0.697153 -0.229734 -3.346457
		vertex 0.636531 -0.283038 -3.871380
		vertex 0.487180 0.003646 -3.871380
	endloop
endfacet
facet normal -0.980986 -0.145799 0.128097
	outer loop
		vertex 0.754593 -0.616210 -3.346457
		vertex 0.636531 -0.283038 -3.871380
		vertex 0.697153 -0.229734 -3.346457
	endloop
endfacet
facet normal -0.980558 -0.152072 0.124019
	outer loop
		vertex 0.754593 -0.616210 -3.346457
		vertex 0.688976 -0.621205 -3.871380
		vertex 0.636531 -0.283038 -3.871380
	endloop
endfacet
facet normal -0.981826 0.145924 0.121342
	outer loop
		vertex 0.697153 -1.002686 -3.346457
		vertex 0.688976 -0.621205 -3.871380
		vertex 0.754593 -0.616210 -3.346457
	endloop
endfacet
facet normal -0.980341 0.152038 0.125763
	outer loop
		vertex 0.697153 -1.002686 -3.346457
		vertex 0.636531 -0.959371 -3.871380
		vertex 0.688976 -0.621205 -3.871380
	endloop
endfacet
facet normal -0.886030 0.442355 0.138827
	outer loop
		vertex 0.533578 -1.330324 -3.346457
		vertex 0.636531 -0.959371 -3.871380
		vertex 0.697153 -1.002686 -3.346457
	endloop
endfacet
facet normal -0.876723 0.456739 0.150817
	outer loop
		vertex 0.533578 -1.330324 -3.346457
		vertex 0.487180 -1.246055 -3.871380
		vertex 0.636531 -0.959371 -3.871380
	endloop
endfacet
facet normal -0.656214 0.733809 0.175806
	outer loop
		vertex 0.288770 -1.549245 -3.346457
		vertex 0.487180 -1.246055 -3.871380
		vertex 0.533578 -1.330324 -3.346457
	endloop
endfacet
facet normal -0.638983 0.745607 0.189134
	outer loop
		vertex 0.288770 -1.549245 -3.346457
		vertex 0.263660 -1.437611 -3.871380
		vertex 0.487180 -1.246055 -3.871380
	endloop
endfacet
facet normal -0.251361 0.944205 0.212827
	outer loop
		vertex 0.000000 -1.626120 -3.346457
		vertex 0.263660 -1.437611 -3.871380
		vertex 0.288770 -1.549245 -3.346457
	endloop
endfacet
facet normal -0.241236 0.945571 0.218403
	outer loop
		vertex 0.000000 -1.626120 -3.346457
		vertex 0.000000 -1.504876 -3.871380
		vertex 0.263660 -1.437611 -3.871380
	endloop
endfacet
facet normal 0.000000 1.000000 0.000000
	outer loop
		vertex 0.000000 -1.626120 -3.346457
		vertex 0.000000 -1.504876 -3.871380
		vertex 0.000000 -1.626120 -3.346457
	endloop
endfacet
facet normal 0.000000 1.000000 0.000000
	outer loop
		vertex 0.000000 -1.626120 -3.346457
		vertex 0.000000 -1.504876 -3.871380
		vertex 0.000000 -1.504876 -3.871380
	endloop
endfacet
facet normal 0.251076 0.943136 0.217840
	outer loop
		vertex -0.288770 -1.549245 -3.346457
		vertex 0.000000 -1.504876 -3.871380
		vertex 0.000000 -1.626120 -3.346457
	endloop
endfacet
facet normal 0.241537 0.946749 0.212898
	outer loop
		vertex -0.288770 -1.549245 -3.346457
		vertex -0.263660 -1.437611 -3.871380
		vertex 0.000000 -1.504876 -3.871380
	endloop
endfacet
facet normal 0.654831 0.732262 0.187054
	outer loop
		vertex -0.533578 -1.330324 -3.346457
		vertex -0.263660 -1.437611 -3.871380
		vertex -0.288770 -1.549245 -3.346457
	endloop
endfacet
facet normal 0.640500 0.747378 0.176596
	outer loop
		vertex -0.533578 -1.330324 -3.346457
		vertex -0.487180 -1.246055 -3.871380
		vertex -0.263660 -1.437611 -3.871380
	endloop
endfacet
facet normal 0.884692 0.441687 0.149105
	outer loop
		vertex -0.697153 -1.002686 -3.346457
		vertex -0.487180 -1.246055 -3.871380
		vertex -0.533578 -1.330324 -3.346457
	endloop
endfacet
facet normal 0.878236 0.457527 0.139179
	outer loop
		vertex -0.697153 -1.002686 -3.346457
		vertex -0.636531 -0.959371 -3.871380
		vertex -0.487180 -1.246055 -3.871380
	endloop
endfacet
facet normal 0.981331 0.145850 0.125367
	outer loop
		vertex -0.754593 -0.616210 -3.346457
		vertex -0.636531 -0.959371 -3.871380
		vertex -0.697153 -1.002686 -3.346457
	endloop
endfacet
facet normal 0.980906 0.152126 0.121168
	outer loop
		vertex -0.754593 -0.616210 -3.346457
		vertex -0.688976 -0.621205 -3.871380
		vertex -0.636531 -0.959371 -3.871380
	endloop
endfacet
facet normal 0.981492 -0.145874 0.124077
	outer loop
		vertex -0.697153 -0.229734 -3.346457
		vertex -0.688976 -0.621205 -3.871380
		vertex -0.754593 -0.616210 -3.346457
	endloop
endfacet
facet normal 0.979980 -0.151982 0.128609
	outer loop
		vertex -0.697153 -0.229734 -3.346457
		vertex -0.636531 -0.283038 -3.871380
		vertex -0.688976 -0.621205 -3.871380
	endloop
endfacet
facet normal 0.884965 -0.441823 0.147068
	outer loop
		vertex -0.533578 0.097905 -3.346457
		vertex -0.636531 -0.283038 -3.871380
		vertex -0.697153 -0.229734 -3.346457
	endloop
endfacet
facet normal 0.875543 -0.456124 0.159295
	outer loop
		vertex -0.533578 0.097905 -3.346457
		vertex -0.487180 0.003646 -3.871380
		vertex -0.636531 -0.283038 -3.871380
	endloop
endfacet
facet normal 0.654545 -0.731943 0.189289
	outer loop
		vertex -0.288770 0.316826 -3.346457
		vertex -0.487180 0.003646 -3.871380
		vertex -0.533578 0.097905 -3.346457
	endloop
endfacet
facet normal 0.637211 -0.743539 0.202759
	outer loop
		vertex -0.288770 0.316826 -3.346457
		vertex -0.263660 0.195202 -3.871380
		vertex -0.487180 0.003646 -3.871380
	endloop
endfacet
facet normal 0.250365 -0.940464 0.229881
	outer loop
		vertex 0.000000 0.393701 -3.346457
		vertex -0.263660 0.195202 -3.871380
		vertex -0.288770 0.316826 -3.346457
	endloop
endfacet
facet normal 0.240265 -0.941724 0.235431
	outer loop
		vertex 0.000000 0.393701 -3.346457
		vertex 0.000000 0.262467 -3.871391
		vertex -0.263660 0.195202 -3.871380
	endloop
endfacet
facet normal -0.259743 -0.958221 0.119778
	outer loop
		vertex 0.301326 0.377638 -2.821522
		vertex 0.000000 0.393701 -3.346457
		vertex 0.000000 0.459318 -2.821522
	endloop
endfacet
facet normal -0.255479 -0.959674 0.117286
	outer loop
		vertex 0.301326 0.377638 -2.821522
		vertex 0.288770 0.316826 -3.346457
		vertex 0.000000 0.393701 -3.346457
	endloop
endfacet
facet normal -0.669808 -0.735601 0.101238
	outer loop
		vertex 0.556777 0.145034 -2.821522
		vertex 0.288770 0.316826 -3.346457
		vertex 0.301326 0.377638 -2.821522
	endloop
endfacet
facet normal -0.663521 -0.741980 0.095940
	outer loop
		vertex 0.556777 0.145034 -2.821522
		vertex 0.533578 0.097905 -3.346457
		vertex 0.288770 0.316826 -3.346457
	endloop
endfacet
facet normal -0.895074 -0.438870 0.078960
	outer loop
		vertex 0.727464 -0.203082 -2.821522
		vertex 0.533578 0.097905 -3.346457
		vertex 0.556777 0.145034 -2.821522
	endloop
endfacet
facet normal -0.892231 -0.445451 0.074136
	outer loop
		vertex 0.727464 -0.203082 -2.821522
		vertex 0.697153 -0.229734 -3.346457
		vertex 0.533578 0.097905 -3.346457
	endloop
endfacet
facet normal -0.987464 -0.144134 0.064337
	outer loop
		vertex 0.787402 -0.613712 -2.821522
		vertex 0.697153 -0.229734 -3.346457
		vertex 0.727464 -0.203082 -2.821522
	endloop
endfacet
facet normal -0.987208 -0.146724 0.062398
	outer loop
		vertex 0.787402 -0.613712 -2.821522
		vertex 0.754593 -0.616210 -3.346457
		vertex 0.697153 -0.229734 -3.346457
	endloop
endfacet
facet normal -0.987669 0.144164 0.061043
	outer loop
		vertex 0.727464 -1.024343 -2.821522
		vertex 0.754593 -0.616210 -3.346457
		vertex 0.787402 -0.613712 -2.821522
	endloop
endfacet
facet normal -0.987167 0.146718 0.063054
	outer loop
		vertex 0.727464 -1.024343 -2.821522
		vertex 0.697153 -1.002686 -3.346457
		vertex 0.754593 -0.616210 -3.346457
	endloop
endfacet
facet normal -0.895685 0.439170 0.069838
	outer loop
		vertex 0.556777 -1.372459 -2.821522
		vertex 0.697153 -1.002686 -3.346457
		vertex 0.727464 -1.024343 -2.821522
	endloop
endfacet
facet normal -0.892161 0.445416 0.075181
	outer loop
		vertex 0.556777 -1.372459 -2.821522
		vertex 0.533578 -1.330324 -3.346457
		vertex 0.697153 -1.002686 -3.346457
	endloop
endfacet
facet normal -0.670610 0.736482 0.088752
	outer loop
		vertex 0.301325 -1.605063 -2.821522
		vertex 0.533578 -1.330324 -3.346457
		vertex 0.556777 -1.372459 -2.821522
	endloop
endfacet
facet normal -0.663596 0.742063 0.094777
	outer loop
		vertex 0.301325 -1.605063 -2.821522
		vertex 0.288770 -1.549245 -3.346457
		vertex 0.533578 -1.330324 -3.346457
	endloop
endfacet
facet normal -0.260088 0.959498 0.108246
	outer loop
		vertex 0.000000 -1.686742 -2.821522
		vertex 0.288770 -1.549245 -3.346457
		vertex 0.301325 -1.605063 -2.821522
	endloop
endfacet
facet normal -0.255667 0.960382 0.110910
	outer loop
		vertex 0.000000 -1.686742 -2.821522
		vertex 0.000000 -1.626120 -3.346457
		vertex 0.288770 -1.549245 -3.346457
	endloop
endfacet
facet normal 0.000000 1.000000 0.000000
	outer loop
		vertex 0.000000 -1.686742 -2.821522
		vertex 0.000000 -1.626120 -3.346457
		vertex 0.000000 -1.686742 -2.821522
	endloop
endfacet
facet normal 0.000000 1.000000 0.000000
	outer loop
		vertex 0.000000 -1.686742 -2.821522
		vertex 0.000000 -1.626120 -3.346457
		vertex 0.000000 -1.626120 -3.346457
	endloop
endfacet
facet normal 0.260015 0.959229 0.110777
	outer loop
		vertex -0.301325 -1.605063 -2.821522
		vertex 0.000000 -1.626120 -3.346457
		vertex 0.000000 -1.686742 -2.821522
	endloop
endfacet
facet normal 0.255742 0.960663 0.108266
	outer loop
		vertex -0.301325 -1.605063 -2.821522
		vertex -0.288770 -1.549245 -3.346457
		vertex 0.000000 -1.626120 -3.346457
	endloop
endfacet
facet normal 0.670267 0.736104 0.094303
	outer loop
		vertex -0.556777 -1.372459 -2.821522
		vertex -0.288770 -1.549245 -3.346457
		vertex -0.301325 -1.605063 -2.821522
	endloop
endfacet
facet normal 0.663955 0.742465 0.088938
	outer loop
		vertex -0.556777 -1.372459 -2.821522
		vertex -0.533578 -1.330324 -3.346457
		vertex -0.288770 -1.549245 -3.346457
	endloop
endfacet
facet normal 0.895362 0.439011 0.074808
	outer loop
		vertex -0.727464 -1.024343 -2.821522
		vertex -0.533578 -1.330324 -3.346457
		vertex -0.556777 -1.372459 -2.821522
	endloop
endfacet
facet normal 0.892504 0.445587 0.069919
	outer loop
		vertex -0.727464 -1.024343 -2.821522
		vertex -0.697153 -1.002686 -3.346457
		vertex -0.533578 -1.330324 -3.346457
	endloop
endfacet
facet normal 0.987551 0.144147 0.062971
	outer loop
		vertex -0.787402 -0.613712 -2.821522
		vertex -0.697153 -1.002686 -3.346457
		vertex -0.727464 -1.024343 -2.821522
	endloop
endfacet
facet normal 0.987292 0.146736 0.061008
	outer loop
		vertex -0.787402 -0.613712 -2.821522
		vertex -0.754593 -0.616210 -3.346457
		vertex -0.697153 -1.002686 -3.346457
	endloop
endfacet
facet normal 0.987586 -0.144152 0.062410
	outer loop
		vertex -0.727464 -0.203082 -2.821522
		vertex -0.754593 -0.616210 -3.346457
		vertex -0.787402 -0.613712 -2.821522
	endloop
endfacet
facet normal 0.987079 -0.146705 0.064445
	outer loop
		vertex -0.727464 -0.203082 -2.821522
		vertex -0.697153 -0.229734 -3.346457
		vertex -0.754593 -0.616210 -3.346457
	endloop
endfacet
facet normal 0.895416 -0.439038 0.073994
	outer loop
		vertex -0.556777 0.145034 -2.821522
		vertex -0.697153 -0.229734 -3.346457
		vertex -0.727464 -0.203082 -2.821522
	endloop
endfacet
facet normal 0.891869 -0.445270 0.079393
	outer loop
		vertex -0.556777 0.145034 -2.821522
		vertex -0.533578 0.097905 -3.346457
		vertex -0.697153 -0.229734 -3.346457
	endloop
endfacet
facet normal 0.670177 -0.736006 0.095698
	outer loop
		vertex -0.301326 0.377638 -2.821522
		vertex -0.533578 0.097905 -3.346457
		vertex -0.556777 0.145034 -2.821522
	endloop
endfacet
facet normal 0.663135 -0.741549 0.101767
	outer loop
		vertex -0.301326 0.377638 -2.821522
		vertex -0.288770 0.316826 -3.346457
		vertex -0.533578 0.097905 -3.346457
	endloop
endfacet
facet normal 0.259821 -0.958511 0.117255
	outer loop
		vertex 0.000000 0.459318 -2.821522
		vertex -0.288770 0.316826 -3.346457
		vertex -0.301326 0.377638 -2.821522
	endloop
endfacet
facet normal 0.255398 -0.959370 0.119922
	outer loop
		vertex 0.000000 0.459318 -2.821522
		vertex 0.000000 0.393701 -3.346457
		vertex -0.288770 0.316826 -3.346457
	endloop
endfacet
facet normal -0.258285 -0.964187 0.060262
	outer loop
		vertex 0.313881 0.408044 -2.296588
		vertex 0.000000 0.459318 -2.821522
		vertex 0.000000 0.492126 -2.296588
	endloop
endfacet
facet normal -0.261122 -0.963310 0.062044
	outer loop
		vertex 0.313881 0.408044 -2.296588
		vertex 0.301326 0.377638 -2.821522
		vertex 0.000000 0.459318 -2.821522
	endloop
endfacet
facet normal -0.667738 -0.742058 0.058953
	outer loop
		vertex 0.579976 0.168599 -2.296588
		vertex 0.301326 0.377638 -2.821522
		vertex 0.313881 0.408044 -2.296588
	endloop
endfacet
facet normal -0.671937 -0.737939 0.062822
	outer loop
		vertex 0.579976 0.168599 -2.296588
		vertex 0.556777 0.145034 -2.821522
		vertex 0.301326 0.377638 -2.821522
	endloop
endfacet
facet normal -0.894217 -0.443670 0.059436
	outer loop
		vertex 0.757775 -0.189756 -2.296588
		vertex 0.556777 0.145034 -2.821522
		vertex 0.579976 0.168599 -2.296588
	endloop
endfacet
facet normal -0.896100 -0.439373 0.062897
	outer loop
		vertex 0.757775 -0.189756 -2.296588
		vertex 0.727464 -0.203082 -2.821522
		vertex 0.556777 0.145034 -2.821522
	endloop
endfacet
facet normal -0.987442 -0.145847 0.060720
	outer loop
		vertex 0.820210 -0.612464 -2.296588
		vertex 0.727464 -0.203082 -2.821522
		vertex 0.757775 -0.189756 -2.296588
	endloop
endfacet
facet normal -0.987607 -0.144155 0.062068
	outer loop
		vertex 0.820210 -0.612464 -2.296588
		vertex 0.787402 -0.613712 -2.821522
		vertex 0.727464 -0.203082 -2.821522
	endloop
endfacet
facet normal -0.987403 0.145841 0.061366
	outer loop
		vertex 0.757775 -1.035172 -2.296588
		vertex 0.787402 -0.613712 -2.821522
		vertex 0.820210 -0.612464 -2.296588
	endloop
endfacet
facet normal -0.987731 0.144173 0.060008
	outer loop
		vertex 0.757775 -1.035172 -2.296588
		vertex 0.727464 -1.024343 -2.821522
		vertex 0.787402 -0.613712 -2.821522
	endloop
endfacet
facet normal -0.894145 0.443634 0.060782
	outer loop
		vertex 0.579976 -1.393527 -2.296588
		vertex 0.727464 -1.024343 -2.821522
		vertex 0.757775 -1.035172 -2.296588
	endloop
endfacet
facet normal -0.896405 0.439522 0.057255
	outer loop
		vertex 0.579976 -1.393527 -2.296588
		vertex 0.556777 -1.372459 -2.821522
		vertex 0.727464 -1.024343 -2.821522
	endloop
endfacet
facet normal -0.667725 0.742043 0.059290
	outer loop
		vertex 0.313881 -1.632972 -2.296588
		vertex 0.556777 -1.372459 -2.821522
		vertex 0.579976 -1.393527 -2.296588
	endloop
endfacet
facet normal -0.672236 0.738267 0.055329
	outer loop
		vertex 0.313881 -1.632972 -2.296588
		vertex 0.301325 -1.605063 -2.821522
		vertex 0.556777 -1.372459 -2.821522
	endloop
endfacet
facet normal -0.258328 0.964348 0.057449
	outer loop
		vertex 0.000000 -1.717053 -2.296588
		vertex 0.301325 -1.605063 -2.821522
		vertex 0.313881 -1.632972 -2.296588
	endloop
endfacet
facet normal -0.261220 0.963674 0.055645
	outer loop
		vertex 0.000000 -1.717053 -2.296588
		vertex 0.000000 -1.686742 -2.821522
		vertex 0.301325 -1.605063 -2.821522
	endloop
endfacet
facet normal 0.000000 1.000000 0.000000
	outer loop
		vertex 0.000000 -1.717053 -2.296588
		vertex 0.000000 -1.686742 -2.821522
		vertex 0.000000 -1.717053 -2.296588
	endloop
endfacet
facet normal 0.000000 1.000000 0.000000
	outer loop
		vertex 0.000000 -1.717053 -2.296588
		vertex 0.000000 -1.686742 -2.821522
		vertex 0.000000 -1.686742 -2.821522
	endloop
endfacet
facet normal 0.258354 0.964444 0.055690
	outer loop
		vertex -0.313881 -1.632972 -2.296588
		vertex 0.000000 -1.686742 -2.821522
		vertex 0.000000 -1.717053 -2.296588
	endloop
endfacet
facet normal 0.261193 0.963574 0.057477
	outer loop
		vertex -0.313881 -1.632972 -2.296588
		vertex -0.301325 -1.605063 -2.821522
		vertex 0.000000 -1.686742 -2.821522
	endloop
endfacet
facet normal 0.667873 0.742208 0.055434
	outer loop
		vertex -0.579976 -1.393527 -2.296588
		vertex -0.301325 -1.605063 -2.821522
		vertex -0.313881 -1.632972 -2.296588
	endloop
endfacet
facet normal 0.672081 0.738097 0.059324
	outer loop
		vertex -0.579976 -1.393527 -2.296588
		vertex -0.556777 -1.372459 -2.821522
		vertex -0.301325 -1.605063 -2.821522
	endloop
endfacet
facet normal 0.894328 0.443724 0.057332
	outer loop
		vertex -0.757775 -1.035172 -2.296588
		vertex -0.556777 -1.372459 -2.821522
		vertex -0.579976 -1.393527 -2.296588
	endloop
endfacet
facet normal 0.896216 0.439430 0.060815
	outer loop
		vertex -0.757775 -1.035172 -2.296588
		vertex -0.727464 -1.024343 -2.821522
		vertex -0.556777 -1.372459 -2.821522
	endloop
endfacet
facet normal 0.987483 0.145853 0.060029
	outer loop
		vertex -0.820210 -0.612464 -2.296588
		vertex -0.727464 -1.024343 -2.821522
		vertex -0.757775 -1.035172 -2.296588
	endloop
endfacet
facet normal 0.987648 0.144161 0.061385
	outer loop
		vertex -0.820210 -0.612464 -2.296588
		vertex -0.787402 -0.613712 -2.821522
		vertex -0.727464 -1.024343 -2.821522
	endloop
endfacet
facet normal 0.987361 -0.145835 0.062057
	outer loop
		vertex -0.757775 -0.189756 -2.296588
		vertex -0.787402 -0.613712 -2.821522
		vertex -0.820210 -0.612464 -2.296588
	endloop
endfacet
facet normal 0.987690 -0.144167 0.060692
	outer loop
		vertex -0.757775 -0.189756 -2.296588
		vertex -0.727464 -0.203082 -2.821522
		vertex -0.787402 -0.613712 -2.821522
	endloop
endfacet
facet normal 0.894028 -0.443576 0.062884
	outer loop
		vertex -0.579976 0.168599 -2.296588
		vertex -0.727464 -0.203082 -2.821522
		vertex -0.757775 -0.189756 -2.296588
	endloop
endfacet
facet normal 0.896296 -0.439469 0.059339
	outer loop
		vertex -0.579976 0.168599 -2.296588
		vertex -0.556777 0.145034 -2.821522
		vertex -0.727464 -0.203082 -2.821522
	endloop
endfacet
facet normal 0.667581 -0.741883 0.062807
	outer loop
		vertex -0.313881 0.408044 -2.296588
		vertex -0.556777 0.145034 -2.821522
		vertex -0.579976 0.168599 -2.296588
	endloop
endfacet
facet normal 0.672101 -0.738119 0.058830
	outer loop
		vertex -0.313881 0.408044 -2.296588
		vertex -0.301326 0.377638 -2.821522
		vertex -0.556777 0.145034 -2.821522
	endloop
endfacet
facet normal 0.258257 -0.964083 0.062020
	outer loop
		vertex 0.000000 0.492126 -2.296588
		vertex -0.301326 0.377638 -2.821522
		vertex -0.313881 0.408044 -2.296588
	endloop
endfacet
facet normal 0.261151 -0.963418 0.060213
	outer loop
		vertex 0.000000 0.492126 -2.296588
		vertex 0.000000 0.459318 -2.821522
		vertex -0.301326 0.377638 -2.821522
	endloop
endfacet
facet normal -0.000000 -1.000000 0.000000
	outer loop
		vertex 0.164042 0.492126 -1.640420
		vertex 0.000000 0.492126 -2.296588
		vertex 0.000000 0.492126 -1.640420
	endloop
endfacet
facet normal -0.258216 -0.963928 0.064554
	outer loop
		vertex 0.164042 0.492126 -1.640420
		vertex 0.313881 0.408044 -2.296588
		vertex 0.000000 0.492126 -2.296588
	endloop
endfacet
facet normal -0.371174 -0.927935 0.034147
	outer loop
		vertex 0.656168 0.295276 -1.640420
		vertex 0.313881 0.408044 -2.296588
		vertex 0.164042 0.492126 -1.640420
	endloop
endfacet
facet normal -0.653117 -0.725809 0.215959
	outer loop
		vertex 0.656168 0.295276 -1.640420
		vertex 0.579976 0.168599 -2.296588
		vertex 0.313881 0.408044 -2.296588
	endloop
endfacet
facet normal -0.927757 -0.331342 0.171695
	outer loop
		vertex 0.820210 -0.164042 -1.640420
		vertex 0.579976 0.168599 -2.296588
		vertex 0.656168 0.295276 -1.640420
	endloop
endfacet
facet normal -0.891118 -0.442132 0.102116
	outer loop
		vertex 0.820210 -0.164042 -1.640420
		vertex 0.757775 -0.189756 -2.296588
		vertex 0.579976 0.168599 -2.296588
	endloop
endfacet
facet normal -0.995504 0.000000 0.094723
	outer loop
		vertex 0.820210 -0.656168 -1.640420
		vertex 0.757775 -0.189756 -2.296588
		vertex 0.820210 -0.164042 -1.640420
	endloop
endfacet
facet normal -0.989220 -0.146110 -0.009732
	outer loop
		vertex 0.820210 -0.656168 -1.640420
		vertex 0.820210 -0.612464 -2.296588
		vertex 0.757775 -0.189756 -2.296588
	endloop
endfacet
facet normal -1.000000 0.000000 0.000000
	outer loop
		vertex 0.820210 -1.148294 -1.640420
		vertex 0.820210 -0.612464 -2.296588
		vertex 0.820210 -0.656168 -1.640420
	endloop
endfacet
facet normal -0.982300 0.145087 0.118479
	outer loop
		vertex 0.820210 -1.148294 -1.640420
		vertex 0.757775 -1.035172 -2.296588
		vertex 0.820210 -0.612464 -2.296588
	endloop
endfacet
facet normal -0.922925 0.354971 0.149013
	outer loop
		vertex 0.656168 -1.574803 -1.640420
		vertex 0.757775 -1.035172 -2.296588
		vertex 0.820210 -1.148294 -1.640420
	endloop
endfacet
facet normal -0.873613 0.433447 0.221187
	outer loop
		vertex 0.656168 -1.574803 -1.640420
		vertex 0.579976 -1.393527 -2.296588
		vertex 0.757775 -1.035172 -2.296588
	endloop
endfacet
facet normal -0.406487 0.867459 0.286849
	outer loop
		vertex 0.164042 -1.805411 -1.640420
		vertex 0.579976 -1.393527 -2.296588
		vertex 0.656168 -1.574803 -1.640420
	endloop
endfacet
facet normal -0.668296 0.742677 0.042566
	outer loop
		vertex 0.164042 -1.805411 -1.640420
		vertex 0.313881 -1.632972 -2.296588
		vertex 0.579976 -1.393527 -2.296588
	endloop
endfacet
facet normal 0.005593 0.966830 0.255358
	outer loop
		vertex 0.000000 -1.804462 -1.640420
		vertex 0.313881 -1.632972 -2.296588
		vertex 0.164042 -1.805411 -1.640420
	endloop
endfacet
facet normal -0.256639 0.958044 0.127622
	outer loop
		vertex 0.000000 -1.804462 -1.640420
		vertex 0.000000 -1.717053 -2.296588
		vertex 0.313881 -1.632972 -2.296588
	endloop
endfacet
facet normal 0.000000 1.000000 0.000000
	outer loop
		vertex 0.000000 -1.804462 -1.640420
		vertex 0.000000 -1.717053 -2.296588
		vertex 0.000000 -1.804462 -1.640420
	endloop
endfacet
facet normal 0.000000 1.000000 0.000000
	outer loop
		vertex 0.000000 -1.804462 -1.640420
		vertex 0.000000 -1.717053 -2.296588
		vertex 0.000000 -1.717053 -2.296588
	endloop
endfacet
facet normal -0.005735 0.991228 0.132042
	outer loop
		vertex -0.164042 -1.805411 -1.640420
		vertex 0.000000 -1.717053 -2.296588
		vertex 0.000000 -1.804462 -1.640420
	endloop
endfacet
facet normal 0.253983 0.948128 0.191168
	outer loop
		vertex -0.164042 -1.805411 -1.640420
		vertex -0.313881 -1.632972 -2.296588
		vertex 0.000000 -1.717053 -2.296588
	endloop
endfacet
facet normal 0.420159 0.896635 0.139688
	outer loop
		vertex -0.656168 -1.574803 -1.640420
		vertex -0.313881 -1.632972 -2.296588
		vertex -0.164042 -1.805411 -1.640420
	endloop
endfacet
facet normal 0.643619 0.715254 0.272335
	outer loop
		vertex -0.656168 -1.574803 -1.640420
		vertex -0.579976 -1.393527 -2.296588
		vertex -0.313881 -1.632972 -2.296588
	endloop
endfacet
facet normal 0.913870 0.351488 0.203220
	outer loop
		vertex -0.820210 -1.148294 -1.640420
		vertex -0.579976 -1.393527 -2.296588
		vertex -0.656168 -1.574803 -1.640420
	endloop
endfacet
facet normal 0.884292 0.438745 0.159780
	outer loop
		vertex -0.820210 -1.148294 -1.640420
		vertex -0.757775 -1.035172 -2.296588
		vertex -0.579976 -1.393527 -2.296588
	endloop
endfacet
facet normal 0.995504 0.000000 0.094723
	outer loop
		vertex -0.820210 -0.656168 -1.640420
		vertex -0.757775 -1.035172 -2.296588
		vertex -0.820210 -1.148294 -1.640420
	endloop
endfacet
facet normal 0.989220 0.146110 0.009732
	outer loop
		vertex -0.820210 -0.656168 -1.640420
		vertex -0.820210 -0.612464 -2.296588
		vertex -0.757775 -1.035172 -2.296588
	endloop
endfacet
facet normal 1.000000 0.000000 0.000000
	outer loop
		vertex -0.820210 -0.164042 -1.640420
		vertex -0.820210 -0.612464 -2.296588
		vertex -0.820210 -0.656168 -1.640420
	endloop
endfacet
facet normal 0.984372 -0.145394 0.099361
	outer loop
		vertex -0.820210 -0.164042 -1.640420
		vertex -0.757775 -0.189756 -2.296588
		vertex -0.820210 -0.612464 -2.296588
	endloop
endfacet
facet normal 0.936806 -0.334574 0.102249
	outer loop
		vertex -0.656168 0.295276 -1.640420
		vertex -0.757775 -0.189756 -2.296588
		vertex -0.820210 -0.164042 -1.640420
	endloop
endfacet
facet normal 0.880086 -0.436658 0.186491
	outer loop
		vertex -0.656168 0.295276 -1.640420
		vertex -0.579976 0.168599 -2.296588
		vertex -0.757775 -0.189756 -2.296588
	endloop
endfacet
facet normal 0.362535 -0.906338 0.217069
	outer loop
		vertex -0.164042 0.492126 -1.640420
		vertex -0.579976 0.168599 -2.296588
		vertex -0.656168 0.295276 -1.640420
	endloop
endfacet
facet normal 0.667799 -0.742125 -0.057398
	outer loop
		vertex -0.164042 0.492126 -1.640420
		vertex -0.313881 0.408044 -2.296588
		vertex -0.579976 0.168599 -2.296588
	endloop
endfacet
facet normal 0.000000 -0.991890 0.127102
	outer loop
		vertex 0.000000 0.492126 -1.640420
		vertex -0.313881 0.408044 -2.296588
		vertex -0.164042 0.492126 -1.640420
	endloop
endfacet
facet normal 0.258755 -0.965943 0.000000
	outer loop
		vertex 0.000000 0.492126 -1.640420
		vertex 0.000000 0.492126 -2.296588
		vertex -0.313881 0.408044 -2.296588
	endloop
endfacet
facet normal -0.000000 -1.000000 0.000000
	outer loop
		vertex 0.164042 0.492126 4.921260
		vertex 0.000000 0.492126 -1.640420
		vertex 0.000000 0.492126 4.921260
	endloop
endfacet
facet normal 0.000000 -1.000000 -0.000000
	outer loop
		vertex 0.164042 0.492126 4.921260
		vertex 0.164042 0.492126 -1.640420
		vertex 0.000000 0.492126 -1.640420
	endloop
endfacet
facet normal -0.371391 -0.928477 0.000000
	outer loop
		vertex 0.656168 0.295276 4.921260
		vertex 0.164042 0.492126 -1.640420
		vertex 0.164042 0.492126 4.921260
	endloop
endfacet
facet normal -0.371391 -0.928477 -0.000000
	outer loop
		vertex 0.656168 0.295276 4.921260
		vertex 0.656168 0.295276 -1.640420
		vertex 0.164042 0.492126 -1.640420
	endloop
endfacet
facet normal -0.941742 -0.336336 0.000000
	outer loop
		vertex 0.820210 -0.164042 4.921260
		vertex 0.656168 0.295276 -1.640420
		vertex 0.656168 0.295276 4.921260
	endloop
endfacet
facet normal -0.941742 -0.336336 -0.000000
	outer loop
		vertex 0.820210 -0.164042 4.921260
		vertex 0.820210 -0.164042 -1.640420
		vertex 0.656168 0.295276 -1.640420
	endloop
endfacet
facet normal -1.000000 0.000000 0.000000
	outer loop
		vertex 0.820210 -0.656168 4.921260
		vertex 0.820210 -0.164042 -1.640420
		vertex 0.820210 -0.164042 4.921260
	endloop
endfacet
facet normal -1.000000 0.000000 0.000000
	outer loop
		vertex 0.820210 -0.656168 4.921260
		vertex 0.820210 -0.656168 -1.640420
		vertex 0.820210 -0.164042 -1.640420
	endloop
endfacet
facet normal -1.000000 0.000000 0.000000
	outer loop
		vertex 0.820210 -1.148294 4.921260
		vertex 0.820210 -0.656168 -1.640420
		vertex 0.820210 -0.656168 4.921260
	endloop
endfacet
facet normal -1.000000 0.000000 0.000000
	outer loop
		vertex 0.820210 -1.148294 4.921260
		vertex 0.820210 -1.148294 -1.640420
		vertex 0.820210 -0.656168 -1.640420
	endloop
endfacet
facet normal -0.933346 0.358979 0.000000
	outer loop
		vertex 0.656168 -1.574803 4.921260
		vertex 0.820210 -1.148294 -1.640420
		vertex 0.820210 -1.148294 4.921260
	endloop
endfacet
facet normal -0.933346 0.358979 0.000000
	outer loop
		vertex 0.656168 -1.574803 4.921260
		vertex 0.656168 -1.574803 -1.640420
		vertex 0.820210 -1.148294 -1.640420
	endloop
endfacet
facet normal -0.424319 0.905513 0.000000
	outer loop
		vertex 0.164042 -1.805411 4.921260
		vertex 0.656168 -1.574803 -1.640420
		vertex 0.656168 -1.574803 4.921260
	endloop
endfacet
facet normal -0.424319 0.905513 0.000000
	outer loop
		vertex 0.164042 -1.805411 4.921260
		vertex 0.164042 -1.805411 -1.640420
		vertex 0.656168 -1.574803 -1.640420
	endloop
endfacet
facet normal 0.005785 0.999983 0.000000
	outer loop
		vertex 0.000000 -1.804462 4.921260
		vertex 0.164042 -1.805411 -1.640420
		vertex 0.164042 -1.805411 4.921260
	endloop
endfacet
facet normal 0.005785 0.999983 0.000000
	outer loop
		vertex 0.000000 -1.804462 4.921260
		vertex 0.000000 -1.804462 -1.640420
		vertex 0.164042 -1.805411 -1.640420
	endloop
endfacet
facet normal 0.000000 1.000000 0.000000
	outer loop
		vertex 0.000000 -1.804462 4.921260
		vertex 0.000000 -1.804462 -1.640420
		vertex 0.000000 -1.804462 4.921260
	endloop
endfacet
facet normal 0.000000 1.000000 0.000000
	outer loop
		vertex 0.000000 -1.804462 4.921260
		vertex 0.000000 -1.804462 -1.640420
		vertex 0.000000 -1.804462 -1.640420
	endloop
endfacet
facet normal -0.005785 0.999983 0.000000
	outer loop
		vertex -0.164042 -1.805411 4.921260
		vertex 0.000000 -1.804462 -1.640420
		vertex 0.000000 -1.804462 4.921260
	endloop
endfacet
facet normal -0.005785 0.999983 0.000000
	outer loop
		vertex -0.164042 -1.805411 4.921260
		vertex -0.164042 -1.805411 -1.640420
		vertex 0.000000 -1.804462 -1.640420
	endloop
endfacet
facet normal 0.424319 0.905513 0.000000
	outer loop
		vertex -0.656168 -1.574803 4.921260
		vertex -0.164042 -1.805411 -1.640420
		vertex -0.164042 -1.805411 4.921260
	endloop
endfacet
facet normal 0.424319 0.905513 0.000000
	outer loop
		vertex -0.656168 -1.574803 4.921260
		vertex -0.656168 -1.574803 -1.640420
		vertex -0.164042 -1.805411 -1.640420
	endloop
endfacet
facet normal 0.933346 0.358979 0.000000
	outer loop
		vertex -0.820210 -1.148294 4.921260
		vertex -0.656168 -1.574803 -1.640420
		vertex -0.656168 -1.574803 4.921260
	endloop
endfacet
facet normal 0.933346 0.358979 0.000000
	outer loop
		vertex -0.820210 -1.148294 4.921260
		vertex -0.820210 -1.148294 -1.640420
		vertex -0.656168 -1.574803 -1.640420
	endloop
endfacet
facet normal 1.000000 0.000000 0.000000
	outer loop
		vertex -0.820210 -0.656168 4.921260
		vertex -0.820210 -1.148294 -1.640420
		vertex -0.820210 -1.148294 4.921260
	endloop
endfacet
facet normal 1.000000 0.000000 0.000000
	outer loop
		vertex -0.820210 -0.656168 4.921260
		vertex -0.820210 -0.656168 -1.640420
		vertex -0.820210 -1.148294 -1.640420
	endloop
endfacet
facet normal 1.000000 0.000000 0.000000
	outer loop
		vertex -0.820210 -0.164042 4.921260
		vertex -0.820210 -0.656168 -1.640420
		vertex -0.820210 -0.656168 4.921260
	endloop
endfacet
facet normal 1.000000 0.000000 0.000000
	outer loop
		vertex -0.820210 -0.164042 4.921260
		vertex -0.820210 -0.164042 -1.640420
		vertex -0.820210 -0.656168 -1.640420
	endloop
endfacet
facet normal 0.941742 -0.336336 0.000000
	outer loop
		vertex -0.656168 0.295276 4.921260
		vertex -0.820210 -0.164042 -1.640420
		vertex -0.820210 -0.164042 4.921260
	endloop
endfacet
facet normal 0.941742 -0.336336 0.000000
	outer loop
		vertex -0.656168 0.295276 4.921260
		vertex -0.656168 0.295276 -1.640420
		vertex -0.820210 -0.164042 -1.640420
	endloop
endfacet
facet normal 0.371391 -0.928477 0.000000
	outer loop
		vertex -0.164042 0.492126 4.921260
		vertex -0.656168 0.295276 -1.640420
		vertex -0.656168 0.295276 4.921260
	endloop
endfacet
facet normal 0.371391 -0.928477 0.000000
	outer loop
		vertex -0.164042 0.492126 4.921260
		vertex -0.164042 0.492126 -1.640420
		vertex -0.656168 0.295276 -1.640420
	endloop
endfacet
facet normal -0.000000 -1.000000 0.000000
	outer loop
		vertex 0.000000 0.492126 4.921260
		vertex -0.164042 0.492126 -1.640420
		vertex -0.164042 0.492126 4.921260
	endloop
endfacet
facet normal 0.000000 -1.000000 -0.000000
	outer loop
		vertex 0.000000 0.492126 4.921260
		vertex 0.000000 0.492126 -1.640420
		vertex -0.164042 0.492126 -1.640420
	endloop
endfacet
facet normal -0.194335 -0.976986 -0.087929
	outer loop
		vertex 0.125552 0.171876 8.202102
		vertex 0.000000 0.492126 4.921260
		vertex 0.000000 0.196850 8.202102
	endloop
endfacet
facet normal 0.000000 -0.995270 -0.097150
	outer loop
		vertex 0.125552 0.171876 8.202102
		vertex 0.164042 0.492126 4.921260
		vertex 0.000000 0.492126 4.921260
	endloop
endfacet
facet normal -0.553447 -0.828292 -0.087344
	outer loop
		vertex 0.231990 0.100757 8.202102
		vertex 0.164042 0.492126 4.921260
		vertex 0.125552 0.171876 8.202102
	endloop
endfacet
facet normal -0.369434 -0.923584 -0.102522
	outer loop
		vertex 0.231990 0.100757 8.202102
		vertex 0.656168 0.295276 4.921260
		vertex 0.164042 0.492126 4.921260
	endloop
endfacet
facet normal -0.823389 -0.550171 -0.139075
	outer loop
		vertex 0.303110 -0.005681 8.202102
		vertex 0.656168 0.295276 4.921260
		vertex 0.231990 0.100757 8.202102
	endloop
endfacet
facet normal -0.933619 -0.333436 -0.131055
	outer loop
		vertex 0.303110 -0.005681 8.202102
		vertex 0.820210 -0.164042 4.921260
		vertex 0.656168 0.295276 4.921260
	endloop
endfacet
facet normal -0.970611 -0.193067 -0.143661
	outer loop
		vertex 0.328084 -0.131234 8.202102
		vertex 0.820210 -0.164042 4.921260
		vertex 0.303110 -0.005681 8.202102
	endloop
endfacet
facet normal -0.988936 0.000000 -0.148340
	outer loop
		vertex 0.328084 -0.131234 8.202102
		vertex 0.820210 -0.656168 4.921260
		vertex 0.820210 -0.164042 4.921260
	endloop
endfacet
facet normal -0.965552 0.192060 -0.175562
	outer loop
		vertex 0.303110 -0.256786 8.202102
		vertex 0.820210 -0.656168 4.921260
		vertex 0.328084 -0.131234 8.202102
	endloop
endfacet
facet normal -0.987806 0.000000 -0.155690
	outer loop
		vertex 0.303110 -0.256786 8.202102
		vertex 0.820210 -1.148294 4.921260
		vertex 0.820210 -0.656168 4.921260
	endloop
endfacet
facet normal -0.800255 0.534713 -0.271428
	outer loop
		vertex 0.231990 -0.363224 8.202102
		vertex 0.820210 -1.148294 4.921260
		vertex 0.303110 -0.256786 8.202102
	endloop
endfacet
facet normal -0.904785 0.347994 -0.245489
	outer loop
		vertex 0.231990 -0.363224 8.202102
		vertex 0.656168 -1.574803 4.921260
		vertex 0.820210 -1.148294 4.921260
	endloop
endfacet
facet normal -0.519531 0.777532 -0.354304
	outer loop
		vertex 0.125552 -0.434344 8.202102
		vertex 0.656168 -1.574803 4.921260
		vertex 0.231990 -0.363224 8.202102
	endloop
endfacet
facet normal -0.396198 0.845502 -0.357984
	outer loop
		vertex 0.125552 -0.434344 8.202102
		vertex 0.164042 -1.805411 4.921260
		vertex 0.656168 -1.574803 4.921260
	endloop
endfacet
facet normal -0.180370 0.906784 -0.381062
	outer loop
		vertex 0.000000 -0.459318 8.202102
		vertex 0.164042 -1.805411 4.921260
		vertex 0.125552 -0.434344 8.202102
	endloop
endfacet
facet normal 0.005353 0.925239 -0.379348
	outer loop
		vertex 0.000000 -0.459318 8.202102
		vertex 0.000000 -1.804462 4.921260
		vertex 0.164042 -1.805411 4.921260
	endloop
endfacet
facet normal 0.000000 1.000000 0.000000
	outer loop
		vertex 0.000000 -0.459318 8.202102
		vertex 0.000000 -1.804462 4.921260
		vertex 0.000000 -0.459318 8.202102
	endloop
endfacet
facet normal 0.000000 1.000000 0.000000
	outer loop
		vertex 0.000000 -0.459318 8.202102
		vertex 0.000000 -1.804462 4.921260
		vertex 0.000000 -1.804462 4.921260
	endloop
endfacet
facet normal 0.181004 0.909969 -0.373087
	outer loop
		vertex -0.125552 -0.434344 8.202102
		vertex 0.000000 -1.804462 4.921260
		vertex 0.000000 -0.459318 8.202102
	endloop
endfacet
facet normal -0.005338 0.922681 -0.385527
	outer loop
		vertex -0.125552 -0.434344 8.202102
		vertex -0.164042 -1.805411 4.921260
		vertex 0.000000 -1.804462 4.921260
	endloop
endfacet
facet normal 0.523725 0.783809 -0.333699
	outer loop
		vertex -0.231990 -0.363224 8.202102
		vertex -0.164042 -1.805411 4.921260
		vertex -0.125552 -0.434344 8.202102
	endloop
endfacet
facet normal 0.395418 0.843837 -0.362743
	outer loop
		vertex -0.231990 -0.363224 8.202102
		vertex -0.656168 -1.574803 4.921260
		vertex -0.164042 -1.805411 4.921260
	endloop
endfacet
facet normal 0.793584 0.530256 -0.298419
	outer loop
		vertex -0.303110 -0.256786 8.202102
		vertex -0.656168 -1.574803 4.921260
		vertex -0.231990 -0.363224 8.202102
	endloop
endfacet
facet normal 0.906607 0.348695 -0.237644
	outer loop
		vertex -0.303110 -0.256786 8.202102
		vertex -0.820210 -1.148294 4.921260
		vertex -0.656168 -1.574803 4.921260
	endloop
endfacet
facet normal 0.960311 0.191018 -0.203262
	outer loop
		vertex -0.328084 -0.131234 8.202102
		vertex -0.820210 -1.148294 4.921260
		vertex -0.303110 -0.256786 8.202102
	endloop
endfacet
facet normal 0.988936 0.000000 -0.148340
	outer loop
		vertex -0.328084 -0.131234 8.202102
		vertex -0.820210 -0.656168 4.921260
		vertex -0.820210 -1.148294 4.921260
	endloop
endfacet
facet normal 0.974263 -0.193793 -0.115132
	outer loop
		vertex -0.303110 -0.005681 8.202102
		vertex -0.820210 -0.656168 4.921260
		vertex -0.328084 -0.131234 8.202102
	endloop
endfacet
facet normal 0.987806 0.000000 -0.155690
	outer loop
		vertex -0.303110 -0.005681 8.202102
		vertex -0.820210 -0.164042 4.921260
		vertex -0.820210 -0.656168 4.921260
	endloop
endfacet
facet normal 0.826989 -0.552576 -0.103671
	outer loop
		vertex -0.231990 0.100757 8.202102
		vertex -0.820210 -0.164042 4.921260
		vertex -0.303110 -0.005681 8.202102
	endloop
endfacet
facet normal 0.932428 -0.333010 -0.140297
	outer loop
		vertex -0.231990 0.100757 8.202102
		vertex -0.656168 0.295276 4.921260
		vertex -0.820210 -0.164042 4.921260
	endloop
endfacet
facet normal 0.551539 -0.825436 -0.120248
	outer loop
		vertex -0.125552 0.171876 8.202102
		vertex -0.656168 0.295276 4.921260
		vertex -0.231990 0.100757 8.202102
	endloop
endfacet
facet normal 0.369726 -0.924316 -0.094562
	outer loop
		vertex -0.125552 0.171876 8.202102
		vertex -0.164042 0.492126 4.921260
		vertex -0.656168 0.295276 4.921260
	endloop
endfacet
facet normal 0.194160 -0.976107 -0.097558
	outer loop
		vertex 0.000000 0.196850 8.202102
		vertex -0.164042 0.492126 4.921260
		vertex -0.125552 0.171876 8.202102
	endloop
endfacet
facet normal 0.000000 -0.995974 -0.089638
	outer loop
		vertex 0.000000 0.196850 8.202102
		vertex 0.000000 0.492126 4.921260
		vertex -0.164042 0.492126 4.921260
	endloop
endfacet
facet normal -0.195090 -0.980785 0.000000
	outer loop
		vertex 0.125552 0.171876 17.716536
		vertex 0.000000 0.196850 8.202102
		vertex 0.000000 0.196850 17.716536
	endloop
endfacet
facet normal -0.195090 -0.980785 -0.000000
	outer loop
		vertex 0.125552 0.171876 17.716536
		vertex 0.125552 0.171876 8.202102
		vertex 0.000000 0.196850 8.202102
	endloop
endfacet
facet normal -0.555570 -0.831470 0.000000
	outer loop
		vertex 0.231990 0.100757 17.716536
		vertex 0.125552 0.171876 8.202102
		vertex 0.125552 0.171876 17.716536
	endloop
endfacet
facet normal -0.555570 -0.831470 -0.000000
	outer loop
		vertex 0.231990 0.100757 17.716536
		vertex 0.231990 0.100757 8.202102
		vertex 0.125552 0.171876 8.202102
	endloop
endfacet
facet normal -0.831470 -0.555570 0.000000
	outer loop
		vertex 0.303110 -0.005681 17.716536
		vertex 0.231990 0.100757 8.202102
		vertex 0.231990 0.100757 17.716536
	endloop
endfacet
facet normal -0.831470 -0.555570 -0.000000
	outer loop
		vertex 0.303110 -0.005681 17.716536
		vertex 0.303110 -0.005681 8.202102
		vertex 0.231990 0.100757 8.202102
	endloop
endfacet
facet normal -0.980785 -0.195091 0.000000
	outer loop
		vertex 0.328084 -0.131234 17.716536
		vertex 0.303110 -0.005681 8.202102
		vertex 0.303110 -0.005681 17.716536
	endloop
endfacet
facet normal -0.980785 -0.195091 -0.000000
	outer loop
		vertex 0.328084 -0.131234 17.716536
		vertex 0.328084 -0.131234 8.202102
		vertex 0.303110 -0.005681 8.202102
	endloop
endfacet
facet normal -0.980785 0.195090 0.000000
	outer loop
		vertex 0.303110 -0.256786 17.716536
		vertex 0.328084 -0.131234 8.202102
		vertex 0.328084 -0.131234 17.716536
	endloop
endfacet
facet normal -0.980785 0.195090 0.000000
	outer loop
		vertex 0.303110 -0.256786 17.716536
		vertex 0.303110 -0.256786 8.202102
		vertex 0.328084 -0.131234 8.202102
	endloop
endfacet
facet normal -0.831470 0.555570 0.000000
	outer loop
		vertex 0.231990 -0.363224 17.716536
		vertex 0.303110 -0.256786 8.202102
		vertex 0.303110 -0.256786 17.716536
	endloop
endfacet
facet normal -0.831470 0.555570 0.000000
	outer loop
		vertex 0.231990 -0.363224 17.716536
		vertex 0.231990 -0.363224 8.202102
		vertex 0.303110 -0.256786 8.202102
	endloop
endfacet
facet normal -0.555570 0.831470 0.000000
	outer loop
		vertex 0.125552 -0.434344 17.716536
		vertex 0.231990 -0.363224 8.202102
		vertex 0.231990 -0.363224 17.716536
	endloop
endfacet
facet normal -0.555570 0.831470 0.000000
	outer loop
		vertex 0.125552 -0.434344 17.716536
		vertex 0.125552 -0.434344 8.202102
		vertex 0.231990 -0.363224 8.202102
	endloop
endfacet
facet normal -0.195090 0.980785 0.000000
	outer loop
		vertex 0.000000 -0.459318 17.716536
		vertex 0.125552 -0.434344 8.202102
		vertex 0.125552 -0.434344 17.716536
	endloop
endfacet
facet normal -0.195090 0.980785 0.000000
	outer loop
		vertex 0.000000 -0.459318 17.716536
		vertex 0.000000 -0.459318 8.202102
		vertex 0.125552 -0.434344 8.202102
	endloop
endfacet
facet normal 0.000000 1.000000 0.000000
	outer loop
		vertex 0.000000 -0.459318 17.716536
		vertex 0.000000 -0.459318 8.202102
		vertex 0.000000 -0.459318 17.716536
	endloop
endfacet
facet normal 0.000000 1.000000 0.000000
	outer loop
		vertex 0.000000 -0.459318 17.716536
		vertex 0.000000 -0.459318 8.202102
		vertex 0.000000 -0.459318 8.202102
	endloop
endfacet
facet normal 0.195090 0.980785 0.000000
	outer loop
		vertex -0.125552 -0.434344 17.716536
		vertex 0.000000 -0.459318 8.202102
		vertex 0.000000 -0.459318 17.716536
	endloop
endfacet
facet normal 0.195090 0.980785 0.000000
	outer loop
		vertex -0.125552 -0.434344 17.716536
		vertex -0.125552 -0.434344 8.202102
		vertex 0.000000 -0.459318 8.202102
	endloop
endfacet
facet normal 0.555570 0.831470 0.000000
	outer loop
		vertex -0.231990 -0.363224 17.716536
		vertex -0.125552 -0.434344 8.202102
		vertex -0.125552 -0.434344 17.716536
	endloop
endfacet
facet normal 0.555570 0.831470 0.000000
	outer loop
		vertex -0.231990 -0.363224 17.716536
		vertex -0.231990 -0.363224 8.202102
		vertex -0.125552 -0.434344 8.202102
	endloop
endfacet
facet normal 0.831470 0.555570 0.000000
	outer loop
		vertex -0.303110 -0.256786 17.716536
		vertex -0.231990 -0.363224 8.202102
		vertex -0.231990 -0.363224 17.716536
	endloop
endfacet
facet normal 0.831470 0.555570 0.000000
	outer loop
		vertex -0.303110 -0.256786 17.716536
		vertex -0.303110 -0.256786 8.202102
		vertex -0.231990 -0.363224 8.202102
	endloop
endfacet
facet normal 0.980785 0.195090 0.000000
	outer loop
		vertex -0.328084 -0.131234 17.716536
		vertex -0.303110 -0.256786 8.202102
		vertex -0.303110 -0.256786 17.716536
	endloop
endfacet
facet normal 0.980785 0.195090 0.000000
	outer loop
		vertex -0.328084 -0.131234 17.716536
		vertex -0.328084 -0.131234 8.202102
		vertex -0.303110 -0.256786 8.202102
	endloop
endfacet
facet normal 0.980785 -0.195091 0.000000
	outer loop
		vertex -0.303110 -0.005681 17.716536
		vertex -0.328084 -0.131234 8.202102
		vertex -0.328084 -0.131234 17.716536
	endloop
endfacet
facet normal 0.980785 -0.195091 0.000000
	outer loop
		vertex -0.303110 -0.005681 17.716536
		vertex -0.303110 -0.005681 8.202102
		vertex -0.328084 -0.131234 8.202102
	endloop
endfacet
facet normal 0.831470 -0.555570 0.000000
	outer loop
		vertex -0.231990 0.100757 17.716536
		vertex -0.303110 -0.005681 8.202102
		vertex -0.303110 -0.005681 17.716536
	endloop
endfacet
facet normal 0.831470 -0.555570 0.000000
	outer loop
		vertex -0.231990 0.100757 17.716536
		vertex -0.231990 0.100757 8.202102
		vertex -0.303110 -0.005681 8.202102
	endloop
endfacet
facet normal 0.555570 -0.831470 0.000000
	outer loop
		vertex -0.125552 0.171876 17.716536
		vertex -0.231990 0.100757 8.202102
		vertex -0.231990 0.100757 17.716536
	endloop
endfacet
facet normal 0.555570 -0.831470 0.000000
	outer loop
		vertex -0.125552 0.171876 17.716536
		vertex -0.125552 0.171876 8.202102
		vertex -0.231990 0.100757 8.202102
	endloop
endfacet
facet normal 0.195090 -0.980785 0.000000
	outer loop
		vertex 0.000000 0.196850 17.716536
		vertex -0.125552 0.171876 8.202102
		vertex -0.125552 0.171876 17.716536
	endloop
endfacet
facet normal 0.195090 -0.980785 0.000000
	outer loop
		vertex 0.000000 0.196850 17.716536
		vertex 0.000000 0.196850 8.202102
		vertex -0.125552 0.171876 8.202102
	endloop
endfacet
facet normal 1.000000 0.000000 0.000000
	outer loop
		vertex 0.000000 -0.136187 17.716537
		vertex 0.000000 0.196850 17.716536
		vertex 0.000000 -0.136187 17.716536
	endloop
endfacet
facet normal -0.000001 -0.000006 -1.000000
	outer loop
		vertex 0.000000 -0.136187 17.716537
		vertex 0.125552 0.171876 17.716536
		vertex 0.000000 0.196850 17.716536
	endloop
endfacet
facet normal 0.000000 1.000000 0.000000
	outer loop
		vertex 0.000000 -0.136187 17.716537
		vertex 0.125552 0.171876 17.716536
		vertex 0.000000 -0.136187 17.716537
	endloop
endfacet
facet normal -0.000003 -0.000005 -1.000000
	outer loop
		vertex 0.000000 -0.136187 17.716537
		vertex 0.231990 0.100757 17.716536
		vertex 0.125552 0.171876 17.716536
	endloop
endfacet
facet normal 0.000000 1.000000 0.000000
	outer loop
		vertex 0.000000 -0.136187 17.716537
		vertex 0.231990 0.100757 17.716536
		vertex 0.000000 -0.136187 17.716537
	endloop
endfacet
facet normal -0.000005 -0.000003 -1.000000
	outer loop
		vertex 0.000000 -0.136187 17.716537
		vertex 0.303110 -0.005681 17.716536
		vertex 0.231990 0.100757 17.716536
	endloop
endfacet
facet normal 0.000000 1.000000 0.000000
	outer loop
		vertex 0.000000 -0.136187 17.716537
		vertex 0.303110 -0.005681 17.716536
		vertex 0.000000 -0.136187 17.716537
	endloop
endfacet
facet normal -0.000006 -0.000001 -1.000000
	outer loop
		vertex 0.000000 -0.136187 17.716537
		vertex 0.328084 -0.131234 17.716536
		vertex 0.303110 -0.005681 17.716536
	endloop
endfacet
facet normal 0.000000 1.000000 0.000000
	outer loop
		vertex 0.000000 -0.136187 17.716537
		vertex 0.328084 -0.131234 17.716536
		vertex 0.000000 -0.136187 17.716537
	endloop
endfacet
facet normal -0.000006 0.000001 -1.000000
	outer loop
		vertex 0.000000 -0.136187 17.716537
		vertex 0.303110 -0.256786 17.716536
		vertex 0.328084 -0.131234 17.716536
	endloop
endfacet
facet normal 0.000000 1.000000 0.000000
	outer loop
		vertex 0.000000 -0.136187 17.716537
		vertex 0.303110 -0.256786 17.716536
		vertex 0.000000 -0.136187 17.716537
	endloop
endfacet
facet normal -0.000005 0.000003 -1.000000
	outer loop
		vertex 0.000000 -0.136187 17.716537
		vertex 0.231990 -0.363224 17.716536
		vertex 0.303110 -0.256786 17.716536
	endloop
endfacet
facet normal 0.000000 1.000000 0.000000
	outer loop
		vertex 0.000000 -0.136187 17.716537
		vertex 0.231990 -0.363224 17.716536
		vertex 0.000000 -0.136187 17.716537
	endloop
endfacet
facet normal -0.000003 0.000005 -1.000000
	outer loop
		vertex 0.000000 -0.136187 17.716537
		vertex 0.125552 -0.434344 17.716536
		vertex 0.231990 -0.363224 17.716536
	endloop
endfacet
facet normal 0.000000 1.000000 0.000000
	outer loop
		vertex 0.000000 -0.136187 17.716537
		vertex 0.125552 -0.434344 17.716536
		vertex 0.000000 -0.136187 17.716537
	endloop
endfacet
facet normal -0.000001 0.000006 -1.000000
	outer loop
		vertex 0.000000 -0.136187 17.716537
		vertex 0.000000 -0.459318 17.716536
		vertex 0.125552 -0.434344 17.716536
	endloop
endfacet
facet normal 0.000000 1.000000 0.000000
	outer loop
		vertex 0.000000 -0.136187 17.716537
		vertex 0.000000 -0.459318 17.716536
		vertex 0.000000 -0.136187 17.716537
	endloop
endfacet
facet normal 0.000000 1.000000 0.000000
	outer loop
		vertex 0.000000 -0.136187 17.716537
		vertex 0.000000 -0.459318 17.716536
		vertex 0.000000 -0.459318 17.716536
	endloop
endfacet
facet normal 0.000000 1.000000 0.000000
	outer loop
		vertex 0.000000 -0.136187 17.716537
		vertex 0.000000 -0.459318 17.716536
		vertex 0.000000 -0.136187 17.716537
	endloop
endfacet
facet normal 0.000001 0.000006 -1.000000
	outer loop
		vertex 0.000000 -0.136187 17.716537
		vertex -0.125552 -0.434344 17.716536
		vertex 0.000000 -0.459318 17.716536
	endloop
endfacet
facet normal 0.000000 1.000000 0.000000
	outer loop
		vertex 0.000000 -0.136187 17.716537
		vertex -0.125552 -0.434344 17.716536
		vertex 0.000000 -0.136187 17.716537
	endloop
endfacet
facet normal 0.000003 0.000005 -1.000000
	outer loop
		vertex 0.000000 -0.136187 17.716537
		vertex -0.231990 -0.363224 17.716536
		vertex -0.125552 -0.434344 17.716536
	endloop
endfacet
facet normal 0.000000 1.000000 0.000000
	outer loop
		vertex 0.000000 -0.136187 17.716537
		vertex -0.231990 -0.363224 17.716536
		vertex 0.000000 -0.136187 17.716537
	endloop
endfacet
facet normal 0.000005 0.000003 -1.000000
	outer loop
		vertex 0.000000 -0.136187 17.716537
		vertex -0.303110 -0.256786 17.716536
		vertex -0.231990 -0.363224 17.716536
	endloop
endfacet
facet normal 0.000000 1.000000 0.000000
	outer loop
		vertex 0.000000 -0.136187 17.716537
		vertex -0.303110 -0.256786 17.716536
		vertex 0.000000 -0.136187 17.716537
	endloop
endfacet
facet normal 0.000006 0.000001 -1.000000
	outer loop
		vertex 0.000000 -0.136187 17.716537
		vertex -0.328084 -0.131234 17.716536
		vertex -0.303110 -0.256786 17.716536
	endloop
endfacet
facet normal 0.000000 1.000000 0.000000
	outer loop
		vertex 0.000000 -0.136187 17.716537
		vertex -0.328084 -0.131234 17.716536
		vertex 0.000000 -0.136187 17.716537
	endloop
endfacet
facet normal 0.000006 -0.000001 -1.000000
	outer loop
		vertex 0.000000 -0.136187 17.716537
		vertex -0.303110 -0.005681 17.716536
		vertex -0.328084 -0.131234 17.716536
	endloop
endfacet
facet normal 0.000000 1.000000 0.000000
	outer loop
		vertex 0.000000 -0.136187 17.716537
		vertex -0.303110 -0.005681 17.716536
		vertex 0.000000 -0.136187 17.716537
	endloop
endfacet
facet normal 0.000005 -0.000003 -1.000000
	outer loop
		vertex 0.000000 -0.136187 17.716537
		vertex -0.231990 0.100757 17.716536
		vertex -0.303110 -0.005681 17.716536
	endloop
endfacet
facet normal 0.000000 1.000000 0.000000
	outer loop
		vertex 0.000000 -0.136187 17.716537
		vertex -0.231990 0.100757 17.716536
		vertex 0.000000 -0.136187 17.716537
	endloop
endfacet
facet normal 0.000003 -0.000005 -1.000000
	outer loop
		vertex 0.000000 -0.136187 17.716537
		vertex -0.125552 0.171876 17.716536
		vertex -0.231990 0.100757 17.716536
	endloop
endfacet
facet normal -0.926045 -0.377413 0.000000
	outer loop
		vertex 0.000000 -0.136187 17.716536
		vertex -0.125552 0.171876 17.716536
		vertex 0.000000 -0.136187 17.716537
	endloop
endfacet
facet normal 0.000000 0.000000 -1.000000
	outer loop
		vertex 0.000000 -0.136187 17.716536
		vertex 0.000000 0.196850 17.716536
		vertex -0.125552 0.171876 17.716536
	endloop
endfacet
facet normal -0.068447 0.958051 0.278303
	outer loop
		vertex 0.089360 -1.785359 -4.013455
		vertex 0.000000 -1.837270 -3.856729
		vertex 0.000000 -1.785359 -4.035433
	endloop
endfacet
facet normal 0.000000 1.000000 0.000000
	outer loop
		vertex 0.089360 -1.785359 -4.013455
		vertex 0.000000 -1.837270 -3.856729
		vertex 0.000000 -1.837270 -3.856729
	endloop
endfacet
facet normal -0.191413 0.959100 0.208540
	outer loop
		vertex 0.154776 -1.785359 -3.953412
		vertex 0.000000 -1.837270 -3.856729
		vertex 0.089360 -1.785359 -4.013455
	endloop
endfacet
facet normal 0.000000 1.000000 0.000000
	outer loop
		vertex 0.154776 -1.785359 -3.953412
		vertex 0.000000 -1.837270 -3.856729
		vertex 0.000000 -1.837270 -3.856729
	endloop
endfacet
facet normal -0.272041 0.959003 0.079415
	outer loop
		vertex 0.178720 -1.785359 -3.871391
		vertex 0.000000 -1.837270 -3.856729
		vertex 0.154776 -1.785359 -3.953412
	endloop
endfacet
facet normal 0.000000 1.000000 0.000000
	outer loop
		vertex 0.178720 -1.785359 -3.871391
		vertex 0.000000 -1.837270 -3.856729
		vertex 0.000000 -1.837270 -3.856729
	endloop
endfacet
facet normal -0.284245 0.955154 -0.082978
	outer loop
		vertex 0.154776 -1.785359 -3.789370
		vertex 0.000000 -1.837270 -3.856729
		vertex 0.178720 -1.785359 -3.871391
	endloop
endfacet
facet normal 0.000000 1.000000 0.000000
	outer loop
		vertex 0.154776 -1.785359 -3.789370
		vertex 0.000000 -1.837270 -3.856729
		vertex 0.000000 -1.837270 -3.856729
	endloop
endfacet
facet normal -0.215642 0.947789 -0.234937
	outer loop
		vertex 0.089360 -1.785359 -3.729326
		vertex 0.000000 -1.837270 -3.856729
		vertex 0.154776 -1.785359 -3.789370
	endloop
endfacet
facet normal 0.000000 1.000000 0.000000
	outer loop
		vertex 0.089360 -1.785359 -3.729326
		vertex 0.000000 -1.837270 -3.856729
		vertex 0.000000 -1.837270 -3.856729
	endloop
endfacet
facet normal -0.080471 0.941525 -0.327193
	outer loop
		vertex 0.000000 -1.785359 -3.707349
		vertex 0.000000 -1.837270 -3.856729
		vertex 0.089360 -1.785359 -3.729326
	endloop
endfacet
facet normal 0.000000 1.000000 0.000000
	outer loop
		vertex 0.000000 -1.785359 -3.707349
		vertex 0.000000 -1.837270 -3.856729
		vertex 0.000000 -1.837270 -3.856729
	endloop
endfacet
facet normal 0.000000 1.000000 0.000000
	outer loop
		vertex 0.000000 -1.785359 -3.707349
		vertex 0.000000 -1.837270 -3.856729
		vertex 0.000000 -1.785359 -3.707349
	endloop
endfacet
facet normal 0.000000 1.000000 0.000000
	outer loop
		vertex 0.000000 -1.785359 -3.707349
		vertex 0.000000 -1.837270 -3.856729
		vertex 0.000000 -1.837270 -3.856729
	endloop
endfacet
facet normal 0.080471 0.941525 -0.327193
	outer loop
		vertex -0.089360 -1.785359 -3.729326
		vertex 0.000000 -1.837270 -3.856729
		vertex 0.000000 -1.785359 -3.707349
	endloop
endfacet
facet normal 0.000000 1.000000 0.000000
	outer loop
		vertex -0.089360 -1.785359 -3.729326
		vertex 0.000000 -1.837270 -3.856729
		vertex 0.000000 -1.837270 -3.856729
	endloop
endfacet
facet normal 0.215642 0.947789 -0.234937
	outer loop
		vertex -0.154776 -1.785359 -3.789370
		vertex 0.000000 -1.837270 -3.856729
		vertex -0.089360 -1.785359 -3.729326
	endloop
endfacet
facet normal 0.000000 1.000000 0.000000
	outer loop
		vertex -0.154776 -1.785359 -3.789370
		vertex 0.000000 -1.837270 -3.856729
		vertex 0.000000 -1.837270 -3.856729
	endloop
endfacet
facet normal 0.284245 0.955154 -0.082978
	outer loop
		vertex -0.178720 -1.785359 -3.871391
		vertex 0.000000 -1.837270 -3.856729
		vertex -0.154776 -1.785359 -3.789370
	endloop
endfacet
facet normal 0.000000 1.000000 0.000000
	outer loop
		vertex -0.178720 -1.785359 -3.871391
		vertex 0.000000 -1.837270 -3.856729
		vertex 0.000000 -1.837270 -3.856729
	endloop
endfacet
facet normal 0.272041 0.959003 0.079415
	outer loop
		vertex -0.154776 -1.785359 -3.953412
		vertex 0.000000 -1.837270 -3.856729
		vertex -0.178720 -1.785359 -3.871391
	endloop
endfacet
facet normal 0.000000 1.000000 0.000000
	outer loop
		vertex -0.154776 -1.785359 -3.953412
		vertex 0.000000 -1.837270 -3.856729
		vertex 0.000000 -1.837270 -3.856729
	endloop
endfacet
facet normal 0.191413 0.959100 0.208540
	outer loop
		vertex -0.089360 -1.785359 -4.013455
		vertex 0.000000 -1.837270 -3.856729
		vertex -0.154776 -1.785359 -3.953412
	endloop
endfacet
facet normal 0.000000 1.000000 0.000000
	outer loop
		vertex -0.089360 -1.785359 -4.013455
		vertex 0.000000 -1.837270 -3.856729
		vertex 0.000000 -1.837270 -3.856729
	endloop
endfacet
facet normal 0.068447 0.958051 0.278303
	outer loop
		vertex 0.000000 -1.785359 -4.035433
		vertex 0.000000 -1.837270 -3.856729
		vertex -0.089360 -1.785359 -4.013455
	endloop
endfacet
facet normal 0.000000 1.000000 0.000000
	outer loop
		vertex 0.000000 -1.785359 -4.035433
		vertex 0.000000 -1.837270 -3.856729
		vertex 0.000000 -1.837270 -3.856729
	endloop
endfacet
facet normal -0.198813 0.739981 0.642574
	outer loop
		vertex 0.142065 -1.642910 -4.155520
		vertex 0.000000 -1.785359 -4.035433
		vertex 0.000000 -1.642910 -4.199475
	endloop
endfacet
facet normal -0.164149 0.726360 0.667425
	outer loop
		vertex 0.142065 -1.642910 -4.155520
		vertex 0.089360 -1.785359 -4.013455
		vertex 0.000000 -1.785359 -4.035433
	endloop
endfacet
facet normal -0.552835 0.682023 0.478768
	outer loop
		vertex 0.246063 -1.642910 -4.035433
		vertex 0.089360 -1.785359 -4.013455
		vertex 0.142065 -1.642910 -4.155520
	endloop
endfacet
facet normal -0.513315 0.650964 0.559243
	outer loop
		vertex 0.246063 -1.642910 -4.035433
		vertex 0.154776 -1.785359 -3.953412
		vertex 0.089360 -1.785359 -4.013455
	endloop
endfacet
facet normal -0.777643 0.602252 0.180453
	outer loop
		vertex 0.284129 -1.642910 -3.871391
		vertex 0.154776 -1.785359 -3.953412
		vertex 0.246063 -1.642910 -4.035433
	endloop
endfacet
facet normal -0.782590 0.579104 0.228456
	outer loop
		vertex 0.284129 -1.642910 -3.871391
		vertex 0.178720 -1.785359 -3.871391
		vertex 0.154776 -1.785359 -3.953412
	endloop
endfacet
facet normal -0.790218 0.584748 -0.183371
	outer loop
		vertex 0.246063 -1.642910 -3.707349
		vertex 0.178720 -1.785359 -3.871391
		vertex 0.284129 -1.642910 -3.871391
	endloop
endfacet
facet normal -0.758187 0.613322 -0.221333
	outer loop
		vertex 0.246063 -1.642910 -3.707349
		vertex 0.154776 -1.785359 -3.789370
		vertex 0.178720 -1.785359 -3.871391
	endloop
endfacet
facet normal -0.572744 0.652640 -0.496010
	outer loop
		vertex 0.142065 -1.642910 -3.587262
		vertex 0.154776 -1.785359 -3.789370
		vertex 0.246063 -1.642910 -3.707349
	endloop
endfacet
facet normal -0.481771 0.701713 -0.524876
	outer loop
		vertex 0.142065 -1.642910 -3.587262
		vertex 0.089360 -1.785359 -3.729326
		vertex 0.154776 -1.785359 -3.789370
	endloop
endfacet
facet normal -0.202617 0.728073 -0.654871
	outer loop
		vertex 0.000000 -1.642910 -3.543307
		vertex 0.089360 -1.785359 -3.729326
		vertex 0.142065 -1.642910 -3.587262
	endloop
endfacet
facet normal -0.159199 0.745424 -0.647301
	outer loop
		vertex 0.000000 -1.642910 -3.543307
		vertex 0.000000 -1.785359 -3.707349
		vertex 0.089360 -1.785359 -3.729326
	endloop
endfacet
facet normal 0.000000 1.000000 0.000000
	outer loop
		vertex 0.000000 -1.642910 -3.543307
		vertex 0.000000 -1.785359 -3.707349
		vertex 0.000000 -1.642910 -3.543307
	endloop
endfacet
facet normal 0.000000 1.000000 0.000000
	outer loop
		vertex 0.000000 -1.642910 -3.543307
		vertex 0.000000 -1.785359 -3.707349
		vertex 0.000000 -1.785359 -3.707349
	endloop
endfacet
facet normal 0.198813 0.739981 -0.642574
	outer loop
		vertex -0.142065 -1.642910 -3.587262
		vertex 0.000000 -1.785359 -3.707349
		vertex 0.000000 -1.642910 -3.543307
	endloop
endfacet
facet normal 0.164149 0.726360 -0.667425
	outer loop
		vertex -0.142065 -1.642910 -3.587262
		vertex -0.089360 -1.785359 -3.729326
		vertex 0.000000 -1.785359 -3.707349
	endloop
endfacet
facet normal 0.552835 0.682023 -0.478768
	outer loop
		vertex -0.246063 -1.642910 -3.707349
		vertex -0.089360 -1.785359 -3.729326
		vertex -0.142065 -1.642910 -3.587262
	endloop
endfacet
facet normal 0.513315 0.650964 -0.559243
	outer loop
		vertex -0.246063 -1.642910 -3.707349
		vertex -0.154776 -1.785359 -3.789370
		vertex -0.089360 -1.785359 -3.729326
	endloop
endfacet
facet normal 0.777643 0.602252 -0.180453
	outer loop
		vertex -0.284129 -1.642910 -3.871391
		vertex -0.154776 -1.785359 -3.789370
		vertex -0.246063 -1.642910 -3.707349
	endloop
endfacet
facet normal 0.782590 0.579104 -0.228457
	outer loop
		vertex -0.284129 -1.642910 -3.871391
		vertex -0.178720 -1.785359 -3.871391
		vertex -0.154776 -1.785359 -3.789370
	endloop
endfacet
facet normal 0.790218 0.584748 0.183371
	outer loop
		vertex -0.246063 -1.642910 -4.035433
		vertex -0.178720 -1.785359 -3.871391
		vertex -0.284129 -1.642910 -3.871391
	endloop
endfacet
facet normal 0.758187 0.613322 0.221333
	outer loop
		vertex -0.246063 -1.642910 -4.035433
		vertex -0.154776 -1.785359 -3.953412
		vertex -0.178720 -1.785359 -3.871391
	endloop
endfacet
facet normal 0.572744 0.652640 0.496010
	outer loop
		vertex -0.142065 -1.642910 -4.155520
		vertex -0.154776 -1.785359 -3.953412
		vertex -0.246063 -1.642910 -4.035433
	endloop
endfacet
facet normal 0.481771 0.701713 0.524877
	outer loop
		vertex -0.142065 -1.642910 -4.155520
		vertex -0.089360 -1.785359 -4.013455
		vertex -0.154776 -1.785359 -3.953412
	endloop
endfacet
facet normal 0.202617 0.728073 0.654871
	outer loop
		vertex 0.000000 -1.642910 -4.199475
		vertex -0.089360 -1.785359 -4.013455
		vertex -0.142065 -1.642910 -4.155520
	endloop
endfacet
facet normal 0.159199 0.745424 0.647301
	outer loop
		vertex 0.000000 -1.642910 -4.199475
		vertex 0.000000 -1.785359 -4.035433
		vertex -0.089360 -1.785359 -4.013455
	endloop
endfacet
facet normal -0.258819 0.000000 0.965926
	outer loop
		vertex 0.164042 -1.345145 -4.155520
		vertex 0.000000 -1.642910 -4.199475
		vertex 0.000000 -1.345144 -4.199475
	endloop
endfacet
facet normal -0.295506 0.021811 0.955092
	outer loop
		vertex 0.164042 -1.345145 -4.155520
		vertex 0.142065 -1.642910 -4.155520
		vertex 0.000000 -1.642910 -4.199475
	endloop
endfacet
facet normal -0.706146 0.052119 0.706146
	outer loop
		vertex 0.284129 -1.345145 -4.035433
		vertex 0.142065 -1.642910 -4.155520
		vertex 0.164042 -1.345145 -4.155520
	endloop
endfacet
facet normal -0.752424 0.096189 0.651618
	outer loop
		vertex 0.284129 -1.345145 -4.035433
		vertex 0.246063 -1.642910 -4.035433
		vertex 0.142065 -1.642910 -4.155520
	endloop
endfacet
facet normal -0.958645 0.122552 0.256868
	outer loop
		vertex 0.328084 -1.345145 -3.871391
		vertex 0.246063 -1.642910 -4.035433
		vertex 0.284129 -1.345145 -4.035433
	endloop
endfacet
facet normal -0.964200 0.142331 0.223743
	outer loop
		vertex 0.328084 -1.345145 -3.871391
		vertex 0.284129 -1.642910 -3.871391
		vertex 0.246063 -1.642910 -4.035433
	endloop
endfacet
facet normal -0.956254 0.141158 -0.256228
	outer loop
		vertex 0.284129 -1.345145 -3.707349
		vertex 0.284129 -1.642910 -3.871391
		vertex 0.328084 -1.345145 -3.871391
	endloop
endfacet
facet normal -0.966650 0.123576 -0.224312
	outer loop
		vertex 0.284129 -1.345145 -3.707349
		vertex 0.246063 -1.642910 -3.707349
		vertex 0.284129 -1.642910 -3.871391
	endloop
endfacet
facet normal -0.704236 0.090029 -0.704235
	outer loop
		vertex 0.164042 -1.345145 -3.587262
		vertex 0.246063 -1.642910 -3.707349
		vertex 0.284129 -1.345145 -3.707349
	endloop
endfacet
facet normal -0.754755 0.055707 -0.653637
	outer loop
		vertex 0.164042 -1.345145 -3.587262
		vertex 0.142065 -1.642910 -3.587262
		vertex 0.246063 -1.642910 -3.707349
	endloop
endfacet
facet normal -0.258771 0.019099 -0.965750
	outer loop
		vertex 0.000000 -1.345145 -3.543307
		vertex 0.142065 -1.642910 -3.587262
		vertex 0.164042 -1.345145 -3.587262
	endloop
endfacet
facet normal -0.295576 -0.000000 -0.955319
	outer loop
		vertex 0.000000 -1.345145 -3.543307
		vertex 0.000000 -1.642910 -3.543307
		vertex 0.142065 -1.642910 -3.587262
	endloop
endfacet
facet normal 0.000000 1.000000 0.000000
	outer loop
		vertex 0.000000 -1.345145 -3.543307
		vertex 0.000000 -1.642910 -3.543307
		vertex 0.000000 -1.345145 -3.543307
	endloop
endfacet
facet normal 0.000000 1.000000 0.000000
	outer loop
		vertex 0.000000 -1.345145 -3.543307
		vertex 0.000000 -1.642910 -3.543307
		vertex 0.000000 -1.642910 -3.543307
	endloop
endfacet
facet normal 0.258819 0.000000 -0.965926
	outer loop
		vertex -0.164042 -1.345145 -3.587262
		vertex 0.000000 -1.642910 -3.543307
		vertex 0.000000 -1.345145 -3.543307
	endloop
endfacet
facet normal 0.295506 0.021811 -0.955092
	outer loop
		vertex -0.164042 -1.345145 -3.587262
		vertex -0.142065 -1.642910 -3.587262
		vertex 0.000000 -1.642910 -3.543307
	endloop
endfacet
facet normal 0.706146 0.052119 -0.706145
	outer loop
		vertex -0.284129 -1.345145 -3.707349
		vertex -0.142065 -1.642910 -3.587262
		vertex -0.164042 -1.345145 -3.587262
	endloop
endfacet
facet normal 0.752424 0.096189 -0.651618
	outer loop
		vertex -0.284129 -1.345145 -3.707349
		vertex -0.246063 -1.642910 -3.707349
		vertex -0.142065 -1.642910 -3.587262
	endloop
endfacet
facet normal 0.958645 0.122552 -0.256868
	outer loop
		vertex -0.328084 -1.345145 -3.871391
		vertex -0.246063 -1.642910 -3.707349
		vertex -0.284129 -1.345145 -3.707349
	endloop
endfacet
facet normal 0.964200 0.142331 -0.223743
	outer loop
		vertex -0.328084 -1.345145 -3.871391
		vertex -0.284129 -1.642910 -3.871391
		vertex -0.246063 -1.642910 -3.707349
	endloop
endfacet
facet normal 0.956254 0.141158 0.256227
	outer loop
		vertex -0.284129 -1.345145 -4.035433
		vertex -0.284129 -1.642910 -3.871391
		vertex -0.328084 -1.345145 -3.871391
	endloop
endfacet
facet normal 0.966650 0.123576 0.224312
	outer loop
		vertex -0.284129 -1.345145 -4.035433
		vertex -0.246063 -1.642910 -4.035433
		vertex -0.284129 -1.642910 -3.871391
	endloop
endfacet
facet normal 0.704235 0.090029 0.704235
	outer loop
		vertex -0.164042 -1.345145 -4.155520
		vertex -0.246063 -1.642910 -4.035433
		vertex -0.284129 -1.345145 -4.035433
	endloop
endfacet
facet normal 0.754755 0.055707 0.653637
	outer loop
		vertex -0.164042 -1.345145 -4.155520
		vertex -0.142065 -1.642910 -4.155520
		vertex -0.246063 -1.642910 -4.035433
	endloop
endfacet
facet normal 0.258771 0.019099 0.965750
	outer loop
		vertex 0.000000 -1.345144 -4.199475
		vertex -0.142065 -1.642910 -4.155520
		vertex -0.164042 -1.345145 -4.155520
	endloop
endfacet
facet normal 0.295576 0.000000 0.955319
	outer loop
		vertex 0.000000 -1.345144 -4.199475
		vertex 0.000000 -1.642910 -4.199475
		vertex -0.142065 -1.642910 -4.155520
	endloop
endfacet
facet normal -0.258819 0.000000 0.965926
	outer loop
		vertex 0.164042 -1.181102 -4.155520
		vertex 0.000000 -1.345144 -4.199475
		vertex 0.000000 -1.181102 -4.199475
	endloop
endfacet
facet normal -0.258819 0.000000 0.965926
	outer loop
		vertex 0.164042 -1.181102 -4.155520
		vertex 0.164042 -1.345145 -4.155520
		vertex 0.000000 -1.345144 -4.199475
	endloop
endfacet
facet normal -0.707107 0.000000 0.707107
	outer loop
		vertex 0.284129 -1.181102 -4.035433
		vertex 0.164042 -1.345145 -4.155520
		vertex 0.164042 -1.181102 -4.155520
	endloop
endfacet
facet normal -0.707107 0.000000 0.707107
	outer loop
		vertex 0.284129 -1.181102 -4.035433
		vertex 0.284129 -1.345145 -4.035433
		vertex 0.164042 -1.345145 -4.155520
	endloop
endfacet
facet normal -0.965926 0.000000 0.258819
	outer loop
		vertex 0.328084 -1.181102 -3.871391
		vertex 0.284129 -1.345145 -4.035433
		vertex 0.284129 -1.181102 -4.035433
	endloop
endfacet
facet normal -0.965926 0.000000 0.258819
	outer loop
		vertex 0.328084 -1.181102 -3.871391
		vertex 0.328084 -1.345145 -3.871391
		vertex 0.284129 -1.345145 -4.035433
	endloop
endfacet
facet normal -0.965926 0.000000 -0.258819
	outer loop
		vertex 0.284129 -1.181102 -3.707349
		vertex 0.328084 -1.345145 -3.871391
		vertex 0.328084 -1.181102 -3.871391
	endloop
endfacet
facet normal -0.965926 -0.000000 -0.258819
	outer loop
		vertex 0.284129 -1.181102 -3.707349
		vertex 0.284129 -1.345145 -3.707349
		vertex 0.328084 -1.345145 -3.871391
	endloop
endfacet
facet normal -0.707107 0.000000 -0.707106
	outer loop
		vertex 0.164042 -1.181102 -3.587262
		vertex 0.284129 -1.345145 -3.707349
		vertex 0.284129 -1.181102 -3.707349
	endloop
endfacet
facet normal -0.707107 -0.000000 -0.707106
	outer loop
		vertex 0.164042 -1.181102 -3.587262
		vertex 0.164042 -1.345145 -3.587262
		vertex 0.284129 -1.345145 -3.707349
	endloop
endfacet
facet normal -0.258819 0.000000 -0.965926
	outer loop
		vertex 0.000000 -1.181102 -3.543307
		vertex 0.164042 -1.345145 -3.587262
		vertex 0.164042 -1.181102 -3.587262
	endloop
endfacet
facet normal -0.258819 -0.000000 -0.965926
	outer loop
		vertex 0.000000 -1.181102 -3.543307
		vertex 0.000000 -1.345145 -3.543307
		vertex 0.164042 -1.345145 -3.587262
	endloop
endfacet
facet normal 0.000000 1.000000 0.000000
	outer loop
		vertex 0.000000 -1.181102 -3.543307
		vertex 0.000000 -1.345145 -3.543307
		vertex 0.000000 -1.181102 -3.543307
	endloop
endfacet
facet normal 0.000000 1.000000 0.000000
	outer loop
		vertex 0.000000 -1.181102 -3.543307
		vertex 0.000000 -1.345145 -3.543307
		vertex 0.000000 -1.345145 -3.543307
	endloop
endfacet
facet normal 0.258819 0.000000 -0.965926
	outer loop
		vertex -0.164042 -1.181102 -3.587262
		vertex 0.000000 -1.345145 -3.543307
		vertex 0.000000 -1.181102 -3.543307
	endloop
endfacet
facet normal 0.258819 0.000000 -0.965926
	outer loop
		vertex -0.164042 -1.181102 -3.587262
		vertex -0.164042 -1.345145 -3.587262
		vertex 0.000000 -1.345145 -3.543307
	endloop
endfacet
facet normal 0.707107 0.000000 -0.707106
	outer loop
		vertex -0.284129 -1.181102 -3.707349
		vertex -0.164042 -1.345145 -3.587262
		vertex -0.164042 -1.181102 -3.587262
	endloop
endfacet
facet normal 0.707107 0.000000 -0.707106
	outer loop
		vertex -0.284129 -1.181102 -3.707349
		vertex -0.284129 -1.345145 -3.707349
		vertex -0.164042 -1.345145 -3.587262
	endloop
endfacet
facet normal 0.965926 0.000000 -0.258819
	outer loop
		vertex -0.328084 -1.181102 -3.871391
		vertex -0.284129 -1.345145 -3.707349
		vertex -0.284129 -1.181102 -3.707349
	endloop
endfacet
facet normal 0.965926 0.000000 -0.258819
	outer loop
		vertex -0.328084 -1.181102 -3.871391
		vertex -0.328084 -1.345145 -3.871391
		vertex -0.284129 -1.345145 -3.707349
	endloop
endfacet
facet normal 0.965926 0.000000 0.258819
	outer loop
		vertex -0.284129 -1.181102 -4.035433
		vertex -0.328084 -1.345145 -3.871391
		vertex -0.328084 -1.181102 -3.871391
	endloop
endfacet
facet normal 0.965926 0.000000 0.258819
	outer loop
		vertex -0.284129 -1.181102 -4.035433
		vertex -0.284129 -1.345145 -4.035433
		vertex -0.328084 -1.345145 -3.871391
	endloop
endfacet
facet normal 0.707107 0.000000 0.707107
	outer loop
		vertex -0.164042 -1.181102 -4.155520
		vertex -0.284129 -1.345145 -4.035433
		vertex -0.284129 -1.181102 -4.035433
	endloop
endfacet
facet normal 0.707107 0.000000 0.707107
	outer loop
		vertex -0.164042 -1.181102 -4.155520
		vertex -0.164042 -1.345145 -4.155520
		vertex -0.284129 -1.345145 -4.035433
	endloop
endfacet
facet normal 0.258819 0.000000 0.965926
	outer loop
		vertex 0.000000 -1.181102 -4.199475
		vertex -0.164042 -1.345145 -4.155520
		vertex -0.164042 -1.181102 -4.155520
	endloop
endfacet
facet normal 0.258819 0.000000 0.965926
	outer loop
		vertex 0.000000 -1.181102 -4.199475
		vertex 0.000000 -1.345144 -4.199475
		vertex -0.164042 -1.345145 -4.155520
	endloop
endfacet
facet normal -1.000000 0.000000 0.000000
	outer loop
		vertex 0.000000 -1.181103 -3.871391
		vertex 0.000000 -1.181102 -4.199475
		vertex 0.000000 -1.181102 -3.871391
	endloop
endfacet
facet normal 0.000001 -1.000000 -0.000000
	outer loop
		vertex 0.000000 -1.181103 -3.871391
		vertex 0.164042 -1.181102 -4.155520
		vertex 0.000000 -1.181102 -4.199475
	endloop
endfacet
facet normal 0.000000 1.000000 0.000000
	outer loop
		vertex 0.000000 -1.181103 -3.871391
		vertex 0.164042 -1.181102 -4.155520
		vertex 0.000000 -1.181103 -3.871391
	endloop
endfacet
facet normal 0.000001 -1.000000 -0.000001
	outer loop
		vertex 0.000000 -1.181103 -3.871391
		vertex 0.284129 -1.181102 -4.035433
		vertex 0.164042 -1.181102 -4.155520
	endloop
endfacet
facet normal 0.000000 1.000000 0.000000
	outer loop
		vertex 0.000000 -1.181103 -3.871391
		vertex 0.284129 -1.181102 -4.035433
		vertex 0.000000 -1.181103 -3.871391
	endloop
endfacet
facet normal 0.000001 -1.000000 -0.000000
	outer loop
		vertex 0.000000 -1.181103 -3.871391
		vertex 0.328084 -1.181102 -3.871391
		vertex 0.284129 -1.181102 -4.035433
	endloop
endfacet
facet normal 0.000000 1.000000 0.000000
	outer loop
		vertex 0.000000 -1.181103 -3.871391
		vertex 0.328084 -1.181102 -3.871391
		vertex 0.000000 -1.181103 -3.871391
	endloop
endfacet
facet normal 0.000001 -1.000000 0.000000
	outer loop
		vertex 0.000000 -1.181103 -3.871391
		vertex 0.284129 -1.181102 -3.707349
		vertex 0.328084 -1.181102 -3.871391
	endloop
endfacet
facet normal 0.000000 1.000000 0.000000
	outer loop
		vertex 0.000000 -1.181103 -3.871391
		vertex 0.284129 -1.181102 -3.707349
		vertex 0.000000 -1.181103 -3.871391
	endloop
endfacet
facet normal 0.000001 -1.000000 0.000001
	outer loop
		vertex 0.000000 -1.181103 -3.871391
		vertex 0.164042 -1.181102 -3.587262
		vertex 0.284129 -1.181102 -3.707349
	endloop
endfacet
facet normal 0.000000 1.000000 0.000000
	outer loop
		vertex 0.000000 -1.181103 -3.871391
		vertex 0.164042 -1.181102 -3.587262
		vertex 0.000000 -1.181103 -3.871391
	endloop
endfacet
facet normal 0.000000 -1.000000 0.000001
	outer loop
		vertex 0.000000 -1.181103 -3.871391
		vertex 0.000000 -1.181102 -3.543307
		vertex 0.164042 -1.181102 -3.587262
	endloop
endfacet
facet normal 0.000000 1.000000 0.000000
	outer loop
		vertex 0.000000 -1.181103 -3.871391
		vertex 0.000000 -1.181102 -3.543307
		vertex 0.000000 -1.181103 -3.871391
	endloop
endfacet
facet normal 0.000000 1.000000 0.000000
	outer loop
		vertex 0.000000 -1.181103 -3.871391
		vertex 0.000000 -1.181102 -3.543307
		vertex 0.000000 -1.181102 -3.543307
	endloop
endfacet
facet normal 0.000000 1.000000 0.000000
	outer loop
		vertex 0.000000 -1.181103 -3.871391
		vertex 0.000000 -1.181102 -3.543307
		vertex 0.000000 -1.181103 -3.871391
	endloop
endfacet
facet normal -0.000000 -1.000000 0.000001
	outer loop
		vertex 0.000000 -1.181103 -3.871391
		vertex -0.164042 -1.181102 -3.587262
		vertex 0.000000 -1.181102 -3.543307
	endloop
endfacet
facet normal 0.000000 1.000000 0.000000
	outer loop
		vertex 0.000000 -1.181103 -3.871391
		vertex -0.164042 -1.181102 -3.587262
		vertex 0.000000 -1.181103 -3.871391
	endloop
endfacet
facet normal -0.000001 -1.000000 0.000001
	outer loop
		vertex 0.000000 -1.181103 -3.871391
		vertex -0.284129 -1.181102 -3.707349
		vertex -0.164042 -1.181102 -3.587262
	endloop
endfacet
facet normal 0.000000 1.000000 0.000000
	outer loop
		vertex 0.000000 -1.181103 -3.871391
		vertex -0.284129 -1.181102 -3.707349
		vertex 0.000000 -1.181103 -3.871391
	endloop
endfacet
facet normal -0.000001 -1.000000 0.000000
	outer loop
		vertex 0.000000 -1.181103 -3.871391
		vertex -0.328084 -1.181102 -3.871391
		vertex -0.284129 -1.181102 -3.707349
	endloop
endfacet
facet normal 0.000000 1.000000 0.000000
	outer loop
		vertex 0.000000 -1.181103 -3.871391
		vertex -0.328084 -1.181102 -3.871391
		vertex 0.000000 -1.181103 -3.871391
	endloop
endfacet
facet normal -0.000001 -1.000000 -0.000000
	outer loop
		vertex 0.000000 -1.181103 -3.871391
		vertex -0.284129 -1.181102 -4.035433
		vertex -0.328084 -1.181102 -3.871391
	endloop
endfacet
facet normal 0.000000 1.000000 0.000000
	outer loop
		vertex 0.000000 -1.181103 -3.871391
		vertex -0.284129 -1.181102 -4.035433
		vertex 0.000000 -1.181103 -3.871391
	endloop
endfacet
facet normal -0.000001 -1.000000 -0.000001
	outer loop
		vertex 0.000000 -1.181103 -3.871391
		vertex -0.164042 -1.181102 -4.155520
		vertex -0.284129 -1.181102 -4.035433
	endloop
endfacet
facet normal 0.866025 0.000000 -0.500000
	outer loop
		vertex 0.000000 -1.181102 -3.871391
		vertex -0.164042 -1.181102 -4.155520
		vertex 0.000000 -1.181103 -3.871391
	endloop
endfacet
facet normal -0.000001 -1.000000 -0.000000
	outer loop
		vertex 0.000000 -1.181102 -3.871391
		vertex 0.000000 -1.181102 -4.199475
		vertex -0.164042 -1.181102 -4.155520
	endloop
endfacet
facet normal -0.121325 -0.556872 0.821690
	outer loop
		vertex 6.643701 -0.083487 -1.184252
		vertex 6.561680 -0.213171 -1.284252
		vertex 6.561680 -0.065617 -1.184252
	endloop
endfacet
facet normal 0.000000 1.000000 0.000000
	outer loop
		vertex 6.643701 -0.083487 -1.184252
		vertex 6.561680 -0.213171 -1.284252
		vertex 6.561680 -0.213171 -1.284252
	endloop
endfacet
facet normal -0.346154 -0.425727 0.836022
	outer loop
		vertex 6.703744 -0.132308 -1.184252
		vertex 6.561680 -0.213171 -1.284252
		vertex 6.643701 -0.083487 -1.184252
	endloop
endfacet
facet normal 0.000000 1.000000 0.000000
	outer loop
		vertex 6.703744 -0.132308 -1.184252
		vertex 6.561680 -0.213171 -1.284252
		vertex 6.561680 -0.213171 -1.284252
	endloop
endfacet
facet normal -0.502837 -0.165706 0.848349
	outer loop
		vertex 6.725722 -0.198998 -1.184252
		vertex 6.561680 -0.213171 -1.284252
		vertex 6.703744 -0.132308 -1.184252
	endloop
endfacet
facet normal 0.000000 1.000000 0.000000
	outer loop
		vertex 6.725722 -0.198998 -1.184252
		vertex 6.561680 -0.213171 -1.284252
		vertex 6.561680 -0.213171 -1.284252
	endloop
endfacet
facet normal -0.523530 0.172525 0.834357
	outer loop
		vertex 6.703744 -0.265689 -1.184252
		vertex 6.561680 -0.213171 -1.284252
		vertex 6.725722 -0.198998 -1.184252
	endloop
endfacet
facet normal 0.000000 1.000000 0.000000
	outer loop
		vertex 6.703744 -0.265689 -1.184252
		vertex 6.561680 -0.213171 -1.284252
		vertex 6.561680 -0.213171 -1.284252
	endloop
endfacet
facet normal -0.383958 0.472217 0.793466
	outer loop
		vertex 6.643701 -0.314510 -1.184252
		vertex 6.561680 -0.213171 -1.284252
		vertex 6.703744 -0.265689 -1.184252
	endloop
endfacet
facet normal 0.000000 1.000000 0.000000
	outer loop
		vertex 6.643701 -0.314510 -1.184252
		vertex 6.561680 -0.213171 -1.284252
		vertex 6.561680 -0.213171 -1.284252
	endloop
endfacet
facet normal -0.138667 0.636474 0.758731
	outer loop
		vertex 6.561680 -0.332380 -1.184252
		vertex 6.561680 -0.213171 -1.284252
		vertex 6.643701 -0.314510 -1.184252
	endloop
endfacet
facet normal 0.000000 1.000000 0.000000
	outer loop
		vertex 6.561680 -0.332380 -1.184252
		vertex 6.561680 -0.213171 -1.284252
		vertex 6.561680 -0.213171 -1.284252
	endloop
endfacet
facet normal 0.000000 1.000000 0.000000
	outer loop
		vertex 6.561680 -0.332380 -1.184252
		vertex 6.561680 -0.213171 -1.284252
		vertex 6.561680 -0.332380 -1.184252
	endloop
endfacet
facet normal 0.000000 1.000000 0.000000
	outer loop
		vertex 6.561680 -0.332380 -1.184252
		vertex 6.561680 -0.213171 -1.284252
		vertex 6.561680 -0.213171 -1.284252
	endloop
endfacet
facet normal 0.138667 0.636474 0.758731
	outer loop
		vertex 6.479659 -0.314510 -1.184252
		vertex 6.561680 -0.213171 -1.284252
		vertex 6.561680 -0.332380 -1.184252
	endloop
endfacet
facet normal 0.000000 1.000000 0.000000
	outer loop
		vertex 6.479659 -0.314510 -1.184252
		vertex 6.561680 -0.213171 -1.284252
		vertex 6.561680 -0.213171 -1.284252
	endloop
endfacet
facet normal 0.383957 0.472217 0.793466
	outer loop
		vertex 6.419615 -0.265689 -1.184252
		vertex 6.561680 -0.213171 -1.284252
		vertex 6.479659 -0.314510 -1.184252
	endloop
endfacet
facet normal 0.000000 1.000000 0.000000
	outer loop
		vertex 6.419615 -0.265689 -1.184252
		vertex 6.561680 -0.213171 -1.284252
		vertex 6.561680 -0.213171 -1.284252
	endloop
endfacet
facet normal 0.523529 0.172525 0.834357
	outer loop
		vertex 6.397638 -0.198998 -1.184252
		vertex 6.561680 -0.213171 -1.284252
		vertex 6.419615 -0.265689 -1.184252
	endloop
endfacet
facet normal 0.000000 1.000000 0.000000
	outer loop
		vertex 6.397638 -0.198998 -1.184252
		vertex 6.561680 -0.213171 -1.284252
		vertex 6.561680 -0.213171 -1.284252
	endloop
endfacet
facet normal 0.502837 -0.165706 0.848349
	outer loop
		vertex 6.419615 -0.132308 -1.184252
		vertex 6.561680 -0.213171 -1.284252
		vertex 6.397638 -0.198998 -1.184252
	endloop
endfacet
facet normal 0.000000 1.000000 0.000000
	outer loop
		vertex 6.419615 -0.132308 -1.184252
		vertex 6.561680 -0.213171 -1.284252
		vertex 6.561680 -0.213171 -1.284252
	endloop
endfacet
facet normal 0.346154 -0.425727 0.836022
	outer loop
		vertex 6.479659 -0.083487 -1.184252
		vertex 6.561680 -0.213171 -1.284252
		vertex 6.419615 -0.132308 -1.184252
	endloop
endfacet
facet normal 0.000000 1.000000 0.000000
	outer loop
		vertex 6.479659 -0.083487 -1.184252
		vertex 6.561680 -0.213171 -1.284252
		vertex 6.561680 -0.213171 -1.284252
	endloop
endfacet
facet normal 0.121325 -0.556872 0.821690
	outer loop
		vertex 6.561680 -0.065617 -1.184252
		vertex 6.561680 -0.213171 -1.284252
		vertex 6.479659 -0.083487 -1.184252
	endloop
endfacet
facet normal 0.000000 1.000000 0.000000
	outer loop
		vertex 6.561680 -0.065617 -1.184252
		vertex 6.561680 -0.213171 -1.284252
		vertex 6.561680 -0.213171 -1.284252
	endloop
endfacet
facet normal -0.212875 -0.977079 0.000000
	outer loop
		vertex 6.643701 -0.083487 -0.656168
		vertex 6.561680 -0.065617 -1.184252
		vertex 6.561680 -0.065617 -0.656168
	endloop
endfacet
facet normal -0.212875 -0.977079 -0.000000
	outer loop
		vertex 6.643701 -0.083487 -0.656168
		vertex 6.643701 -0.083487 -1.184252
		vertex 6.561680 -0.065617 -1.184252
	endloop
endfacet
facet normal -0.630868 -0.775890 0.000000
	outer loop
		vertex 6.703744 -0.132308 -0.656168
		vertex 6.643701 -0.083487 -1.184252
		vertex 6.643701 -0.083487 -0.656168
	endloop
endfacet
facet normal -0.630868 -0.775890 -0.000000
	outer loop
		vertex 6.703744 -0.132308 -0.656168
		vertex 6.703744 -0.132308 -1.184252
		vertex 6.643701 -0.083487 -1.184252
	endloop
endfacet
facet normal -0.949758 -0.312986 0.000000
	outer loop
		vertex 6.725722 -0.198998 -0.656168
		vertex 6.703744 -0.132308 -1.184252
		vertex 6.703744 -0.132308 -0.656168
	endloop
endfacet
facet normal -0.949758 -0.312986 -0.000000
	outer loop
		vertex 6.725722 -0.198998 -0.656168
		vertex 6.725722 -0.198998 -1.184252
		vertex 6.703744 -0.132308 -1.184252
	endloop
endfacet
facet normal -0.949758 0.312986 0.000000
	outer loop
		vertex 6.703744 -0.265689 -0.656168
		vertex 6.725722 -0.198998 -1.184252
		vertex 6.725722 -0.198998 -0.656168
	endloop
endfacet
facet normal -0.949758 0.312986 0.000000
	outer loop
		vertex 6.703744 -0.265689 -0.656168
		vertex 6.703744 -0.265689 -1.184252
		vertex 6.725722 -0.198998 -1.184252
	endloop
endfacet
facet normal -0.630871 0.775888 0.000000
	outer loop
		vertex 6.643701 -0.314510 -0.656168
		vertex 6.703744 -0.265689 -1.184252
		vertex 6.703744 -0.265689 -0.656168
	endloop
endfacet
facet normal -0.630871 0.775888 0.000000
	outer loop
		vertex 6.643701 -0.314510 -0.656168
		vertex 6.643701 -0.314510 -1.184252
		vertex 6.703744 -0.265689 -1.184252
	endloop
endfacet
facet normal -0.212873 0.977080 0.000000
	outer loop
		vertex 6.561680 -0.332380 -0.656168
		vertex 6.643701 -0.314510 -1.184252
		vertex 6.643701 -0.314510 -0.656168
	endloop
endfacet
facet normal -0.212873 0.977080 0.000000
	outer loop
		vertex 6.561680 -0.332380 -0.656168
		vertex 6.561680 -0.332380 -1.184252
		vertex 6.643701 -0.314510 -1.184252
	endloop
endfacet
facet normal 0.000000 1.000000 0.000000
	outer loop
		vertex 6.561680 -0.332380 -0.656168
		vertex 6.561680 -0.332380 -1.184252
		vertex 6.561680 -0.332380 -0.656168
	endloop
endfacet
facet normal 0.000000 1.000000 0.000000
	outer loop
		vertex 6.561680 -0.332380 -0.656168
		vertex 6.561680 -0.332380 -1.184252
		vertex 6.561680 -0.332380 -1.184252
	endloop
endfacet
facet normal 0.212873 0.977080 0.000000
	outer loop
		vertex 6.479659 -0.314510 -0.656168
		vertex 6.561680 -0.332380 -1.184252
		vertex 6.561680 -0.332380 -0.656168
	endloop
endfacet
facet normal 0.212873 0.977080 0.000000
	outer loop
		vertex 6.479659 -0.314510 -0.656168
		vertex 6.479659 -0.314510 -1.184252
		vertex 6.561680 -0.332380 -1.184252
	endloop
endfacet
facet normal 0.630871 0.775888 0.000000
	outer loop
		vertex 6.419615 -0.265689 -0.656168
		vertex 6.479659 -0.314510 -1.184252
		vertex 6.479659 -0.314510 -0.656168
	endloop
endfacet
facet normal 0.630871 0.775888 0.000000
	outer loop
		vertex 6.419615 -0.265689 -0.656168
		vertex 6.419615 -0.265689 -1.184252
		vertex 6.479659 -0.314510 -1.184252
	endloop
endfacet
facet normal 0.949758 0.312986 0.000000
	outer loop
		vertex 6.397638 -0.198998 -0.656168
		vertex 6.419615 -0.265689 -1.184252
		vertex 6.419615 -0.265689 -0.656168
	endloop
endfacet
facet normal 0.949758 0.312986 0.000000
	outer loop
		vertex 6.397638 -0.198998 -0.656168
		vertex 6.397638 -0.198998 -1.184252
		vertex 6.419615 -0.265689 -1.184252
	endloop
endfacet
facet normal 0.949758 -0.312986 0.000000
	outer loop
		vertex 6.419615 -0.132308 -0.656168
		vertex 6.397638 -0.198998 -1.184252
		vertex 6.397638 -0.198998 -0.656168
	endloop
endfacet
facet normal 0.949758 -0.312986 0.000000
	outer loop
		vertex 6.419615 -0.132308 -0.656168
		vertex 6.419615 -0.132308 -1.184252
		vertex 6.397638 -0.198998 -1.184252
	endloop
endfacet
facet normal 0.630868 -0.775890 0.000000
	outer loop
		vertex 6.479659 -0.083487 -0.656168
		vertex 6.419615 -0.132308 -1.184252
		vertex 6.419615 -0.132308 -0.656168
	endloop
endfacet
facet normal 0.630868 -0.775890 0.000000
	outer loop
		vertex 6.479659 -0.083487 -0.656168
		vertex 6.479659 -0.083487 -1.184252
		vertex 6.419615 -0.132308 -1.184252
	endloop
endfacet
facet normal 0.212875 -0.977079 0.000000
	outer loop
		vertex 6.561680 -0.065617 -0.656168
		vertex 6.479659 -0.083487 -1.184252
		vertex 6.479659 -0.083487 -0.656168
	endloop
endfacet
facet normal 0.212875 -0.977079 0.000000
	outer loop
		vertex 6.561680 -0.065617 -0.656168
		vertex 6.561680 -0.065617 -1.184252
		vertex 6.479659 -0.083487 -1.184252
	endloop
endfacet
facet normal -0.078712 -0.315247 0.945740
	outer loop
		vertex 6.913764 0.338599 -0.492126
		vertex 6.561680 -0.065617 -0.656168
		vertex 6.561680 0.426509 -0.492126
	endloop
endfacet
facet normal -0.070162 -0.322038 0.944123
	outer loop
		vertex 6.913764 0.338599 -0.492126
		vertex 6.643701 -0.083487 -0.656168
		vertex 6.561680 -0.065617 -0.656168
	endloop
endfacet
facet normal -0.215274 -0.231022 0.948834
	outer loop
		vertex 7.171506 0.098425 -0.492126
		vertex 6.643701 -0.083487 -0.656168
		vertex 6.913764 0.338599 -0.492126
	endloop
endfacet
facet normal -0.206278 -0.253696 0.945033
	outer loop
		vertex 7.171506 0.098425 -0.492126
		vertex 6.703744 -0.132308 -0.656168
		vertex 6.643701 -0.083487 -0.656168
	endloop
endfacet
facet normal -0.292556 -0.084124 0.952541
	outer loop
		vertex 7.265847 -0.229659 -0.492126
		vertex 6.703744 -0.132308 -0.656168
		vertex 7.171506 0.098425 -0.492126
	endloop
endfacet
facet normal -0.294270 -0.096974 0.950790
	outer loop
		vertex 7.265847 -0.229659 -0.492126
		vertex 6.725722 -0.198998 -0.656168
		vertex 6.703744 -0.132308 -0.656168
	endloop
endfacet
facet normal -0.285357 0.082054 0.954902
	outer loop
		vertex 7.171506 -0.557743 -0.492126
		vertex 6.725722 -0.198998 -0.656168
		vertex 7.265847 -0.229659 -0.492126
	endloop
endfacet
facet normal -0.278103 0.091647 0.956169
	outer loop
		vertex 7.171506 -0.557743 -0.492126
		vertex 6.703744 -0.265689 -0.656168
		vertex 6.725722 -0.198998 -0.656168
	endloop
endfacet
facet normal -0.200688 0.215368 0.955689
	outer loop
		vertex 6.913764 -0.797917 -0.492126
		vertex 6.703744 -0.265689 -0.656168
		vertex 7.171506 -0.557743 -0.492126
	endloop
endfacet
facet normal -0.181695 0.223461 0.957629
	outer loop
		vertex 6.913764 -0.797917 -0.492126
		vertex 6.643701 -0.314510 -0.656168
		vertex 6.703744 -0.265689 -0.656168
	endloop
endfacet
facet normal -0.071084 0.284695 0.955979
	outer loop
		vertex 6.561680 -0.885827 -0.492126
		vertex 6.643701 -0.314510 -0.656168
		vertex 6.913764 -0.797917 -0.492126
	endloop
endfacet
facet normal -0.061795 0.283637 0.956939
	outer loop
		vertex 6.561680 -0.885827 -0.492126
		vertex 6.561680 -0.332380 -0.656168
		vertex 6.643701 -0.314510 -0.656168
	endloop
endfacet
facet normal 0.000000 1.000000 0.000000
	outer loop
		vertex 6.561680 -0.885827 -0.492126
		vertex 6.561680 -0.332380 -0.656168
		vertex 6.561680 -0.885827 -0.492126
	endloop
endfacet
facet normal 0.000000 1.000000 0.000000
	outer loop
		vertex 6.561680 -0.885827 -0.492126
		vertex 6.561680 -0.332380 -0.656168
		vertex 6.561680 -0.332380 -0.656168
	endloop
endfacet
facet normal 0.070777 0.283468 0.956366
	outer loop
		vertex 6.209596 -0.797917 -0.492126
		vertex 6.561680 -0.332380 -0.656168
		vertex 6.561680 -0.885827 -0.492126
	endloop
endfacet
facet normal 0.062961 0.288989 0.955260
	outer loop
		vertex 6.209596 -0.797917 -0.492126
		vertex 6.479659 -0.314510 -0.656168
		vertex 6.561680 -0.332380 -0.656168
	endloop
endfacet
facet normal 0.198908 0.213458 0.956489
	outer loop
		vertex 5.951853 -0.557743 -0.492126
		vertex 6.479659 -0.314510 -0.656168
		vertex 6.209596 -0.797917 -0.492126
	endloop
endfacet
facet normal 0.189236 0.232734 0.953952
	outer loop
		vertex 5.951853 -0.557743 -0.492126
		vertex 6.419615 -0.265689 -0.656168
		vertex 6.479659 -0.314510 -0.656168
	endloop
endfacet
facet normal 0.284035 0.081674 0.955329
	outer loop
		vertex 5.857513 -0.229659 -0.492126
		vertex 6.419615 -0.265689 -0.656168
		vertex 5.951853 -0.557743 -0.492126
	endloop
endfacet
facet normal 0.284449 0.093738 0.954097
	outer loop
		vertex 5.857513 -0.229659 -0.492126
		vertex 6.397638 -0.198998 -0.656168
		vertex 6.419615 -0.265689 -0.656168
	endloop
endfacet
facet normal 0.293954 -0.084526 0.952075
	outer loop
		vertex 5.951853 0.098425 -0.492126
		vertex 6.397638 -0.198998 -0.656168
		vertex 5.857513 -0.229659 -0.492126
	endloop
endfacet
facet normal 0.287506 -0.094746 0.953081
	outer loop
		vertex 5.951853 0.098425 -0.492126
		vertex 6.419615 -0.132308 -0.656168
		vertex 6.397638 -0.198998 -0.656168
	endloop
endfacet
facet normal 0.217344 -0.233243 0.947818
	outer loop
		vertex 6.209596 0.338599 -0.492126
		vertex 6.419615 -0.132308 -0.656168
		vertex 5.951853 0.098425 -0.492126
	endloop
endfacet
facet normal 0.197424 -0.242808 0.949773
	outer loop
		vertex 6.209596 0.338599 -0.492126
		vertex 6.479659 -0.083487 -0.656168
		vertex 6.419615 -0.132308 -0.656168
	endloop
endfacet
facet normal 0.079087 -0.316748 0.945207
	outer loop
		vertex 6.561680 0.426509 -0.492126
		vertex 6.479659 -0.083487 -0.656168
		vertex 6.209596 0.338599 -0.492126
	endloop
endfacet
facet normal 0.068733 -0.315480 0.946440
	outer loop
		vertex 6.561680 0.426509 -0.492126
		vertex 6.561680 -0.065617 -0.656168
		vertex 6.479659 -0.083487 -0.656168
	endloop
endfacet
facet normal -0.242248 -0.970215 0.000000
	outer loop
		vertex 6.913764 0.338599 1.068748
		vertex 6.561680 0.426509 -0.492126
		vertex 6.561680 0.426509 1.068748
	endloop
endfacet
facet normal -0.242248 -0.970215 -0.000000
	outer loop
		vertex 6.913764 0.338599 1.068748
		vertex 6.913764 0.338599 -0.492126
		vertex 6.561680 0.426509 -0.492126
	endloop
endfacet
facet normal -0.681733 -0.731601 0.000000
	outer loop
		vertex 7.171506 0.098425 1.068748
		vertex 6.913764 0.338599 -0.492126
		vertex 6.913764 0.338599 1.068748
	endloop
endfacet
facet normal -0.681733 -0.731601 -0.000000
	outer loop
		vertex 7.171506 0.098425 1.068748
		vertex 7.171506 0.098425 -0.492126
		vertex 6.913764 0.338599 -0.492126
	endloop
endfacet
facet normal -0.961057 -0.276351 0.000000
	outer loop
		vertex 7.265847 -0.229659 1.068748
		vertex 7.171506 0.098425 -0.492126
		vertex 7.171506 0.098425 1.068748
	endloop
endfacet
facet normal -0.961057 -0.276351 -0.000000
	outer loop
		vertex 7.265847 -0.229659 1.068748
		vertex 7.265847 -0.229659 -0.492126
		vertex 7.171506 0.098425 -0.492126
	endloop
endfacet
facet normal -0.961057 0.276351 0.000000
	outer loop
		vertex 7.171506 -0.557743 1.068748
		vertex 7.265847 -0.229659 -0.492126
		vertex 7.265847 -0.229659 1.068748
	endloop
endfacet
facet normal -0.961057 0.276351 0.000000
	outer loop
		vertex 7.171506 -0.557743 1.068748
		vertex 7.171506 -0.557743 -0.492126
		vertex 7.265847 -0.229659 -0.492126
	endloop
endfacet
facet normal -0.681733 0.731602 0.000000
	outer loop
		vertex 6.913764 -0.797917 1.068748
		vertex 7.171506 -0.557743 -0.492126
		vertex 7.171506 -0.557743 1.068748
	endloop
endfacet
facet normal -0.681733 0.731602 0.000000
	outer loop
		vertex 6.913764 -0.797917 1.068748
		vertex 6.913764 -0.797917 -0.492126
		vertex 7.171506 -0.557743 -0.492126
	endloop
endfacet
facet normal -0.242248 0.970215 0.000000
	outer loop
		vertex 6.561680 -0.885827 1.068748
		vertex 6.913764 -0.797917 -0.492126
		vertex 6.913764 -0.797917 1.068748
	endloop
endfacet
facet normal -0.242248 0.970215 0.000000
	outer loop
		vertex 6.561680 -0.885827 1.068748
		vertex 6.561680 -0.885827 -0.492126
		vertex 6.913764 -0.797917 -0.492126
	endloop
endfacet
facet normal 0.000000 1.000000 0.000000
	outer loop
		vertex 6.561680 -0.885827 1.068748
		vertex 6.561680 -0.885827 -0.492126
		vertex 6.561680 -0.885827 1.068748
	endloop
endfacet
facet normal 0.000000 1.000000 0.000000
	outer loop
		vertex 6.561680 -0.885827 1.068748
		vertex 6.561680 -0.885827 -0.492126
		vertex 6.561680 -0.885827 -0.492126
	endloop
endfacet
facet normal 0.242248 0.970215 0.000000
	outer loop
		vertex 6.209596 -0.797917 1.068748
		vertex 6.561680 -0.885827 -0.492126
		vertex 6.561680 -0.885827 1.068748
	endloop
endfacet
facet normal 0.242248 0.970215 0.000000
	outer loop
		vertex 6.209596 -0.797917 1.068748
		vertex 6.209596 -0.797917 -0.492126
		vertex 6.561680 -0.885827 -0.492126
	endloop
endfacet
facet normal 0.681733 0.731602 0.000000
	outer loop
		vertex 5.951853 -0.557743 1.068748
		vertex 6.209596 -0.797917 -0.492126
		vertex 6.209596 -0.797917 1.068748
	endloop
endfacet
facet normal 0.681733 0.731602 0.000000
	outer loop
		vertex 5.951853 -0.557743 1.068748
		vertex 5.951853 -0.557743 -0.492126
		vertex 6.209596 -0.797917 -0.492126
	endloop
endfacet
facet normal 0.961057 0.276351 0.000000
	outer loop
		vertex 5.857513 -0.229659 1.068748
		vertex 5.951853 -0.557743 -0.492126
		vertex 5.951853 -0.557743 1.068748
	endloop
endfacet
facet normal 0.961057 0.276351 0.000000
	outer loop
		vertex 5.857513 -0.229659 1.068748
		vertex 5.857513 -0.229659 -0.492126
		vertex 5.951853 -0.557743 -0.492126
	endloop
endfacet
facet normal 0.961057 -0.276351 0.000000
	outer loop
		vertex 5.951853 0.098425 1.068748
		vertex 5.857513 -0.229659 -0.492126
		vertex 5.857513 -0.229659 1.068748
	endloop
endfacet
facet normal 0.961057 -0.276351 0.000000
	outer loop
		vertex 5.951853 0.098425 1.068748
		vertex 5.951853 0.098425 -0.492126
		vertex 5.857513 -0.229659 -0.492126
	endloop
endfacet
facet normal 0.681733 -0.731601 0.000000
	outer loop
		vertex 6.209596 0.338599 1.068748
		vertex 5.951853 0.098425 -0.492126
		vertex 5.951853 0.098425 1.068748
	endloop
endfacet
facet normal 0.681733 -0.731601 0.000000
	outer loop
		vertex 6.209596 0.338599 1.068748
		vertex 6.209596 0.338599 -0.492126
		vertex 5.951853 0.098425 -0.492126
	endloop
endfacet
facet normal 0.242248 -0.970215 0.000000
	outer loop
		vertex 6.561680 0.426509 1.068748
		vertex 6.209596 0.338599 -0.492126
		vertex 6.209596 0.338599 1.068748
	endloop
endfacet
facet normal 0.242248 -0.970215 0.000000
	outer loop
		vertex 6.561680 0.426509 1.068748
		vertex 6.561680 0.426509 -0.492126
		vertex 6.209596 0.338599 -0.492126
	endloop
endfacet
facet normal -0.149862 -0.574577 -0.804614
	outer loop
		vertex 6.780731 0.139717 1.232748
		vertex 6.561680 0.426509 1.068748
		vertex 6.561680 0.196850 1.232748
	endloop
endfacet
facet normal -0.142613 -0.571174 -0.808345
	outer loop
		vertex 6.780731 0.139717 1.232748
		vertex 6.913764 0.338599 1.068748
		vertex 6.561680 0.426509 1.068748
	endloop
endfacet
facet normal -0.398830 -0.409731 -0.820399
	outer loop
		vertex 6.941087 -0.016373 1.232748
		vertex 6.913764 0.338599 1.068748
		vertex 6.780731 0.139717 1.232748
	endloop
endfacet
facet normal -0.383460 -0.411510 -0.826812
	outer loop
		vertex 6.941087 -0.016373 1.232748
		vertex 7.171506 0.098425 1.068748
		vertex 6.913764 0.338599 1.068748
	endloop
endfacet
facet normal -0.524982 -0.144513 -0.838755
	outer loop
		vertex 6.999782 -0.229596 1.232748
		vertex 7.171506 0.098425 1.068748
		vertex 6.941087 -0.016373 1.232748
	endloop
endfacet
facet normal -0.518871 -0.149201 -0.841732
	outer loop
		vertex 6.999782 -0.229596 1.232748
		vertex 7.265847 -0.229659 1.068748
		vertex 7.171506 0.098425 1.068748
	endloop
endfacet
facet normal -0.519305 0.142950 -0.842548
	outer loop
		vertex 6.941087 -0.442820 1.232748
		vertex 7.265847 -0.229659 1.068748
		vertex 6.999782 -0.229596 1.232748
	endloop
endfacet
facet normal -0.522458 0.150232 -0.839326
	outer loop
		vertex 6.941087 -0.442820 1.232748
		vertex 7.171506 -0.557743 1.068748
		vertex 7.265847 -0.229659 1.068748
	endloop
endfacet
facet normal -0.390119 0.400782 -0.828964
	outer loop
		vertex 6.780731 -0.598910 1.232748
		vertex 7.171506 -0.557743 1.068748
		vertex 6.941087 -0.442820 1.232748
	endloop
endfacet
facet normal -0.388717 0.417152 -0.821513
	outer loop
		vertex 6.780731 -0.598910 1.232748
		vertex 6.913764 -0.797917 1.068748
		vertex 7.171506 -0.557743 1.068748
	endloop
endfacet
facet normal -0.148167 0.568078 -0.809527
	outer loop
		vertex 6.561680 -0.656043 1.232748
		vertex 6.913764 -0.797917 1.068748
		vertex 6.780731 -0.598910 1.232748
	endloop
endfacet
facet normal -0.143547 0.574914 -0.805523
	outer loop
		vertex 6.561680 -0.656043 1.232748
		vertex 6.561680 -0.885827 1.068748
		vertex 6.913764 -0.797917 1.068748
	endloop
endfacet
facet normal 0.000000 1.000000 0.000000
	outer loop
		vertex 6.561680 -0.656043 1.232748
		vertex 6.561680 -0.885827 1.068748
		vertex 6.561680 -0.656043 1.232748
	endloop
endfacet
facet normal 0.000000 1.000000 0.000000
	outer loop
		vertex 6.561680 -0.656043 1.232748
		vertex 6.561680 -0.885827 1.068748
		vertex 6.561680 -0.885827 1.068748
	endloop
endfacet
facet normal 0.149809 0.574375 -0.804768
	outer loop
		vertex 6.342629 -0.598910 1.232748
		vertex 6.561680 -0.885827 1.068748
		vertex 6.561680 -0.656043 1.232748
	endloop
endfacet
facet normal 0.142563 0.570974 -0.808495
	outer loop
		vertex 6.342629 -0.598910 1.232748
		vertex 6.209596 -0.797917 1.068748
		vertex 6.561680 -0.885827 1.068748
	endloop
endfacet
facet normal 0.398728 0.409626 -0.820501
	outer loop
		vertex 6.182272 -0.442820 1.232748
		vertex 6.209596 -0.797917 1.068748
		vertex 6.342629 -0.598910 1.232748
	endloop
endfacet
facet normal 0.383361 0.411404 -0.826911
	outer loop
		vertex 6.182272 -0.442820 1.232748
		vertex 5.951853 -0.557743 1.068748
		vertex 6.209596 -0.797917 1.068748
	endloop
endfacet
facet normal 0.524934 0.144499 -0.838787
	outer loop
		vertex 6.123578 -0.229596 1.232748
		vertex 5.951853 -0.557743 1.068748
		vertex 6.182272 -0.442820 1.232748
	endloop
endfacet
facet normal 0.518821 0.149187 -0.841765
	outer loop
		vertex 6.123578 -0.229596 1.232748
		vertex 5.857513 -0.229659 1.068748
		vertex 5.951853 -0.557743 1.068748
	endloop
endfacet
facet normal 0.519353 -0.142963 -0.842517
	outer loop
		vertex 6.182272 -0.016373 1.232748
		vertex 5.857513 -0.229659 1.068748
		vertex 6.123578 -0.229596 1.232748
	endloop
endfacet
facet normal 0.522508 -0.150247 -0.839292
	outer loop
		vertex 6.182272 -0.016373 1.232748
		vertex 5.951853 0.098425 1.068748
		vertex 5.857513 -0.229659 1.068748
	endloop
endfacet
facet normal 0.390218 -0.400883 -0.828868
	outer loop
		vertex 6.342629 0.139717 1.232748
		vertex 5.951853 0.098425 1.068748
		vertex 6.182272 -0.016373 1.232748
	endloop
endfacet
facet normal 0.388819 -0.417261 -0.821410
	outer loop
		vertex 6.342629 0.139717 1.232748
		vertex 6.209596 0.338599 1.068748
		vertex 5.951853 0.098425 1.068748
	endloop
endfacet
facet normal 0.148219 -0.568277 -0.809378
	outer loop
		vertex 6.561680 0.196850 1.232748
		vertex 6.209596 0.338599 1.068748
		vertex 6.342629 0.139717 1.232748
	endloop
endfacet
facet normal 0.143598 -0.575117 -0.805370
	outer loop
		vertex 6.561680 0.196850 1.232748
		vertex 6.561680 0.426509 1.068748
		vertex 6.209596 0.338599 1.068748
	endloop
endfacet
facet normal 0.000000 1.000000 0.000000
	outer loop
		vertex 6.561680 -0.273641 1.265748
		vertex 6.561680 0.196850 1.232748
		vertex 6.561680 -0.273641 1.265748
	endloop
endfacet
facet normal -0.018246 -0.069956 -0.997383
	outer loop
		vertex 6.561680 -0.273641 1.265748
		vertex 6.780731 0.139717 1.232748
		vertex 6.561680 0.196850 1.232748
	endloop
endfacet
facet normal 0.000000 1.000000 0.000000
	outer loop
		vertex 6.561680 -0.273641 1.265748
		vertex 6.780731 0.139717 1.232748
		vertex 6.561680 -0.273641 1.265748
	endloop
endfacet
facet normal -0.051128 -0.052525 -0.997310
	outer loop
		vertex 6.561680 -0.273641 1.265748
		vertex 6.941087 -0.016373 1.232748
		vertex 6.780731 0.139717 1.232748
	endloop
endfacet
facet normal 0.000000 1.000000 0.000000
	outer loop
		vertex 6.561680 -0.273641 1.265748
		vertex 6.941087 -0.016373 1.232748
		vertex 6.561680 -0.273641 1.265748
	endloop
endfacet
facet normal -0.073086 -0.020118 -0.997123
	outer loop
		vertex 6.561680 -0.273641 1.265748
		vertex 6.999782 -0.229596 1.232748
		vertex 6.941087 -0.016373 1.232748
	endloop
endfacet
facet normal 0.000000 1.000000 0.000000
	outer loop
		vertex 6.561680 -0.273641 1.265748
		vertex 6.999782 -0.229596 1.232748
		vertex 6.561680 -0.273641 1.265748
	endloop
endfacet
facet normal -0.077220 0.021256 -0.996787
	outer loop
		vertex 6.561680 -0.273641 1.265748
		vertex 6.941087 -0.442820 1.232748
		vertex 6.999782 -0.229596 1.232748
	endloop
endfacet
facet normal 0.000000 1.000000 0.000000
	outer loop
		vertex 6.561680 -0.273641 1.265748
		vertex 6.941087 -0.442820 1.232748
		vertex 6.561680 -0.273641 1.265748
	endloop
endfacet
facet normal -0.059435 0.061059 -0.996363
	outer loop
		vertex 6.561680 -0.273641 1.265748
		vertex 6.780731 -0.598910 1.232748
		vertex 6.941087 -0.442820 1.232748
	endloop
endfacet
facet normal 0.000000 1.000000 0.000000
	outer loop
		vertex 6.561680 -0.273641 1.265748
		vertex 6.780731 -0.598910 1.232748
		vertex 6.561680 -0.273641 1.265748
	endloop
endfacet
facet normal -0.022419 0.085955 -0.996047
	outer loop
		vertex 6.561680 -0.273641 1.265748
		vertex 6.561680 -0.656043 1.232748
		vertex 6.780731 -0.598910 1.232748
	endloop
endfacet
facet normal 0.000000 1.000000 0.000000
	outer loop
		vertex 6.561680 -0.273641 1.265748
		vertex 6.561680 -0.656043 1.232748
		vertex 6.561680 -0.273641 1.265748
	endloop
endfacet
facet normal 0.000000 1.000000 0.000000
	outer loop
		vertex 6.561680 -0.273641 1.265748
		vertex 6.561680 -0.656043 1.232748
		vertex 6.561680 -0.656043 1.232748
	endloop
endfacet
facet normal 0.000000 1.000000 0.000000
	outer loop
		vertex 6.561680 -0.273641 1.265748
		vertex 6.561680 -0.656043 1.232748
		vertex 6.561680 -0.273641 1.265748
	endloop
endfacet
facet normal 0.022419 0.085955 -0.996047
	outer loop
		vertex 6.561680 -0.273641 1.265748
		vertex 6.342629 -0.598910 1.232748
		vertex 6.561680 -0.656043 1.232748
	endloop
endfacet
facet normal 0.000000 1.000000 0.000000
	outer loop
		vertex 6.561680 -0.273641 1.265748
		vertex 6.342629 -0.598910 1.232748
		vertex 6.561680 -0.273641 1.265748
	endloop
endfacet
facet normal 0.059435 0.061059 -0.996363
	outer loop
		vertex 6.561680 -0.273641 1.265748
		vertex 6.182272 -0.442820 1.232748
		vertex 6.342629 -0.598910 1.232748
	endloop
endfacet
facet normal 0.000000 1.000000 0.000000
	outer loop
		vertex 6.561680 -0.273641 1.265748
		vertex 6.182272 -0.442820 1.232748
		vertex 6.561680 -0.273641 1.265748
	endloop
endfacet
facet normal 0.077220 0.021256 -0.996787
	outer loop
		vertex 6.561680 -0.273641 1.265748
		vertex 6.123578 -0.229596 1.232748
		vertex 6.182272 -0.442820 1.232748
	endloop
endfacet
facet normal 0.000000 1.000000 0.000000
	outer loop
		vertex 6.561680 -0.273641 1.265748
		vertex 6.123578 -0.229596 1.232748
		vertex 6.561680 -0.273641 1.265748
	endloop
endfacet
facet normal 0.073086 -0.020118 -0.997123
	outer loop
		vertex 6.561680 -0.273641 1.265748
		vertex 6.182272 -0.016373 1.232748
		vertex 6.123578 -0.229596 1.232748
	endloop
endfacet
facet normal 0.000000 1.000000 0.000000
	outer loop
		vertex 6.561680 -0.273641 1.265748
		vertex 6.182272 -0.016373 1.232748
		vertex 6.561680 -0.273641 1.265748
	endloop
endfacet
facet normal 0.051128 -0.052525 -0.997310
	outer loop
		vertex 6.561680 -0.273641 1.265748
		vertex 6.342629 0.139717 1.232748
		vertex 6.182272 -0.016373 1.232748
	endloop
endfacet
facet normal 0.000000 1.000000 0.000000
	outer loop
		vertex 6.561680 -0.273641 1.265748
		vertex 6.342629 0.139717 1.232748
		vertex 6.561680 -0.273641 1.265748
	endloop
endfacet
facet normal 0.018246 -0.069956 -0.997383
	outer loop
		vertex 6.561680 -0.273641 1.265748
		vertex 6.561680 0.196850 1.232748
		vertex 6.342629 0.139717 1.232748
	endloop
endfacet
facet normal -0.121325 -0.556872 0.821690
	outer loop
		vertex -6.479659 -0.083487 -1.184252
		vertex -6.561680 -0.213171 -1.284252
		vertex -6.561680 -0.065617 -1.184252
	endloop
endfacet
facet normal 0.000000 1.000000 0.000000
	outer loop
		vertex -6.479659 -0.083487 -1.184252
		vertex -6.561680 -0.213171 -1.284252
		vertex -6.561680 -0.213171 -1.284252
	endloop
endfacet
facet normal -0.346154 -0.425727 0.836022
	outer loop
		vertex -6.419615 -0.132308 -1.184252
		vertex -6.561680 -0.213171 -1.284252
		vertex -6.479659 -0.083487 -1.184252
	endloop
endfacet
facet normal 0.000000 1.000000 0.000000
	outer loop
		vertex -6.419615 -0.132308 -1.184252
		vertex -6.561680 -0.213171 -1.284252
		vertex -6.561680 -0.213171 -1.284252
	endloop
endfacet
facet normal -0.502837 -0.165706 0.848349
	outer loop
		vertex -6.397638 -0.198998 -1.184252
		vertex -6.561680 -0.213171 -1.284252
		vertex -6.419615 -0.132308 -1.184252
	endloop
endfacet
facet normal 0.000000 1.000000 0.000000
	outer loop
		vertex -6.397638 -0.198998 -1.184252
		vertex -6.561680 -0.213171 -1.284252
		vertex -6.561680 -0.213171 -1.284252
	endloop
endfacet
facet normal -0.523530 0.172525 0.834357
	outer loop
		vertex -6.419615 -0.265689 -1.184252
		vertex -6.561680 -0.213171 -1.284252
		vertex -6.397638 -0.198998 -1.184252
	endloop
endfacet
facet normal 0.000000 1.000000 0.000000
	outer loop
		vertex -6.419615 -0.265689 -1.184252
		vertex -6.561680 -0.213171 -1.284252
		vertex -6.561680 -0.213171 -1.284252
	endloop
endfacet
facet normal -0.383958 0.472217 0.793466
	outer loop
		vertex -6.479659 -0.314510 -1.184252
		vertex -6.561680 -0.213171 -1.284252
		vertex -6.419615 -0.265689 -1.184252
	endloop
endfacet
facet normal 0.000000 1.000000 0.000000
	outer loop
		vertex -6.479659 -0.314510 -1.184252
		vertex -6.561680 -0.213171 -1.284252
		vertex -6.561680 -0.213171 -1.284252
	endloop
endfacet
facet normal -0.138667 0.636474 0.758731
	outer loop
		vertex -6.561680 -0.332380 -1.184252
		vertex -6.561680 -0.213171 -1.284252
		vertex -6.479659 -0.314510 -1.184252
	endloop
endfacet
facet normal 0.000000 1.000000 0.000000
	outer loop
		vertex -6.561680 -0.332380 -1.184252
		vertex -6.561680 -0.213171 -1.284252
		vertex -6.561680 -0.213171 -1.284252
	endloop
endfacet
facet normal 0.000000 1.000000 0.000000
	outer loop
		vertex -6.561680 -0.332380 -1.184252
		vertex -6.561680 -0.213171 -1.284252
		vertex -6.561680 -0.332380 -1.184252
	endloop
endfacet
facet normal 0.000000 1.000000 0.000000
	outer loop
		vertex -6.561680 -0.332380 -1.184252
		vertex -6.561680 -0.213171 -1.284252
		vertex -6.561680 -0.213171 -1.284252
	endloop
endfacet
facet normal 0.138667 0.636474 0.758731
	outer loop
		vertex -6.643701 -0.314510 -1.184252
		vertex -6.561680 -0.213171 -1.284252
		vertex -6.561680 -0.332380 -1.184252
	endloop
endfacet
facet normal 0.000000 1.000000 0.000000
	outer loop
		vertex -6.643701 -0.314510 -1.184252
		vertex -6.561680 -0.213171 -1.284252
		vertex -6.561680 -0.213171 -1.284252
	endloop
endfacet
facet normal 0.383957 0.472217 0.793466
	outer loop
		vertex -6.703744 -0.265689 -1.184252
		vertex -6.561680 -0.213171 -1.284252
		vertex -6.643701 -0.314510 -1.184252
	endloop
endfacet
facet normal 0.000000 1.000000 0.000000
	outer loop
		vertex -6.703744 -0.265689 -1.184252
		vertex -6.561680 -0.213171 -1.284252
		vertex -6.561680 -0.213171 -1.284252
	endloop
endfacet
facet normal 0.523529 0.172525 0.834357
	outer loop
		vertex -6.725722 -0.198998 -1.184252
		vertex -6.561680 -0.213171 -1.284252
		vertex -6.703744 -0.265689 -1.184252
	endloop
endfacet
facet normal 0.000000 1.000000 0.000000
	outer loop
		vertex -6.725722 -0.198998 -1.184252
		vertex -6.561680 -0.213171 -1.284252
		vertex -6.561680 -0.213171 -1.284252
	endloop
endfacet
facet normal 0.502837 -0.165706 0.848349
	outer loop
		vertex -6.703744 -0.132308 -1.184252
		vertex -6.561680 -0.213171 -1.284252
		vertex -6.725722 -0.198998 -1.184252
	endloop
endfacet
facet normal 0.000000 1.000000 0.000000
	outer loop
		vertex -6.703744 -0.132308 -1.184252
		vertex -6.561680 -0.213171 -1.284252
		vertex -6.561680 -0.213171 -1.284252
	endloop
endfacet
facet normal 0.346154 -0.425727 0.836022
	outer loop
		vertex -6.643701 -0.083487 -1.184252
		vertex -6.561680 -0.213171 -1.284252
		vertex -6.703744 -0.132308 -1.184252
	endloop
endfacet
facet normal 0.000000 1.000000 0.000000
	outer loop
		vertex -6.643701 -0.083487 -1.184252
		vertex -6.561680 -0.213171 -1.284252
		vertex -6.561680 -0.213171 -1.284252
	endloop
endfacet
facet normal 0.121325 -0.556872 0.821690
	outer loop
		vertex -6.561680 -0.065617 -1.184252
		vertex -6.561680 -0.213171 -1.284252
		vertex -6.643701 -0.083487 -1.184252
	endloop
endfacet
facet normal 0.000000 1.000000 0.000000
	outer loop
		vertex -6.561680 -0.065617 -1.184252
		vertex -6.561680 -0.213171 -1.284252
		vertex -6.561680 -0.213171 -1.284252
	endloop
endfacet
facet normal -0.212875 -0.977079 0.000000
	outer loop
		vertex -6.479659 -0.083487 -0.656168
		vertex -6.561680 -0.065617 -1.184252
		vertex -6.561680 -0.065617 -0.656168
	endloop
endfacet
facet normal -0.212875 -0.977079 -0.000000
	outer loop
		vertex -6.479659 -0.083487 -0.656168
		vertex -6.479659 -0.083487 -1.184252
		vertex -6.561680 -0.065617 -1.184252
	endloop
endfacet
facet normal -0.630868 -0.775890 0.000000
	outer loop
		vertex -6.419615 -0.132308 -0.656168
		vertex -6.479659 -0.083487 -1.184252
		vertex -6.479659 -0.083487 -0.656168
	endloop
endfacet
facet normal -0.630868 -0.775890 -0.000000
	outer loop
		vertex -6.419615 -0.132308 -0.656168
		vertex -6.419615 -0.132308 -1.184252
		vertex -6.479659 -0.083487 -1.184252
	endloop
endfacet
facet normal -0.949758 -0.312986 0.000000
	outer loop
		vertex -6.397638 -0.198998 -0.656168
		vertex -6.419615 -0.132308 -1.184252
		vertex -6.419615 -0.132308 -0.656168
	endloop
endfacet
facet normal -0.949758 -0.312986 -0.000000
	outer loop
		vertex -6.397638 -0.198998 -0.656168
		vertex -6.397638 -0.198998 -1.184252
		vertex -6.419615 -0.132308 -1.184252
	endloop
endfacet
facet normal -0.949758 0.312986 0.000000
	outer loop
		vertex -6.419615 -0.265689 -0.656168
		vertex -6.397638 -0.198998 -1.184252
		vertex -6.397638 -0.198998 -0.656168
	endloop
endfacet
facet normal -0.949758 0.312986 0.000000
	outer loop
		vertex -6.419615 -0.265689 -0.656168
		vertex -6.419615 -0.265689 -1.184252
		vertex -6.397638 -0.198998 -1.184252
	endloop
endfacet
facet normal -0.630871 0.775888 0.000000
	outer loop
		vertex -6.479659 -0.314510 -0.656168
		vertex -6.419615 -0.265689 -1.184252
		vertex -6.419615 -0.265689 -0.656168
	endloop
endfacet
facet normal -0.630871 0.775888 0.000000
	outer loop
		vertex -6.479659 -0.314510 -0.656168
		vertex -6.479659 -0.314510 -1.184252
		vertex -6.419615 -0.265689 -1.184252
	endloop
endfacet
facet normal -0.212873 0.977080 0.000000
	outer loop
		vertex -6.561680 -0.332380 -0.656168
		vertex -6.479659 -0.314510 -1.184252
		vertex -6.479659 -0.314510 -0.656168
	endloop
endfacet
facet normal -0.212873 0.977080 0.000000
	outer loop
		vertex -6.561680 -0.332380 -0.656168
		vertex -6.561680 -0.332380 -1.184252
		vertex -6.479659 -0.314510 -1.184252
	endloop
endfacet
facet normal 0.000000 1.000000 0.000000
	outer loop
		vertex -6.561680 -0.332380 -0.656168
		vertex -6.561680 -0.332380 -1.184252
		vertex -6.561680 -0.332380 -0.656168
	endloop
endfacet
facet normal 0.000000 1.000000 0.000000
	outer loop
		vertex -6.561680 -0.332380 -0.656168
		vertex -6.561680 -0.332380 -1.184252
		vertex -6.561680 -0.332380 -1.184252
	endloop
endfacet
facet normal 0.212873 0.977080 0.000000
	outer loop
		vertex -6.643701 -0.314510 -0.656168
		vertex -6.561680 -0.332380 -1.184252
		vertex -6.561680 -0.332380 -0.656168
	endloop
endfacet
facet normal 0.212873 0.977080 0.000000
	outer loop
		vertex -6.643701 -0.314510 -0.656168
		vertex -6.643701 -0.314510 -1.184252
		vertex -6.561680 -0.332380 -1.184252
	endloop
endfacet
facet normal 0.630871 0.775888 0.000000
	outer loop
		vertex -6.703744 -0.265689 -0.656168
		vertex -6.643701 -0.314510 -1.184252
		vertex -6.643701 -0.314510 -0.656168
	endloop
endfacet
facet normal 0.630871 0.775888 0.000000
	outer loop
		vertex -6.703744 -0.265689 -0.656168
		vertex -6.703744 -0.265689 -1.184252
		vertex -6.643701 -0.314510 -1.184252
	endloop
endfacet
facet normal 0.949758 0.312986 0.000000
	outer loop
		vertex -6.725722 -0.198998 -0.656168
		vertex -6.703744 -0.265689 -1.184252
		vertex -6.703744 -0.265689 -0.656168
	endloop
endfacet
facet normal 0.949758 0.312986 0.000000
	outer loop
		vertex -6.725722 -0.198998 -0.656168
		vertex -6.725722 -0.198998 -1.184252
		vertex -6.703744 -0.265689 -1.184252
	endloop
endfacet
facet normal 0.949758 -0.312986 0.000000
	outer loop
		vertex -6.703744 -0.132308 -0.656168
		vertex -6.725722 -0.198998 -1.184252
		vertex -6.725722 -0.198998 -0.656168
	endloop
endfacet
facet normal 0.949758 -0.312986 0.000000
	outer loop
		vertex -6.703744 -0.132308 -0.656168
		vertex -6.703744 -0.132308 -1.184252
		vertex -6.725722 -0.198998 -1.184252
	endloop
endfacet
facet normal 0.630868 -0.775890 0.000000
	outer loop
		vertex -6.643701 -0.083487 -0.656168
		vertex -6.703744 -0.132308 -1.184252
		vertex -6.703744 -0.132308 -0.656168
	endloop
endfacet
facet normal 0.630868 -0.775890 0.000000
	outer loop
		vertex -6.643701 -0.083487 -0.656168
		vertex -6.643701 -0.083487 -1.184252
		vertex -6.703744 -0.132308 -1.184252
	endloop
endfacet
facet normal 0.212875 -0.977079 0.000000
	outer loop
		vertex -6.561680 -0.065617 -0.656168
		vertex -6.643701 -0.083487 -1.184252
		vertex -6.643701 -0.083487 -0.656168
	endloop
endfacet
facet normal 0.212875 -0.977079 0.000000
	outer loop
		vertex -6.561680 -0.065617 -0.656168
		vertex -6.561680 -0.065617 -1.184252
		vertex -6.643701 -0.083487 -1.184252
	endloop
endfacet
facet normal -0.078712 -0.315247 0.945740
	outer loop
		vertex -6.209596 0.338599 -0.492126
		vertex -6.561680 -0.065617 -0.656168
		vertex -6.561680 0.426509 -0.492126
	endloop
endfacet
facet normal -0.070162 -0.322038 0.944123
	outer loop
		vertex -6.209596 0.338599 -0.492126
		vertex -6.479659 -0.083487 -0.656168
		vertex -6.561680 -0.065617 -0.656168
	endloop
endfacet
facet normal -0.215274 -0.231022 0.948834
	outer loop
		vertex -5.951853 0.098425 -0.492126
		vertex -6.479659 -0.083487 -0.656168
		vertex -6.209596 0.338599 -0.492126
	endloop
endfacet
facet normal -0.206278 -0.253696 0.945033
	outer loop
		vertex -5.951853 0.098425 -0.492126
		vertex -6.419615 -0.132308 -0.656168
		vertex -6.479659 -0.083487 -0.656168
	endloop
endfacet
facet normal -0.292556 -0.084124 0.952541
	outer loop
		vertex -5.857513 -0.229659 -0.492126
		vertex -6.419615 -0.132308 -0.656168
		vertex -5.951853 0.098425 -0.492126
	endloop
endfacet
facet normal -0.294270 -0.096974 0.950790
	outer loop
		vertex -5.857513 -0.229659 -0.492126
		vertex -6.397638 -0.198998 -0.656168
		vertex -6.419615 -0.132308 -0.656168
	endloop
endfacet
facet normal -0.285357 0.082054 0.954902
	outer loop
		vertex -5.951853 -0.557743 -0.492126
		vertex -6.397638 -0.198998 -0.656168
		vertex -5.857513 -0.229659 -0.492126
	endloop
endfacet
facet normal -0.278103 0.091647 0.956169
	outer loop
		vertex -5.951853 -0.557743 -0.492126
		vertex -6.419615 -0.265689 -0.656168
		vertex -6.397638 -0.198998 -0.656168
	endloop
endfacet
facet normal -0.200688 0.215368 0.955689
	outer loop
		vertex -6.209596 -0.797917 -0.492126
		vertex -6.419615 -0.265689 -0.656168
		vertex -5.951853 -0.557743 -0.492126
	endloop
endfacet
facet normal -0.181695 0.223461 0.957629
	outer loop
		vertex -6.209596 -0.797917 -0.492126
		vertex -6.479659 -0.314510 -0.656168
		vertex -6.419615 -0.265689 -0.656168
	endloop
endfacet
facet normal -0.071084 0.284695 0.955979
	outer loop
		vertex -6.561680 -0.885827 -0.492126
		vertex -6.479659 -0.314510 -0.656168
		vertex -6.209596 -0.797917 -0.492126
	endloop
endfacet
facet normal -0.061795 0.283637 0.956939
	outer loop
		vertex -6.561680 -0.885827 -0.492126
		vertex -6.561680 -0.332380 -0.656168
		vertex -6.479659 -0.314510 -0.656168
	endloop
endfacet
facet normal 0.000000 1.000000 0.000000
	outer loop
		vertex -6.561680 -0.885827 -0.492126
		vertex -6.561680 -0.332380 -0.656168
		vertex -6.561680 -0.885827 -0.492126
	endloop
endfacet
facet normal 0.000000 1.000000 0.000000
	outer loop
		vertex -6.561680 -0.885827 -0.492126
		vertex -6.561680 -0.332380 -0.656168
		vertex -6.561680 -0.332380 -0.656168
	endloop
endfacet
facet normal 0.070777 0.283468 0.956366
	outer loop
		vertex -6.913764 -0.797917 -0.492126
		vertex -6.561680 -0.332380 -0.656168
		vertex -6.561680 -0.885827 -0.492126
	endloop
endfacet
facet normal 0.062961 0.288989 0.955260
	outer loop
		vertex -6.913764 -0.797917 -0.492126
		vertex -6.643701 -0.314510 -0.656168
		vertex -6.561680 -0.332380 -0.656168
	endloop
endfacet
facet normal 0.198908 0.213458 0.956489
	outer loop
		vertex -7.171506 -0.557743 -0.492126
		vertex -6.643701 -0.314510 -0.656168
		vertex -6.913764 -0.797917 -0.492126
	endloop
endfacet
facet normal 0.189236 0.232734 0.953952
	outer loop
		vertex -7.171506 -0.557743 -0.492126
		vertex -6.703744 -0.265689 -0.656168
		vertex -6.643701 -0.314510 -0.656168
	endloop
endfacet
facet normal 0.284035 0.081674 0.955329
	outer loop
		vertex -7.265847 -0.229659 -0.492126
		vertex -6.703744 -0.265689 -0.656168
		vertex -7.171506 -0.557743 -0.492126
	endloop
endfacet
facet normal 0.284449 0.093738 0.954097
	outer loop
		vertex -7.265847 -0.229659 -0.492126
		vertex -6.725722 -0.198998 -0.656168
		vertex -6.703744 -0.265689 -0.656168
	endloop
endfacet
facet normal 0.293954 -0.084526 0.952075
	outer loop
		vertex -7.171506 0.098425 -0.492126
		vertex -6.725722 -0.198998 -0.656168
		vertex -7.265847 -0.229659 -0.492126
	endloop
endfacet
facet normal 0.287506 -0.094746 0.953081
	outer loop
		vertex -7.171506 0.098425 -0.492126
		vertex -6.703744 -0.132308 -0.656168
		vertex -6.725722 -0.198998 -0.656168
	endloop
endfacet
facet normal 0.217344 -0.233243 0.947818
	outer loop
		vertex -6.913764 0.338599 -0.492126
		vertex -6.703744 -0.132308 -0.656168
		vertex -7.171506 0.098425 -0.492126
	endloop
endfacet
facet normal 0.197424 -0.242808 0.949773
	outer loop
		vertex -6.913764 0.338599 -0.492126
		vertex -6.643701 -0.083487 -0.656168
		vertex -6.703744 -0.132308 -0.656168
	endloop
endfacet
facet normal 0.079087 -0.316748 0.945207
	outer loop
		vertex -6.561680 0.426509 -0.492126
		vertex -6.643701 -0.083487 -0.656168
		vertex -6.913764 0.338599 -0.492126
	endloop
endfacet
facet normal 0.068733 -0.315480 0.946440
	outer loop
		vertex -6.561680 0.426509 -0.492126
		vertex -6.561680 -0.065617 -0.656168
		vertex -6.643701 -0.083487 -0.656168
	endloop
endfacet
facet normal -0.242248 -0.970215 0.000000
	outer loop
		vertex -6.209596 0.338599 1.068748
		vertex -6.561680 0.426509 -0.492126
		vertex -6.561680 0.426509 1.068748
	endloop
endfacet
facet normal -0.242248 -0.970215 -0.000000
	outer loop
		vertex -6.209596 0.338599 1.068748
		vertex -6.209596 0.338599 -0.492126
		vertex -6.561680 0.426509 -0.492126
	endloop
endfacet
facet normal -0.681733 -0.731601 0.000000
	outer loop
		vertex -5.951853 0.098425 1.068748
		vertex -6.209596 0.338599 -0.492126
		vertex -6.209596 0.338599 1.068748
	endloop
endfacet
facet normal -0.681733 -0.731601 -0.000000
	outer loop
		vertex -5.951853 0.098425 1.068748
		vertex -5.951853 0.098425 -0.492126
		vertex -6.209596 0.338599 -0.492126
	endloop
endfacet
facet normal -0.961057 -0.276351 0.000000
	outer loop
		vertex -5.857513 -0.229659 1.068748
		vertex -5.951853 0.098425 -0.492126
		vertex -5.951853 0.098425 1.068748
	endloop
endfacet
facet normal -0.961057 -0.276351 -0.000000
	outer loop
		vertex -5.857513 -0.229659 1.068748
		vertex -5.857513 -0.229659 -0.492126
		vertex -5.951853 0.098425 -0.492126
	endloop
endfacet
facet normal -0.961057 0.276351 0.000000
	outer loop
		vertex -5.951853 -0.557743 1.068748
		vertex -5.857513 -0.229659 -0.492126
		vertex -5.857513 -0.229659 1.068748
	endloop
endfacet
facet normal -0.961057 0.276351 0.000000
	outer loop
		vertex -5.951853 -0.557743 1.068748
		vertex -5.951853 -0.557743 -0.492126
		vertex -5.857513 -0.229659 -0.492126
	endloop
endfacet
facet normal -0.681733 0.731602 0.000000
	outer loop
		vertex -6.209596 -0.797917 1.068748
		vertex -5.951853 -0.557743 -0.492126
		vertex -5.951853 -0.557743 1.068748
	endloop
endfacet
facet normal -0.681733 0.731602 0.000000
	outer loop
		vertex -6.209596 -0.797917 1.068748
		vertex -6.209596 -0.797917 -0.492126
		vertex -5.951853 -0.557743 -0.492126
	endloop
endfacet
facet normal -0.242248 0.970215 0.000000
	outer loop
		vertex -6.561680 -0.885827 1.068748
		vertex -6.209596 -0.797917 -0.492126
		vertex -6.209596 -0.797917 1.068748
	endloop
endfacet
facet normal -0.242248 0.970215 0.000000
	outer loop
		vertex -6.561680 -0.885827 1.068748
		vertex -6.561680 -0.885827 -0.492126
		vertex -6.209596 -0.797917 -0.492126
	endloop
endfacet
facet normal 0.000000 1.000000 0.000000
	outer loop
		vertex -6.561680 -0.885827 1.068748
		vertex -6.561680 -0.885827 -0.492126
		vertex -6.561680 -0.885827 1.068748
	endloop
endfacet
facet normal 0.000000 1.000000 0.000000
	outer loop
		vertex -6.561680 -0.885827 1.068748
		vertex -6.561680 -0.885827 -0.492126
		vertex -6.561680 -0.885827 -0.492126
	endloop
endfacet
facet normal 0.242248 0.970215 0.000000
	outer loop
		vertex -6.913764 -0.797917 1.068748
		vertex -6.561680 -0.885827 -0.492126
		vertex -6.561680 -0.885827 1.068748
	endloop
endfacet
facet normal 0.242248 0.970215 0.000000
	outer loop
		vertex -6.913764 -0.797917 1.068748
		vertex -6.913764 -0.797917 -0.492126
		vertex -6.561680 -0.885827 -0.492126
	endloop
endfacet
facet normal 0.681733 0.731602 0.000000
	outer loop
		vertex -7.171506 -0.557743 1.068748
		vertex -6.913764 -0.797917 -0.492126
		vertex -6.913764 -0.797917 1.068748
	endloop
endfacet
facet normal 0.681733 0.731602 0.000000
	outer loop
		vertex -7.171506 -0.557743 1.068748
		vertex -7.171506 -0.557743 -0.492126
		vertex -6.913764 -0.797917 -0.492126
	endloop
endfacet
facet normal 0.961057 0.276351 0.000000
	outer loop
		vertex -7.265847 -0.229659 1.068748
		vertex -7.171506 -0.557743 -0.492126
		vertex -7.171506 -0.557743 1.068748
	endloop
endfacet
facet normal 0.961057 0.276351 0.000000
	outer loop
		vertex -7.265847 -0.229659 1.068748
		vertex -7.265847 -0.229659 -0.492126
		vertex -7.171506 -0.557743 -0.492126
	endloop
endfacet
facet normal 0.961057 -0.276351 0.000000
	outer loop
		vertex -7.171506 0.098425 1.068748
		vertex -7.265847 -0.229659 -0.492126
		vertex -7.265847 -0.229659 1.068748
	endloop
endfacet
facet normal 0.961057 -0.276351 0.000000
	outer loop
		vertex -7.171506 0.098425 1.068748
		vertex -7.171506 0.098425 -0.492126
		vertex -7.265847 -0.229659 -0.492126
	endloop
endfacet
facet normal 0.681733 -0.731601 0.000000
	outer loop
		vertex -6.913764 0.338599 1.068748
		vertex -7.171506 0.098425 -0.492126
		vertex -7.171506 0.098425 1.068748
	endloop
endfacet
facet normal 0.681733 -0.731601 0.000000
	outer loop
		vertex -6.913764 0.338599 1.068748
		vertex -6.913764 0.338599 -0.492126
		vertex -7.171506 0.098425 -0.492126
	endloop
endfacet
facet normal 0.242248 -0.970215 0.000000
	outer loop
		vertex -6.561680 0.426509 1.068748
		vertex -6.913764 0.338599 -0.492126
		vertex -6.913764 0.338599 1.068748
	endloop
endfacet
facet normal 0.242248 -0.970215 0.000000
	outer loop
		vertex -6.561680 0.426509 1.068748
		vertex -6.561680 0.426509 -0.492126
		vertex -6.913764 0.338599 -0.492126
	endloop
endfacet
facet normal -0.149862 -0.574577 -0.804614
	outer loop
		vertex -6.342629 0.139717 1.232748
		vertex -6.561680 0.426509 1.068748
		vertex -6.561680 0.196850 1.232748
	endloop
endfacet
facet normal -0.142613 -0.571174 -0.808345
	outer loop
		vertex -6.342629 0.139717 1.232748
		vertex -6.209596 0.338599 1.068748
		vertex -6.561680 0.426509 1.068748
	endloop
endfacet
facet normal -0.398830 -0.409731 -0.820399
	outer loop
		vertex -6.182272 -0.016373 1.232748
		vertex -6.209596 0.338599 1.068748
		vertex -6.342629 0.139717 1.232748
	endloop
endfacet
facet normal -0.383460 -0.411510 -0.826812
	outer loop
		vertex -6.182272 -0.016373 1.232748
		vertex -5.951853 0.098425 1.068748
		vertex -6.209596 0.338599 1.068748
	endloop
endfacet
facet normal -0.524982 -0.144513 -0.838755
	outer loop
		vertex -6.123578 -0.229596 1.232748
		vertex -5.951853 0.098425 1.068748
		vertex -6.182272 -0.016373 1.232748
	endloop
endfacet
facet normal -0.518871 -0.149201 -0.841732
	outer loop
		vertex -6.123578 -0.229596 1.232748
		vertex -5.857513 -0.229659 1.068748
		vertex -5.951853 0.098425 1.068748
	endloop
endfacet
facet normal -0.519305 0.142950 -0.842548
	outer loop
		vertex -6.182272 -0.442820 1.232748
		vertex -5.857513 -0.229659 1.068748
		vertex -6.123578 -0.229596 1.232748
	endloop
endfacet
facet normal -0.522458 0.150232 -0.839326
	outer loop
		vertex -6.182272 -0.442820 1.232748
		vertex -5.951853 -0.557743 1.068748
		vertex -5.857513 -0.229659 1.068748
	endloop
endfacet
facet normal -0.390119 0.400782 -0.828964
	outer loop
		vertex -6.342629 -0.598910 1.232748
		vertex -5.951853 -0.557743 1.068748
		vertex -6.182272 -0.442820 1.232748
	endloop
endfacet
facet normal -0.388717 0.417152 -0.821513
	outer loop
		vertex -6.342629 -0.598910 1.232748
		vertex -6.209596 -0.797917 1.068748
		vertex -5.951853 -0.557743 1.068748
	endloop
endfacet
facet normal -0.148167 0.568078 -0.809527
	outer loop
		vertex -6.561680 -0.656043 1.232748
		vertex -6.209596 -0.797917 1.068748
		vertex -6.342629 -0.598910 1.232748
	endloop
endfacet
facet normal -0.143547 0.574914 -0.805523
	outer loop
		vertex -6.561680 -0.656043 1.232748
		vertex -6.561680 -0.885827 1.068748
		vertex -6.209596 -0.797917 1.068748
	endloop
endfacet
facet normal 0.000000 1.000000 0.000000
	outer loop
		vertex -6.561680 -0.656043 1.232748
		vertex -6.561680 -0.885827 1.068748
		vertex -6.561680 -0.656043 1.232748
	endloop
endfacet
facet normal 0.000000 1.000000 0.000000
	outer loop
		vertex -6.561680 -0.656043 1.232748
		vertex -6.561680 -0.885827 1.068748
		vertex -6.561680 -0.885827 1.068748
	endloop
endfacet
facet normal 0.149809 0.574375 -0.804768
	outer loop
		vertex -6.780731 -0.598910 1.232748
		vertex -6.561680 -0.885827 1.068748
		vertex -6.561680 -0.656043 1.232748
	endloop
endfacet
facet normal 0.142563 0.570974 -0.808495
	outer loop
		vertex -6.780731 -0.598910 1.232748
		vertex -6.913764 -0.797917 1.068748
		vertex -6.561680 -0.885827 1.068748
	endloop
endfacet
facet normal 0.398728 0.409626 -0.820501
	outer loop
		vertex -6.941087 -0.442820 1.232748
		vertex -6.913764 -0.797917 1.068748
		vertex -6.780731 -0.598910 1.232748
	endloop
endfacet
facet normal 0.383361 0.411404 -0.826911
	outer loop
		vertex -6.941087 -0.442820 1.232748
		vertex -7.171506 -0.557743 1.068748
		vertex -6.913764 -0.797917 1.068748
	endloop
endfacet
facet normal 0.524934 0.144499 -0.838787
	outer loop
		vertex -6.999782 -0.229596 1.232748
		vertex -7.171506 -0.557743 1.068748
		vertex -6.941087 -0.442820 1.232748
	endloop
endfacet
facet normal 0.518821 0.149187 -0.841765
	outer loop
		vertex -6.999782 -0.229596 1.232748
		vertex -7.265847 -0.229659 1.068748
		vertex -7.171506 -0.557743 1.068748
	endloop
endfacet
facet normal 0.519353 -0.142963 -0.842517
	outer loop
		vertex -6.941087 -0.016373 1.232748
		vertex -7.265847 -0.229659 1.068748
		vertex -6.999782 -0.229596 1.232748
	endloop
endfacet
facet normal 0.522508 -0.150247 -0.839292
	outer loop
		vertex -6.941087 -0.016373 1.232748
		vertex -7.171506 0.098425 1.068748
		vertex -7.265847 -0.229659 1.068748
	endloop
endfacet
facet normal 0.390218 -0.400883 -0.828868
	outer loop
		vertex -6.780731 0.139717 1.232748
		vertex -7.171506 0.098425 1.068748
		vertex -6.941087 -0.016373 1.232748
	endloop
endfacet
facet normal 0.388819 -0.417261 -0.821410
	outer loop
		vertex -6.780731 0.139717 1.232748
		vertex -6.913764 0.338599 1.068748
		vertex -7.171506 0.098425 1.068748
	endloop
endfacet
facet normal 0.148219 -0.568277 -0.809378
	outer loop
		vertex -6.561680 0.196850 1.232748
		vertex -6.913764 0.338599 1.068748
		vertex -6.780731 0.139717 1.232748
	endloop
endfacet
facet normal 0.143598 -0.575117 -0.805370
	outer loop
		vertex -6.561680 0.196850 1.232748
		vertex -6.561680 0.426509 1.068748
		vertex -6.913764 0.338599 1.068748
	endloop
endfacet
facet normal 0.000000 1.000000 0.000000
	outer loop
		vertex -6.561680 -0.273641 1.265748
		vertex -6.561680 0.196850 1.232748
		vertex -6.561680 -0.273641 1.265748
	endloop
endfacet
facet normal -0.018246 -0.069956 -0.997383
	outer loop
		vertex -6.561680 -0.273641 1.265748
		vertex -6.342629 0.139717 1.232748
		vertex -6.561680 0.196850 1.232748
	endloop
endfacet
facet normal 0.000000 1.000000 0.000000
	outer loop
		vertex -6.561680 -0.273641 1.265748
		vertex -6.342629 0.139717 1.232748
		vertex -6.561680 -0.273641 1.265748
	endloop
endfacet
facet normal -0.051128 -0.052525 -0.997310
	outer loop
		vertex -6.561680 -0.273641 1.265748
		vertex -6.182272 -0.016373 1.232748
		vertex -6.342629 0.139717 1.232748
	endloop
endfacet
facet normal 0.000000 1.000000 0.000000
	outer loop
		vertex -6.561680 -0.273641 1.265748
		vertex -6.182272 -0.016373 1.232748
		vertex -6.561680 -0.273641 1.265748
	endloop
endfacet
facet normal -0.073086 -0.020118 -0.997123
	outer loop
		vertex -6.561680 -0.273641 1.265748
		vertex -6.123578 -0.229596 1.232748
		vertex -6.182272 -0.016373 1.232748
	endloop
endfacet
facet normal 0.000000 1.000000 0.000000
	outer loop
		vertex -6.561680 -0.273641 1.265748
		vertex -6.123578 -0.229596 1.232748
		vertex -6.561680 -0.273641 1.265748
	endloop
endfacet
facet normal -0.077220 0.021256 -0.996787
	outer loop
		vertex -6.561680 -0.273641 1.265748
		vertex -6.182272 -0.442820 1.232748
		vertex -6.123578 -0.229596 1.232748
	endloop
endfacet
facet normal 0.000000 1.000000 0.000000
	outer loop
		vertex -6.561680 -0.273641 1.265748
		vertex -6.182272 -0.442820 1.232748
		vertex -6.561680 -0.273641 1.265748
	endloop
endfacet
facet normal -0.059435 0.061059 -0.996363
	outer loop
		vertex -6.561680 -0.273641 1.265748
		vertex -6.342629 -0.598910 1.232748
		vertex -6.182272 -0.442820 1.232748
	endloop
endfacet
facet normal 0.000000 1.000000 0.000000
	outer loop
		vertex -6.561680 -0.273641 1.265748
		vertex -6.342629 -0.598910 1.232748
		vertex -6.561680 -0.273641 1.265748
	endloop
endfacet
facet normal -0.022419 0.085955 -0.996047
	outer loop
		vertex -6.561680 -0.273641 1.265748
		vertex -6.561680 -0.656043 1.232748
		vertex -6.342629 -0.598910 1.232748
	endloop
endfacet
facet normal 0.000000 1.000000 0.000000
	outer loop
		vertex -6.561680 -0.273641 1.265748
		vertex -6.561680 -0.656043 1.232748
		vertex -6.561680 -0.273641 1.265748
	endloop
endfacet
facet normal 0.000000 1.000000 0.000000
	outer loop
		vertex -6.561680 -0.273641 1.265748
		vertex -6.561680 -0.656043 1.232748
		vertex -6.561680 -0.656043 1.232748
	endloop
endfacet
facet normal 0.000000 1.000000 0.000000
	outer loop
		vertex -6.561680 -0.273641 1.265748
		vertex -6.561680 -0.656043 1.232748
		vertex -6.561680 -0.273641 1.265748
	endloop
endfacet
facet normal 0.022419 0.085955 -0.996047
	outer loop
		vertex -6.561680 -0.273641 1.265748
		vertex -6.780731 -0.598910 1.232748
		vertex -6.561680 -0.656043 1.232748
	endloop
endfacet
facet normal 0.000000 1.000000 0.000000
	outer loop
		vertex -6.561680 -0.273641 1.265748
		vertex -6.780731 -0.598910 1.232748
		vertex -6.561680 -0.273641 1.265748
	endloop
endfacet
facet normal 0.059435 0.061059 -0.996363
	outer loop
		vertex -6.561680 -0.273641 1.265748
		vertex -6.941087 -0.442820 1.232748
		vertex -6.780731 -0.598910 1.232748
	endloop
endfacet
facet normal 0.000000 1.000000 0.000000
	outer loop
		vertex -6.561680 -0.273641 1.265748
		vertex -6.941087 -0.442820 1.232748
		vertex -6.561680 -0.273641 1.265748
	endloop
endfacet
facet normal 0.077220 0.021256 -0.996787
	outer loop
		vertex -6.561680 -0.273641 1.265748
		vertex -6.999782 -0.229596 1.232748
		vertex -6.941087 -0.442820 1.232748
	endloop
endfacet
facet normal 0.000000 1.000000 0.000000
	outer loop
		vertex -6.561680 -0.273641 1.265748
		vertex -6.999782 -0.229596 1.232748
		vertex -6.561680 -0.273641 1.265748
	endloop
endfacet
facet normal 0.073086 -0.020118 -0.997123
	outer loop
		vertex -6.561680 -0.273641 1.265748
		vertex -6.941087 -0.016373 1.232748
		vertex -6.999782 -0.229596 1.232748
	endloop
endfacet
facet normal 0.000000 1.000000 0.000000
	outer loop
		vertex -6.561680 -0.273641 1.265748
		vertex -6.941087 -0.016373 1.232748
		vertex -6.561680 -0.273641 1.265748
	endloop
endfacet
facet normal 0.051128 -0.052525 -0.997310
	outer loop
		vertex -6.561680 -0.273641 1.265748
		vertex -6.780731 0.139717 1.232748
		vertex -6.941087 -0.016373 1.232748
	endloop
endfacet
facet normal 0.000000 1.000000 0.000000
	outer loop
		vertex -6.561680 -0.273641 1.265748
		vertex -6.780731 0.139717 1.232748
		vertex -6.561680 -0.273641 1.265748
	endloop
endfacet
facet normal 0.018246 -0.069956 -0.997383
	outer loop
		vertex -6.561680 -0.273641 1.265748
		vertex -6.561680 0.196850 1.232748
		vertex -6.780731 0.139717 1.232748
	endloop
endfacet
facet normal 0.084414 -0.257036 0.962708
	outer loop
		vertex 6.744640 -0.060163 -1.141676
		vertex 6.521930 -0.119608 -1.138019
		vertex 6.738991 -0.044524 -1.137005
	endloop
endfacet
facet normal 0.084414 -0.257035 0.962708
	outer loop
		vertex 6.744640 -0.060163 -1.141676
		vertex 6.527733 -0.135674 -1.142817
		vertex 6.521930 -0.119608 -1.138019
	endloop
endfacet
facet normal -0.016461 0.032174 0.999347
	outer loop
		vertex 6.756478 -0.092940 -1.140425
		vertex 6.527733 -0.135674 -1.142817
		vertex 6.744640 -0.060163 -1.141676
	endloop
endfacet
facet normal -0.016461 0.032173 0.999347
	outer loop
		vertex 6.756478 -0.092940 -1.140425
		vertex 6.539896 -0.169349 -1.141533
		vertex 6.527733 -0.135674 -1.142817
	endloop
endfacet
facet normal -0.085934 0.229525 0.969502
	outer loop
		vertex 6.780195 -0.158602 -1.122778
		vertex 6.539896 -0.169349 -1.141533
		vertex 6.756478 -0.092940 -1.140425
	endloop
endfacet
facet normal -0.085934 0.229526 0.969502
	outer loop
		vertex 6.780195 -0.158602 -1.122778
		vertex 6.564263 -0.236810 -1.123402
		vertex 6.539896 -0.169349 -1.141533
	endloop
endfacet
facet normal -0.107664 0.289668 0.951053
	outer loop
		vertex 6.811147 -0.244295 -1.093174
		vertex 6.564263 -0.236810 -1.123402
		vertex 6.780195 -0.158602 -1.122778
	endloop
endfacet
facet normal -0.107664 0.289668 0.951053
	outer loop
		vertex 6.811147 -0.244295 -1.093174
		vertex 6.596063 -0.324851 -1.092987
		vertex 6.564263 -0.236810 -1.123402
	endloop
endfacet
facet normal -0.137445 0.369109 0.919167
	outer loop
		vertex 6.856203 -0.369038 -1.036344
		vertex 6.596063 -0.324851 -1.092987
		vertex 6.811147 -0.244295 -1.093174
	endloop
endfacet
facet normal -0.137445 0.369109 0.919167
	outer loop
		vertex 6.856203 -0.369038 -1.036344
		vertex 6.642354 -0.453012 -1.034600
		vertex 6.596063 -0.324851 -1.092987
	endloop
endfacet
facet normal -0.137445 0.369109 0.919167
	outer loop
		vertex 6.893750 -0.472990 -0.988985
		vertex 6.642354 -0.453012 -1.034600
		vertex 6.856203 -0.369038 -1.036344
	endloop
endfacet
facet normal -0.137445 0.369109 0.919167
	outer loop
		vertex 6.893750 -0.472990 -0.988985
		vertex 6.680929 -0.559813 -0.985944
		vertex 6.642354 -0.453012 -1.034600
	endloop
endfacet
facet normal 0.000000 1.000000 0.000000
	outer loop
		vertex 6.893750 -0.472990 -0.988985
		vertex 6.680929 -0.559813 -0.985944
		vertex 6.893750 -0.472990 -0.988985
	endloop
endfacet
facet normal 0.000000 1.000000 0.000000
	outer loop
		vertex 6.893750 -0.472990 -0.988985
		vertex 6.680929 -0.559813 -0.985944
		vertex 6.680929 -0.559813 -0.985944
	endloop
endfacet
facet normal 0.071645 -0.209779 -0.975120
	outer loop
		vertex 6.853918 -0.362710 -1.015636
		vertex 6.680929 -0.559813 -0.985944
		vertex 6.893750 -0.472990 -0.988985
	endloop
endfacet
facet normal 0.071645 -0.209778 -0.975121
	outer loop
		vertex 6.853918 -0.362710 -1.015636
		vertex 6.640005 -0.446511 -1.013325
		vertex 6.680929 -0.559813 -0.985944
	endloop
endfacet
facet normal 0.071645 -0.209779 -0.975120
	outer loop
		vertex 6.806118 -0.230373 -1.047618
		vertex 6.640005 -0.446511 -1.013325
		vertex 6.853918 -0.362710 -1.015636
	endloop
endfacet
facet normal 0.071645 -0.209779 -0.975120
	outer loop
		vertex 6.806118 -0.230373 -1.047618
		vertex 6.590897 -0.310548 -1.046183
		vertex 6.640005 -0.446511 -1.013325
	endloop
endfacet
facet normal 0.102289 -0.291609 -0.951053
	outer loop
		vertex 6.775167 -0.144680 -1.077222
		vertex 6.590897 -0.310548 -1.046183
		vertex 6.806118 -0.230373 -1.047618
	endloop
endfacet
facet normal 0.102289 -0.291609 -0.951053
	outer loop
		vertex 6.775167 -0.144680 -1.077222
		vertex 6.559097 -0.222507 -1.076598
		vertex 6.590897 -0.310548 -1.046183
	endloop
endfacet
facet normal 0.123554 -0.350464 -0.928391
	outer loop
		vertex 6.752456 -0.081802 -1.103981
		vertex 6.559097 -0.222507 -1.076598
		vertex 6.775167 -0.144680 -1.077222
	endloop
endfacet
facet normal 0.123554 -0.350464 -0.928391
	outer loop
		vertex 6.752456 -0.081802 -1.103981
		vertex 6.535764 -0.157907 -1.104090
		vertex 6.559097 -0.222507 -1.076598
	endloop
endfacet
facet normal 0.185413 -0.526735 -0.829562
	outer loop
		vertex 6.742628 -0.054594 -1.123453
		vertex 6.535764 -0.157907 -1.104090
		vertex 6.752456 -0.081802 -1.103981
	endloop
endfacet
facet normal 0.185412 -0.526733 -0.829563
	outer loop
		vertex 6.742628 -0.054594 -1.123453
		vertex 6.525667 -0.129953 -1.124096
		vertex 6.535764 -0.157907 -1.104090
	endloop
endfacet
facet normal 0.259101 -0.740674 -0.619894
	outer loop
		vertex 6.738991 -0.044524 -1.137005
		vertex 6.525667 -0.129953 -1.124096
		vertex 6.742628 -0.054594 -1.123453
	endloop
endfacet
facet normal 0.259102 -0.740675 -0.619892
	outer loop
		vertex 6.738991 -0.044524 -1.137005
		vertex 6.521930 -0.119608 -1.138019
		vertex 6.525667 -0.129953 -1.124096
	endloop
endfacet
facet normal 0.000000 1.000000 0.000000
	outer loop
		vertex 6.744640 -0.060163 -1.141676
		vertex 6.738991 -0.044524 -1.137005
		vertex 6.738991 -0.044524 -1.137005
	endloop
endfacet
facet normal 0.000000 1.000000 0.000000
	outer loop
		vertex 6.744640 -0.060163 -1.141676
		vertex 6.744640 -0.060163 -1.141676
		vertex 6.738991 -0.044524 -1.137005
	endloop
endfacet
facet normal 0.000000 1.000000 0.000000
	outer loop
		vertex 6.756478 -0.092940 -1.140425
		vertex 6.744640 -0.060163 -1.141676
		vertex 6.744640 -0.060163 -1.141676
	endloop
endfacet
facet normal 0.000000 1.000000 0.000000
	outer loop
		vertex 6.756478 -0.092940 -1.140425
		vertex 6.756478 -0.092940 -1.140425
		vertex 6.744640 -0.060163 -1.141676
	endloop
endfacet
facet normal 0.000000 1.000000 0.000000
	outer loop
		vertex 6.780195 -0.158602 -1.122778
		vertex 6.756478 -0.092940 -1.140425
		vertex 6.756478 -0.092940 -1.140425
	endloop
endfacet
facet normal 0.000000 1.000000 0.000000
	outer loop
		vertex 6.780195 -0.158602 -1.122778
		vertex 6.780195 -0.158602 -1.122778
		vertex 6.756478 -0.092940 -1.140425
	endloop
endfacet
facet normal 0.000000 1.000000 0.000000
	outer loop
		vertex 6.811147 -0.244295 -1.093174
		vertex 6.780195 -0.158602 -1.122778
		vertex 6.780195 -0.158602 -1.122778
	endloop
endfacet
facet normal 0.000000 1.000000 0.000000
	outer loop
		vertex 6.811147 -0.244295 -1.093174
		vertex 6.811147 -0.244295 -1.093174
		vertex 6.780195 -0.158602 -1.122778
	endloop
endfacet
facet normal 0.000000 1.000000 0.000000
	outer loop
		vertex 6.856203 -0.369038 -1.036344
		vertex 6.811147 -0.244295 -1.093174
		vertex 6.811147 -0.244295 -1.093174
	endloop
endfacet
facet normal 0.000000 1.000000 0.000000
	outer loop
		vertex 6.856203 -0.369038 -1.036344
		vertex 6.856203 -0.369038 -1.036344
		vertex 6.811147 -0.244295 -1.093174
	endloop
endfacet
facet normal 0.000000 1.000000 0.000000
	outer loop
		vertex 6.893750 -0.472990 -0.988985
		vertex 6.856203 -0.369038 -1.036344
		vertex 6.856203 -0.369038 -1.036344
	endloop
endfacet
facet normal 0.000000 1.000000 0.000000
	outer loop
		vertex 6.893750 -0.472990 -0.988985
		vertex 6.893750 -0.472990 -0.988985
		vertex 6.856203 -0.369038 -1.036344
	endloop
endfacet
facet normal 0.000000 1.000000 0.000000
	outer loop
		vertex 6.893750 -0.472990 -0.988985
		vertex 6.893750 -0.472990 -0.988985
		vertex 6.893750 -0.472990 -0.988985
	endloop
endfacet
facet normal 0.000000 1.000000 0.000000
	outer loop
		vertex 6.893750 -0.472990 -0.988985
		vertex 6.893750 -0.472990 -0.988985
		vertex 6.893750 -0.472990 -0.988985
	endloop
endfacet
facet normal 0.000000 1.000000 0.000000
	outer loop
		vertex 6.853918 -0.362710 -1.015636
		vertex 6.893750 -0.472990 -0.988985
		vertex 6.893750 -0.472990 -0.988985
	endloop
endfacet
facet normal 0.000000 1.000000 0.000000
	outer loop
		vertex 6.853918 -0.362710 -1.015636
		vertex 6.853918 -0.362710 -1.015636
		vertex 6.893750 -0.472990 -0.988985
	endloop
endfacet
facet normal 0.000000 1.000000 0.000000
	outer loop
		vertex 6.806118 -0.230373 -1.047618
		vertex 6.853918 -0.362710 -1.015636
		vertex 6.853918 -0.362710 -1.015636
	endloop
endfacet
facet normal 0.000000 1.000000 0.000000
	outer loop
		vertex 6.806118 -0.230373 -1.047618
		vertex 6.806118 -0.230373 -1.047618
		vertex 6.853918 -0.362710 -1.015636
	endloop
endfacet
facet normal 0.000000 1.000000 0.000000
	outer loop
		vertex 6.775167 -0.144680 -1.077222
		vertex 6.806118 -0.230373 -1.047618
		vertex 6.806118 -0.230373 -1.047618
	endloop
endfacet
facet normal 0.000000 1.000000 0.000000
	outer loop
		vertex 6.775167 -0.144680 -1.077222
		vertex 6.775167 -0.144680 -1.077222
		vertex 6.806118 -0.230373 -1.047618
	endloop
endfacet
facet normal 0.000000 1.000000 0.000000
	outer loop
		vertex 6.752456 -0.081802 -1.103981
		vertex 6.775167 -0.144680 -1.077222
		vertex 6.775167 -0.144680 -1.077222
	endloop
endfacet
facet normal 0.000000 1.000000 0.000000
	outer loop
		vertex 6.752456 -0.081802 -1.103981
		vertex 6.752456 -0.081802 -1.103981
		vertex 6.775167 -0.144680 -1.077222
	endloop
endfacet
facet normal 0.000000 1.000000 0.000000
	outer loop
		vertex 6.742628 -0.054594 -1.123453
		vertex 6.752456 -0.081802 -1.103981
		vertex 6.752456 -0.081802 -1.103981
	endloop
endfacet
facet normal 0.000000 1.000000 0.000000
	outer loop
		vertex 6.742628 -0.054594 -1.123453
		vertex 6.742628 -0.054594 -1.123453
		vertex 6.752456 -0.081802 -1.103981
	endloop
endfacet
facet normal 0.000000 1.000000 0.000000
	outer loop
		vertex 6.738991 -0.044524 -1.137005
		vertex 6.742628 -0.054594 -1.123453
		vertex 6.742628 -0.054594 -1.123453
	endloop
endfacet
facet normal 0.000000 1.000000 0.000000
	outer loop
		vertex 6.738991 -0.044524 -1.137005
		vertex 6.738991 -0.044524 -1.137005
		vertex 6.742628 -0.054594 -1.123453
	endloop
endfacet
facet normal 0.084414 -0.257034 0.962709
	outer loop
		vertex 6.961546 0.015349 -1.140534
		vertex 6.738991 -0.044524 -1.137005
		vertex 6.956052 0.030559 -1.135991
	endloop
endfacet
facet normal 0.084415 -0.257036 0.962708
	outer loop
		vertex 6.961546 0.015349 -1.140534
		vertex 6.744640 -0.060163 -1.141676
		vertex 6.738991 -0.044524 -1.137005
	endloop
endfacet
facet normal -0.016461 0.032172 0.999347
	outer loop
		vertex 6.973061 -0.016530 -1.139318
		vertex 6.744640 -0.060163 -1.141676
		vertex 6.961546 0.015349 -1.140534
	endloop
endfacet
facet normal -0.016461 0.032174 0.999347
	outer loop
		vertex 6.973061 -0.016530 -1.139318
		vertex 6.756478 -0.092940 -1.140425
		vertex 6.744640 -0.060163 -1.141676
	endloop
endfacet
facet normal -0.085934 0.229527 0.969501
	outer loop
		vertex 6.996127 -0.080393 -1.122154
		vertex 6.756478 -0.092940 -1.140425
		vertex 6.973061 -0.016530 -1.139318
	endloop
endfacet
facet normal -0.085934 0.229525 0.969502
	outer loop
		vertex 6.996127 -0.080393 -1.122154
		vertex 6.780195 -0.158602 -1.122778
		vertex 6.756478 -0.092940 -1.140425
	endloop
endfacet
facet normal -0.107663 0.289667 0.951053
	outer loop
		vertex 7.026231 -0.163738 -1.093361
		vertex 6.780195 -0.158602 -1.122778
		vertex 6.996127 -0.080393 -1.122154
	endloop
endfacet
facet normal -0.107663 0.289668 0.951053
	outer loop
		vertex 7.026231 -0.163738 -1.093361
		vertex 6.811147 -0.244295 -1.093174
		vertex 6.780195 -0.158602 -1.122778
	endloop
endfacet
facet normal -0.137445 0.369110 0.919167
	outer loop
		vertex 7.070053 -0.285064 -1.038088
		vertex 6.811147 -0.244295 -1.093174
		vertex 7.026231 -0.163738 -1.093361
	endloop
endfacet
facet normal -0.137445 0.369109 0.919167
	outer loop
		vertex 7.070053 -0.285064 -1.038088
		vertex 6.856203 -0.369038 -1.036344
		vertex 6.811147 -0.244295 -1.093174
	endloop
endfacet
facet normal -0.137445 0.369109 0.919167
	outer loop
		vertex 7.106571 -0.386168 -0.992027
		vertex 6.856203 -0.369038 -1.036344
		vertex 7.070053 -0.285064 -1.038088
	endloop
endfacet
facet normal -0.137445 0.369109 0.919167
	outer loop
		vertex 7.106571 -0.386168 -0.992027
		vertex 6.893750 -0.472990 -0.988985
		vertex 6.856203 -0.369038 -1.036344
	endloop
endfacet
facet normal 0.000000 1.000000 0.000000
	outer loop
		vertex 7.106571 -0.386168 -0.992027
		vertex 6.893750 -0.472990 -0.988985
		vertex 7.106571 -0.386168 -0.992027
	endloop
endfacet
facet normal 0.000000 1.000000 0.000000
	outer loop
		vertex 7.106571 -0.386168 -0.992027
		vertex 6.893750 -0.472990 -0.988985
		vertex 6.893750 -0.472990 -0.988985
	endloop
endfacet
facet normal 0.071646 -0.209779 -0.975120
	outer loop
		vertex 7.067830 -0.278909 -1.017948
		vertex 6.893750 -0.472990 -0.988985
		vertex 7.106571 -0.386168 -0.992027
	endloop
endfacet
facet normal 0.071645 -0.209779 -0.975120
	outer loop
		vertex 7.067830 -0.278909 -1.017948
		vertex 6.853918 -0.362710 -1.015636
		vertex 6.893750 -0.472990 -0.988985
	endloop
endfacet
facet normal 0.071645 -0.209778 -0.975121
	outer loop
		vertex 7.021340 -0.150198 -1.049053
		vertex 6.853918 -0.362710 -1.015636
		vertex 7.067830 -0.278909 -1.017948
	endloop
endfacet
facet normal 0.071646 -0.209779 -0.975120
	outer loop
		vertex 7.021340 -0.150198 -1.049053
		vertex 6.806118 -0.230373 -1.047618
		vertex 6.853918 -0.362710 -1.015636
	endloop
endfacet
facet normal 0.102290 -0.291609 -0.951052
	outer loop
		vertex 6.991237 -0.066853 -1.077846
		vertex 6.806118 -0.230373 -1.047618
		vertex 7.021340 -0.150198 -1.049053
	endloop
endfacet
facet normal 0.102289 -0.291609 -0.951053
	outer loop
		vertex 6.991237 -0.066853 -1.077846
		vertex 6.775167 -0.144680 -1.077222
		vertex 6.806118 -0.230373 -1.047618
	endloop
endfacet
facet normal 0.123553 -0.350463 -0.928391
	outer loop
		vertex 6.969148 -0.005698 -1.103872
		vertex 6.775167 -0.144680 -1.077222
		vertex 6.991237 -0.066853 -1.077846
	endloop
endfacet
facet normal 0.123554 -0.350464 -0.928391
	outer loop
		vertex 6.969148 -0.005698 -1.103872
		vertex 6.752456 -0.081802 -1.103981
		vertex 6.775167 -0.144680 -1.077222
	endloop
endfacet
facet normal 0.185414 -0.526738 -0.829559
	outer loop
		vertex 6.959590 0.020765 -1.122811
		vertex 6.752456 -0.081802 -1.103981
		vertex 6.969148 -0.005698 -1.103872
	endloop
endfacet
facet normal 0.185412 -0.526735 -0.829562
	outer loop
		vertex 6.959590 0.020765 -1.122811
		vertex 6.742628 -0.054594 -1.123453
		vertex 6.752456 -0.081802 -1.103981
	endloop
endfacet
facet normal 0.259100 -0.740671 -0.619898
	outer loop
		vertex 6.956052 0.030559 -1.135991
		vertex 6.742628 -0.054594 -1.123453
		vertex 6.959590 0.020765 -1.122811
	endloop
endfacet
facet normal 0.259101 -0.740674 -0.619894
	outer loop
		vertex 6.956052 0.030559 -1.135991
		vertex 6.738991 -0.044524 -1.137005
		vertex 6.742628 -0.054594 -1.123453
	endloop
endfacet
facet normal 0.000000 1.000000 0.000000
	outer loop
		vertex 6.961546 0.015349 -1.140534
		vertex 6.956052 0.030559 -1.135991
		vertex 6.956052 0.030559 -1.135991
	endloop
endfacet
facet normal 0.000000 1.000000 0.000000
	outer loop
		vertex 6.961546 0.015349 -1.140534
		vertex 6.961546 0.015349 -1.140534
		vertex 6.956052 0.030559 -1.135991
	endloop
endfacet
facet normal 0.000000 1.000000 0.000000
	outer loop
		vertex 6.973061 -0.016530 -1.139318
		vertex 6.961546 0.015349 -1.140534
		vertex 6.961546 0.015349 -1.140534
	endloop
endfacet
facet normal 0.000000 1.000000 0.000000
	outer loop
		vertex 6.973061 -0.016530 -1.139318
		vertex 6.973061 -0.016530 -1.139318
		vertex 6.961546 0.015349 -1.140534
	endloop
endfacet
facet normal 0.000000 1.000000 0.000000
	outer loop
		vertex 6.996127 -0.080393 -1.122154
		vertex 6.973061 -0.016530 -1.139318
		vertex 6.973061 -0.016530 -1.139318
	endloop
endfacet
facet normal 0.000000 1.000000 0.000000
	outer loop
		vertex 6.996127 -0.080393 -1.122154
		vertex 6.996127 -0.080393 -1.122154
		vertex 6.973061 -0.016530 -1.139318
	endloop
endfacet
facet normal 0.000000 1.000000 0.000000
	outer loop
		vertex 7.026231 -0.163738 -1.093361
		vertex 6.996127 -0.080393 -1.122154
		vertex 6.996127 -0.080393 -1.122154
	endloop
endfacet
facet normal 0.000000 1.000000 0.000000
	outer loop
		vertex 7.026231 -0.163738 -1.093361
		vertex 7.026231 -0.163738 -1.093361
		vertex 6.996127 -0.080393 -1.122154
	endloop
endfacet
facet normal 0.000000 1.000000 0.000000
	outer loop
		vertex 7.070053 -0.285064 -1.038088
		vertex 7.026231 -0.163738 -1.093361
		vertex 7.026231 -0.163738 -1.093361
	endloop
endfacet
facet normal 0.000000 1.000000 0.000000
	outer loop
		vertex 7.070053 -0.285064 -1.038088
		vertex 7.070053 -0.285064 -1.038088
		vertex 7.026231 -0.163738 -1.093361
	endloop
endfacet
facet normal 0.000000 1.000000 0.000000
	outer loop
		vertex 7.106571 -0.386168 -0.992027
		vertex 7.070053 -0.285064 -1.038088
		vertex 7.070053 -0.285064 -1.038088
	endloop
endfacet
facet normal 0.000000 1.000000 0.000000
	outer loop
		vertex 7.106571 -0.386168 -0.992027
		vertex 7.106571 -0.386168 -0.992027
		vertex 7.070053 -0.285064 -1.038088
	endloop
endfacet
facet normal 0.000000 1.000000 0.000000
	outer loop
		vertex 7.106571 -0.386168 -0.992027
		vertex 7.106571 -0.386168 -0.992027
		vertex 7.106571 -0.386168 -0.992027
	endloop
endfacet
facet normal 0.000000 1.000000 0.000000
	outer loop
		vertex 7.106571 -0.386168 -0.992027
		vertex 7.106571 -0.386168 -0.992027
		vertex 7.106571 -0.386168 -0.992027
	endloop
endfacet
facet normal 0.000000 1.000000 0.000000
	outer loop
		vertex 7.067830 -0.278909 -1.017948
		vertex 7.106571 -0.386168 -0.992027
		vertex 7.106571 -0.386168 -0.992027
	endloop
endfacet
facet normal 0.000000 1.000000 0.000000
	outer loop
		vertex 7.067830 -0.278909 -1.017948
		vertex 7.067830 -0.278909 -1.017948
		vertex 7.106571 -0.386168 -0.992027
	endloop
endfacet
facet normal 0.000000 1.000000 0.000000
	outer loop
		vertex 7.021340 -0.150198 -1.049053
		vertex 7.067830 -0.278909 -1.017948
		vertex 7.067830 -0.278909 -1.017948
	endloop
endfacet
facet normal 0.000000 1.000000 0.000000
	outer loop
		vertex 7.021340 -0.150198 -1.049053
		vertex 7.021340 -0.150198 -1.049053
		vertex 7.067830 -0.278909 -1.017948
	endloop
endfacet
facet normal 0.000000 1.000000 0.000000
	outer loop
		vertex 6.991237 -0.066853 -1.077846
		vertex 7.021340 -0.150198 -1.049053
		vertex 7.021340 -0.150198 -1.049053
	endloop
endfacet
facet normal 0.000000 1.000000 0.000000
	outer loop
		vertex 6.991237 -0.066853 -1.077846
		vertex 6.991237 -0.066853 -1.077846
		vertex 7.021340 -0.150198 -1.049053
	endloop
endfacet
facet normal 0.000000 1.000000 0.000000
	outer loop
		vertex 6.969148 -0.005698 -1.103872
		vertex 6.991237 -0.066853 -1.077846
		vertex 6.991237 -0.066853 -1.077846
	endloop
endfacet
facet normal 0.000000 1.000000 0.000000
	outer loop
		vertex 6.969148 -0.005698 -1.103872
		vertex 6.969148 -0.005698 -1.103872
		vertex 6.991237 -0.066853 -1.077846
	endloop
endfacet
facet normal 0.000000 1.000000 0.000000
	outer loop
		vertex 6.959590 0.020765 -1.122811
		vertex 6.969148 -0.005698 -1.103872
		vertex 6.969148 -0.005698 -1.103872
	endloop
endfacet
facet normal 0.000000 1.000000 0.000000
	outer loop
		vertex 6.959590 0.020765 -1.122811
		vertex 6.959590 0.020765 -1.122811
		vertex 6.969148 -0.005698 -1.103872
	endloop
endfacet
facet normal 0.000000 1.000000 0.000000
	outer loop
		vertex 6.956052 0.030559 -1.135991
		vertex 6.959590 0.020765 -1.122811
		vertex 6.959590 0.020765 -1.122811
	endloop
endfacet
facet normal 0.000000 1.000000 0.000000
	outer loop
		vertex 6.956052 0.030559 -1.135991
		vertex 6.956052 0.030559 -1.135991
		vertex 6.959590 0.020765 -1.122811
	endloop
endfacet
facet normal 0.085732 -0.256560 0.962719
	outer loop
		vertex 7.178524 0.090661 -1.139786
		vertex 6.956052 0.030559 -1.135991
		vertex 7.173132 0.105590 -1.135327
	endloop
endfacet
facet normal 0.085732 -0.256560 0.962718
	outer loop
		vertex 7.178524 0.090661 -1.139786
		vertex 6.961546 0.015349 -1.140534
		vertex 6.956052 0.030559 -1.135991
	endloop
endfacet
facet normal -0.014818 0.032766 0.999353
	outer loop
		vertex 7.189826 0.059370 -1.138592
		vertex 6.961546 0.015349 -1.140534
		vertex 7.178524 0.090661 -1.139786
	endloop
endfacet
facet normal -0.014818 0.032765 0.999353
	outer loop
		vertex 7.189826 0.059370 -1.138592
		vertex 6.973061 -0.016530 -1.139318
		vertex 6.961546 0.015349 -1.140534
	endloop
endfacet
facet normal -0.083874 0.230271 0.969505
	outer loop
		vertex 7.212468 -0.003315 -1.121745
		vertex 6.973061 -0.016530 -1.139318
		vertex 7.189826 0.059370 -1.138592
	endloop
endfacet
facet normal -0.083874 0.230272 0.969505
	outer loop
		vertex 7.212468 -0.003315 -1.121745
		vertex 6.996127 -0.080393 -1.122154
		vertex 6.973061 -0.016530 -1.139318
	endloop
endfacet
facet normal -0.105304 0.290521 0.951057
	outer loop
		vertex 7.242016 -0.085122 -1.093483
		vertex 6.996127 -0.080393 -1.122154
		vertex 7.212468 -0.003315 -1.121745
	endloop
endfacet
facet normal -0.105304 0.290520 0.951057
	outer loop
		vertex 7.242016 -0.085122 -1.093483
		vertex 7.026231 -0.163738 -1.093361
		vertex 6.996127 -0.080393 -1.122154
	endloop
endfacet
facet normal -0.134361 0.370226 0.919173
	outer loop
		vertex 7.285029 -0.204209 -1.039230
		vertex 7.026231 -0.163738 -1.093361
		vertex 7.242016 -0.085122 -1.093483
	endloop
endfacet
facet normal -0.134361 0.370226 0.919173
	outer loop
		vertex 7.285029 -0.204209 -1.039230
		vertex 7.070053 -0.285064 -1.038088
		vertex 7.026231 -0.163738 -1.093361
	endloop
endfacet
facet normal -0.134361 0.370226 0.919173
	outer loop
		vertex 7.320874 -0.303448 -0.994019
		vertex 7.070053 -0.285064 -1.038088
		vertex 7.285029 -0.204209 -1.039230
	endloop
endfacet
facet normal -0.134361 0.370226 0.919173
	outer loop
		vertex 7.320874 -0.303448 -0.994019
		vertex 7.106571 -0.386168 -0.992027
		vertex 7.070053 -0.285064 -1.038088
	endloop
endfacet
facet normal 0.000000 1.000000 0.000000
	outer loop
		vertex 7.320874 -0.303448 -0.994019
		vertex 7.106571 -0.386168 -0.992027
		vertex 7.320874 -0.303448 -0.994019
	endloop
endfacet
facet normal 0.000000 1.000000 0.000000
	outer loop
		vertex 7.320874 -0.303448 -0.994019
		vertex 7.106571 -0.386168 -0.992027
		vertex 7.106571 -0.386168 -0.992027
	endloop
endfacet
facet normal 0.071877 -0.209695 -0.975121
	outer loop
		vertex 7.282847 -0.198168 -1.019462
		vertex 7.106571 -0.386168 -0.992027
		vertex 7.320874 -0.303448 -0.994019
	endloop
endfacet
facet normal 0.071877 -0.209696 -0.975121
	outer loop
		vertex 7.282847 -0.198168 -1.019462
		vertex 7.067830 -0.278909 -1.017948
		vertex 7.106571 -0.386168 -0.992027
	endloop
endfacet
facet normal 0.071877 -0.209696 -0.975121
	outer loop
		vertex 7.237216 -0.071832 -1.049993
		vertex 7.067830 -0.278909 -1.017948
		vertex 7.282847 -0.198168 -1.019462
	endloop
endfacet
facet normal 0.071876 -0.209695 -0.975121
	outer loop
		vertex 7.237216 -0.071832 -1.049993
		vertex 7.021340 -0.150198 -1.049053
		vertex 7.067830 -0.278909 -1.017948
	endloop
endfacet
facet normal 0.101784 -0.291791 -0.951051
	outer loop
		vertex 7.207667 0.009976 -1.078255
		vertex 7.021340 -0.150198 -1.049053
		vertex 7.237216 -0.071832 -1.049993
	endloop
endfacet
facet normal 0.101784 -0.291792 -0.951051
	outer loop
		vertex 7.207667 0.009976 -1.078255
		vertex 6.991237 -0.066853 -1.077846
		vertex 7.021340 -0.150198 -1.049053
	endloop
endfacet
facet normal 0.122756 -0.350750 -0.928388
	outer loop
		vertex 7.185986 0.070003 -1.103800
		vertex 6.991237 -0.066853 -1.077846
		vertex 7.207667 0.009976 -1.078255
	endloop
endfacet
facet normal 0.122756 -0.350750 -0.928389
	outer loop
		vertex 7.185986 0.070003 -1.103800
		vertex 6.969148 -0.005698 -1.103872
		vertex 6.991237 -0.066853 -1.077846
	endloop
endfacet
facet normal 0.184300 -0.527134 -0.829556
	outer loop
		vertex 7.176604 0.095977 -1.122390
		vertex 6.969148 -0.005698 -1.103872
		vertex 7.185986 0.070003 -1.103800
	endloop
endfacet
facet normal 0.184302 -0.527136 -0.829554
	outer loop
		vertex 7.176604 0.095977 -1.122390
		vertex 6.959590 0.020765 -1.122811
		vertex 6.969148 -0.005698 -1.103872
	endloop
endfacet
facet normal 0.258032 -0.741049 -0.619892
	outer loop
		vertex 7.173132 0.105590 -1.135327
		vertex 6.959590 0.020765 -1.122811
		vertex 7.176604 0.095977 -1.122390
	endloop
endfacet
facet normal 0.258032 -0.741049 -0.619892
	outer loop
		vertex 7.173132 0.105590 -1.135327
		vertex 6.956052 0.030559 -1.135991
		vertex 6.959590 0.020765 -1.122811
	endloop
endfacet
facet normal 0.000000 1.000000 0.000000
	outer loop
		vertex 7.178524 0.090661 -1.139786
		vertex 7.173132 0.105590 -1.135327
		vertex 7.173132 0.105590 -1.135327
	endloop
endfacet
facet normal 0.000000 1.000000 0.000000
	outer loop
		vertex 7.178524 0.090661 -1.139786
		vertex 7.178524 0.090661 -1.139786
		vertex 7.173132 0.105590 -1.135327
	endloop
endfacet
facet normal 0.000000 1.000000 0.000000
	outer loop
		vertex 7.189826 0.059370 -1.138592
		vertex 7.178524 0.090661 -1.139786
		vertex 7.178524 0.090661 -1.139786
	endloop
endfacet
facet normal 0.000000 1.000000 0.000000
	outer loop
		vertex 7.189826 0.059370 -1.138592
		vertex 7.189826 0.059370 -1.138592
		vertex 7.178524 0.090661 -1.139786
	endloop
endfacet
facet normal 0.000000 1.000000 0.000000
	outer loop
		vertex 7.212468 -0.003315 -1.121745
		vertex 7.189826 0.059370 -1.138592
		vertex 7.189826 0.059370 -1.138592
	endloop
endfacet
facet normal 0.000000 1.000000 0.000000
	outer loop
		vertex 7.212468 -0.003315 -1.121745
		vertex 7.212468 -0.003315 -1.121745
		vertex 7.189826 0.059370 -1.138592
	endloop
endfacet
facet normal 0.000000 1.000000 0.000000
	outer loop
		vertex 7.242016 -0.085122 -1.093483
		vertex 7.212468 -0.003315 -1.121745
		vertex 7.212468 -0.003315 -1.121745
	endloop
endfacet
facet normal 0.000000 1.000000 0.000000
	outer loop
		vertex 7.242016 -0.085122 -1.093483
		vertex 7.242016 -0.085122 -1.093483
		vertex 7.212468 -0.003315 -1.121745
	endloop
endfacet
facet normal 0.000000 1.000000 0.000000
	outer loop
		vertex 7.285029 -0.204209 -1.039230
		vertex 7.242016 -0.085122 -1.093483
		vertex 7.242016 -0.085122 -1.093483
	endloop
endfacet
facet normal 0.000000 1.000000 0.000000
	outer loop
		vertex 7.285029 -0.204209 -1.039230
		vertex 7.285029 -0.204209 -1.039230
		vertex 7.242016 -0.085122 -1.093483
	endloop
endfacet
facet normal 0.000000 1.000000 0.000000
	outer loop
		vertex 7.320874 -0.303448 -0.994019
		vertex 7.285029 -0.204209 -1.039230
		vertex 7.285029 -0.204209 -1.039230
	endloop
endfacet
facet normal 0.000000 1.000000 0.000000
	outer loop
		vertex 7.320874 -0.303448 -0.994019
		vertex 7.320874 -0.303448 -0.994019
		vertex 7.285029 -0.204209 -1.039230
	endloop
endfacet
facet normal 0.000000 1.000000 0.000000
	outer loop
		vertex 7.320874 -0.303448 -0.994019
		vertex 7.320874 -0.303448 -0.994019
		vertex 7.320874 -0.303448 -0.994019
	endloop
endfacet
facet normal 0.000000 1.000000 0.000000
	outer loop
		vertex 7.320874 -0.303448 -0.994019
		vertex 7.320874 -0.303448 -0.994019
		vertex 7.320874 -0.303448 -0.994019
	endloop
endfacet
facet normal 0.000000 1.000000 0.000000
	outer loop
		vertex 7.282847 -0.198168 -1.019462
		vertex 7.320874 -0.303448 -0.994019
		vertex 7.320874 -0.303448 -0.994019
	endloop
endfacet
facet normal 0.000000 1.000000 0.000000
	outer loop
		vertex 7.282847 -0.198168 -1.019462
		vertex 7.282847 -0.198168 -1.019462
		vertex 7.320874 -0.303448 -0.994019
	endloop
endfacet
facet normal 0.000000 1.000000 0.000000
	outer loop
		vertex 7.237216 -0.071832 -1.049993
		vertex 7.282847 -0.198168 -1.019462
		vertex 7.282847 -0.198168 -1.019462
	endloop
endfacet
facet normal 0.000000 1.000000 0.000000
	outer loop
		vertex 7.237216 -0.071832 -1.049993
		vertex 7.237216 -0.071832 -1.049993
		vertex 7.282847 -0.198168 -1.019462
	endloop
endfacet
facet normal 0.000000 1.000000 0.000000
	outer loop
		vertex 7.207667 0.009976 -1.078255
		vertex 7.237216 -0.071832 -1.049993
		vertex 7.237216 -0.071832 -1.049993
	endloop
endfacet
facet normal 0.000000 1.000000 0.000000
	outer loop
		vertex 7.207667 0.009976 -1.078255
		vertex 7.207667 0.009976 -1.078255
		vertex 7.237216 -0.071832 -1.049993
	endloop
endfacet
facet normal 0.000000 1.000000 0.000000
	outer loop
		vertex 7.185986 0.070003 -1.103800
		vertex 7.207667 0.009976 -1.078255
		vertex 7.207667 0.009976 -1.078255
	endloop
endfacet
facet normal 0.000000 1.000000 0.000000
	outer loop
		vertex 7.185986 0.070003 -1.103800
		vertex 7.185986 0.070003 -1.103800
		vertex 7.207667 0.009976 -1.078255
	endloop
endfacet
facet normal 0.000000 1.000000 0.000000
	outer loop
		vertex 7.176604 0.095977 -1.122390
		vertex 7.185986 0.070003 -1.103800
		vertex 7.185986 0.070003 -1.103800
	endloop
endfacet
facet normal 0.000000 1.000000 0.000000
	outer loop
		vertex 7.176604 0.095977 -1.122390
		vertex 7.176604 0.095977 -1.122390
		vertex 7.185986 0.070003 -1.103800
	endloop
endfacet
facet normal 0.000000 1.000000 0.000000
	outer loop
		vertex 7.173132 0.105590 -1.135327
		vertex 7.176604 0.095977 -1.122390
		vertex 7.176604 0.095977 -1.122390
	endloop
endfacet
facet normal 0.000000 1.000000 0.000000
	outer loop
		vertex 7.173132 0.105590 -1.135327
		vertex 7.173132 0.105590 -1.135327
		vertex 7.176604 0.095977 -1.122390
	endloop
endfacet
facet normal 0.083097 -0.257512 0.962695
	outer loop
		vertex 7.395359 0.166373 -1.138250
		vertex 7.173132 0.105590 -1.135327
		vertex 7.390174 0.180726 -1.133963
	endloop
endfacet
facet normal 0.083095 -0.257506 0.962697
	outer loop
		vertex 7.395359 0.166373 -1.138250
		vertex 7.178524 0.090661 -1.139786
		vertex 7.173132 0.105590 -1.135327
	endloop
endfacet
facet normal -0.018104 0.031580 0.999337
	outer loop
		vertex 7.406224 0.136290 -1.137103
		vertex 7.178524 0.090661 -1.139786
		vertex 7.395359 0.166373 -1.138250
	endloop
endfacet
facet normal -0.018104 0.031579 0.999337
	outer loop
		vertex 7.406224 0.136290 -1.137103
		vertex 7.189826 0.059370 -1.138592
		vertex 7.178524 0.090661 -1.139786
	endloop
endfacet
facet normal -0.087994 0.228779 0.969493
	outer loop
		vertex 7.427992 0.076025 -1.120906
		vertex 7.189826 0.059370 -1.138592
		vertex 7.406224 0.136290 -1.137103
	endloop
endfacet
facet normal -0.087994 0.228779 0.969493
	outer loop
		vertex 7.427992 0.076025 -1.120906
		vertex 7.212468 -0.003315 -1.121745
		vertex 7.189826 0.059370 -1.138592
	endloop
endfacet
facet normal -0.110022 0.288813 0.951043
	outer loop
		vertex 7.456399 -0.002625 -1.093735
		vertex 7.212468 -0.003315 -1.121745
		vertex 7.427992 0.076025 -1.120906
	endloop
endfacet
facet normal -0.110022 0.288812 0.951043
	outer loop
		vertex 7.456399 -0.002625 -1.093735
		vertex 7.242016 -0.085122 -1.093483
		vertex 7.212468 -0.003315 -1.121745
	endloop
endfacet
facet normal -0.140527 0.367988 0.919150
	outer loop
		vertex 7.497753 -0.117116 -1.041576
		vertex 7.242016 -0.085122 -1.093483
		vertex 7.456399 -0.002625 -1.093735
	endloop
endfacet
facet normal -0.140527 0.367988 0.919150
	outer loop
		vertex 7.497753 -0.117116 -1.041576
		vertex 7.285029 -0.204209 -1.039230
		vertex 7.242016 -0.085122 -1.093483
	endloop
endfacet
facet normal -0.140527 0.367988 0.919150
	outer loop
		vertex 7.532213 -0.212524 -0.998110
		vertex 7.285029 -0.204209 -1.039230
		vertex 7.497753 -0.117116 -1.041576
	endloop
endfacet
facet normal -0.140527 0.367988 0.919150
	outer loop
		vertex 7.532213 -0.212524 -0.998110
		vertex 7.320874 -0.303448 -0.994019
		vertex 7.285029 -0.204209 -1.039230
	endloop
endfacet
facet normal 0.000000 1.000000 0.000000
	outer loop
		vertex 7.532213 -0.212524 -0.998110
		vertex 7.320874 -0.303448 -0.994019
		vertex 7.532213 -0.212524 -0.998110
	endloop
endfacet
facet normal 0.000000 1.000000 0.000000
	outer loop
		vertex 7.532213 -0.212524 -0.998110
		vertex 7.320874 -0.303448 -0.994019
		vertex 7.320874 -0.303448 -0.994019
	endloop
endfacet
facet normal 0.071413 -0.209862 -0.975120
	outer loop
		vertex 7.495655 -0.111308 -1.022570
		vertex 7.320874 -0.303448 -0.994019
		vertex 7.532213 -0.212524 -0.998110
	endloop
endfacet
facet normal 0.071413 -0.209862 -0.975120
	outer loop
		vertex 7.495655 -0.111308 -1.022570
		vertex 7.282847 -0.198168 -1.019462
		vertex 7.320874 -0.303448 -0.994019
	endloop
endfacet
facet normal 0.071414 -0.209863 -0.975119
	outer loop
		vertex 7.451784 0.010152 -1.051924
		vertex 7.282847 -0.198168 -1.019462
		vertex 7.495655 -0.111308 -1.022570
	endloop
endfacet
facet normal 0.071414 -0.209863 -0.975119
	outer loop
		vertex 7.451784 0.010152 -1.051924
		vertex 7.237216 -0.071832 -1.049993
		vertex 7.282847 -0.198168 -1.019462
	endloop
endfacet
facet normal 0.102795 -0.291427 -0.951054
	outer loop
		vertex 7.423377 0.088802 -1.079094
		vertex 7.237216 -0.071832 -1.049993
		vertex 7.451784 0.010152 -1.051924
	endloop
endfacet
facet normal 0.102795 -0.291427 -0.951054
	outer loop
		vertex 7.423377 0.088802 -1.079094
		vertex 7.207667 0.009976 -1.078255
		vertex 7.237216 -0.071832 -1.049993
	endloop
endfacet
facet normal 0.124352 -0.350177 -0.928393
	outer loop
		vertex 7.402532 0.146512 -1.103654
		vertex 7.207667 0.009976 -1.078255
		vertex 7.423377 0.088802 -1.079094
	endloop
endfacet
facet normal 0.124351 -0.350176 -0.928393
	outer loop
		vertex 7.402532 0.146512 -1.103654
		vertex 7.185986 0.070003 -1.103800
		vertex 7.207667 0.009976 -1.078255
	endloop
endfacet
facet normal 0.186524 -0.526336 -0.829566
	outer loop
		vertex 7.393513 0.171484 -1.121526
		vertex 7.185986 0.070003 -1.103800
		vertex 7.402532 0.146512 -1.103654
	endloop
endfacet
facet normal 0.186525 -0.526337 -0.829565
	outer loop
		vertex 7.393513 0.171484 -1.121526
		vertex 7.176604 0.095977 -1.122390
		vertex 7.185986 0.070003 -1.103800
	endloop
endfacet
facet normal 0.260168 -0.740293 -0.619903
	outer loop
		vertex 7.390174 0.180726 -1.133963
		vertex 7.176604 0.095977 -1.122390
		vertex 7.393513 0.171484 -1.121526
	endloop
endfacet
facet normal 0.260168 -0.740293 -0.619903
	outer loop
		vertex 7.390174 0.180726 -1.133963
		vertex 7.173132 0.105590 -1.135327
		vertex 7.176604 0.095977 -1.122390
	endloop
endfacet
facet normal 0.000000 1.000000 0.000000
	outer loop
		vertex 7.395359 0.166373 -1.138250
		vertex 7.390174 0.180726 -1.133963
		vertex 7.390174 0.180726 -1.133963
	endloop
endfacet
facet normal 0.000000 1.000000 0.000000
	outer loop
		vertex 7.395359 0.166373 -1.138250
		vertex 7.395359 0.166373 -1.138250
		vertex 7.390174 0.180726 -1.133963
	endloop
endfacet
facet normal 0.000000 1.000000 0.000000
	outer loop
		vertex 7.406224 0.136290 -1.137103
		vertex 7.395359 0.166373 -1.138250
		vertex 7.395359 0.166373 -1.138250
	endloop
endfacet
facet normal 0.000000 1.000000 0.000000
	outer loop
		vertex 7.406224 0.136290 -1.137103
		vertex 7.406224 0.136290 -1.137103
		vertex 7.395359 0.166373 -1.138250
	endloop
endfacet
facet normal 0.000000 1.000000 0.000000
	outer loop
		vertex 7.427992 0.076025 -1.120906
		vertex 7.406224 0.136290 -1.137103
		vertex 7.406224 0.136290 -1.137103
	endloop
endfacet
facet normal 0.000000 1.000000 0.000000
	outer loop
		vertex 7.427992 0.076025 -1.120906
		vertex 7.427992 0.076025 -1.120906
		vertex 7.406224 0.136290 -1.137103
	endloop
endfacet
facet normal 0.000000 1.000000 0.000000
	outer loop
		vertex 7.456399 -0.002625 -1.093735
		vertex 7.427992 0.076025 -1.120906
		vertex 7.427992 0.076025 -1.120906
	endloop
endfacet
facet normal 0.000000 1.000000 0.000000
	outer loop
		vertex 7.456399 -0.002625 -1.093735
		vertex 7.456399 -0.002625 -1.093735
		vertex 7.427992 0.076025 -1.120906
	endloop
endfacet
facet normal 0.000000 1.000000 0.000000
	outer loop
		vertex 7.497753 -0.117116 -1.041576
		vertex 7.456399 -0.002625 -1.093735
		vertex 7.456399 -0.002625 -1.093735
	endloop
endfacet
facet normal 0.000000 1.000000 0.000000
	outer loop
		vertex 7.497753 -0.117116 -1.041576
		vertex 7.497753 -0.117116 -1.041576
		vertex 7.456399 -0.002625 -1.093735
	endloop
endfacet
facet normal 0.000000 1.000000 0.000000
	outer loop
		vertex 7.532213 -0.212524 -0.998110
		vertex 7.497753 -0.117116 -1.041576
		vertex 7.497753 -0.117116 -1.041576
	endloop
endfacet
facet normal 0.000000 1.000000 0.000000
	outer loop
		vertex 7.532213 -0.212524 -0.998110
		vertex 7.532213 -0.212524 -0.998110
		vertex 7.497753 -0.117116 -1.041576
	endloop
endfacet
facet normal 0.000000 1.000000 0.000000
	outer loop
		vertex 7.532213 -0.212524 -0.998110
		vertex 7.532213 -0.212524 -0.998110
		vertex 7.532213 -0.212524 -0.998110
	endloop
endfacet
facet normal 0.000000 1.000000 0.000000
	outer loop
		vertex 7.532213 -0.212524 -0.998110
		vertex 7.532213 -0.212524 -0.998110
		vertex 7.532213 -0.212524 -0.998110
	endloop
endfacet
facet normal 0.000000 1.000000 0.000000
	outer loop
		vertex 7.495655 -0.111308 -1.022570
		vertex 7.532213 -0.212524 -0.998110
		vertex 7.532213 -0.212524 -0.998110
	endloop
endfacet
facet normal 0.000000 1.000000 0.000000
	outer loop
		vertex 7.495655 -0.111308 -1.022570
		vertex 7.495655 -0.111308 -1.022570
		vertex 7.532213 -0.212524 -0.998110
	endloop
endfacet
facet normal 0.000000 1.000000 0.000000
	outer loop
		vertex 7.451784 0.010152 -1.051924
		vertex 7.495655 -0.111308 -1.022570
		vertex 7.495655 -0.111308 -1.022570
	endloop
endfacet
facet normal 0.000000 1.000000 0.000000
	outer loop
		vertex 7.451784 0.010152 -1.051924
		vertex 7.451784 0.010152 -1.051924
		vertex 7.495655 -0.111308 -1.022570
	endloop
endfacet
facet normal 0.000000 1.000000 0.000000
	outer loop
		vertex 7.423377 0.088802 -1.079094
		vertex 7.451784 0.010152 -1.051924
		vertex 7.451784 0.010152 -1.051924
	endloop
endfacet
facet normal 0.000000 1.000000 0.000000
	outer loop
		vertex 7.423377 0.088802 -1.079094
		vertex 7.423377 0.088802 -1.079094
		vertex 7.451784 0.010152 -1.051924
	endloop
endfacet
facet normal 0.000000 1.000000 0.000000
	outer loop
		vertex 7.402532 0.146512 -1.103654
		vertex 7.423377 0.088802 -1.079094
		vertex 7.423377 0.088802 -1.079094
	endloop
endfacet
facet normal 0.000000 1.000000 0.000000
	outer loop
		vertex 7.402532 0.146512 -1.103654
		vertex 7.402532 0.146512 -1.103654
		vertex 7.423377 0.088802 -1.079094
	endloop
endfacet
facet normal 0.000000 1.000000 0.000000
	outer loop
		vertex 7.393513 0.171484 -1.121526
		vertex 7.402532 0.146512 -1.103654
		vertex 7.402532 0.146512 -1.103654
	endloop
endfacet
facet normal 0.000000 1.000000 0.000000
	outer loop
		vertex 7.393513 0.171484 -1.121526
		vertex 7.393513 0.171484 -1.121526
		vertex 7.402532 0.146512 -1.103654
	endloop
endfacet
facet normal 0.000000 1.000000 0.000000
	outer loop
		vertex 7.390174 0.180726 -1.133963
		vertex 7.393513 0.171484 -1.121526
		vertex 7.393513 0.171484 -1.121526
	endloop
endfacet
facet normal 0.000000 1.000000 0.000000
	outer loop
		vertex 7.390174 0.180726 -1.133963
		vertex 7.390174 0.180726 -1.133963
		vertex 7.393513 0.171484 -1.121526
	endloop
endfacet
facet normal 0.084414 -0.257034 0.962709
	outer loop
		vertex 7.612265 0.241885 -1.137108
		vertex 7.390174 0.180726 -1.133963
		vertex 7.607235 0.255809 -1.132950
	endloop
endfacet
facet normal 0.084415 -0.257039 0.962707
	outer loop
		vertex 7.612265 0.241885 -1.137108
		vertex 7.395359 0.166373 -1.138250
		vertex 7.390174 0.180726 -1.133963
	endloop
endfacet
facet normal -0.016462 0.032175 0.999347
	outer loop
		vertex 7.622807 0.212700 -1.135995
		vertex 7.395359 0.166373 -1.138250
		vertex 7.612265 0.241885 -1.137108
	endloop
endfacet
facet normal -0.016461 0.032174 0.999347
	outer loop
		vertex 7.622807 0.212700 -1.135995
		vertex 7.406224 0.136290 -1.137103
		vertex 7.395359 0.166373 -1.138250
	endloop
endfacet
facet normal -0.085934 0.229526 0.969501
	outer loop
		vertex 7.643924 0.154233 -1.120282
		vertex 7.406224 0.136290 -1.137103
		vertex 7.622807 0.212700 -1.135995
	endloop
endfacet
facet normal -0.085934 0.229525 0.969502
	outer loop
		vertex 7.643924 0.154233 -1.120282
		vertex 7.427992 0.076025 -1.120906
		vertex 7.406224 0.136290 -1.137103
	endloop
endfacet
facet normal -0.107664 0.289667 0.951053
	outer loop
		vertex 7.671484 0.077931 -1.093922
		vertex 7.427992 0.076025 -1.120906
		vertex 7.643924 0.154233 -1.120282
	endloop
endfacet
facet normal -0.107664 0.289668 0.951053
	outer loop
		vertex 7.671484 0.077931 -1.093922
		vertex 7.456399 -0.002625 -1.093735
		vertex 7.427992 0.076025 -1.120906
	endloop
endfacet
facet normal -0.137445 0.369109 0.919167
	outer loop
		vertex 7.711602 -0.033141 -1.043320
		vertex 7.456399 -0.002625 -1.093735
		vertex 7.671484 0.077931 -1.093922
	endloop
endfacet
facet normal -0.137445 0.369109 0.919167
	outer loop
		vertex 7.711602 -0.033141 -1.043320
		vertex 7.497753 -0.117116 -1.041576
		vertex 7.456399 -0.002625 -1.093735
	endloop
endfacet
facet normal -0.137445 0.369109 0.919167
	outer loop
		vertex 7.745034 -0.125702 -1.001151
		vertex 7.497753 -0.117116 -1.041576
		vertex 7.711602 -0.033141 -1.043320
	endloop
endfacet
facet normal -0.137445 0.369109 0.919167
	outer loop
		vertex 7.745034 -0.125702 -1.001151
		vertex 7.532213 -0.212524 -0.998110
		vertex 7.497753 -0.117116 -1.041576
	endloop
endfacet
facet normal 0.000000 1.000000 0.000000
	outer loop
		vertex 7.745034 -0.125702 -1.001151
		vertex 7.532213 -0.212524 -0.998110
		vertex 7.745034 -0.125702 -1.001151
	endloop
endfacet
facet normal 0.000000 1.000000 0.000000
	outer loop
		vertex 7.745034 -0.125702 -1.001151
		vertex 7.532213 -0.212524 -0.998110
		vertex 7.532213 -0.212524 -0.998110
	endloop
endfacet
facet normal 0.071645 -0.209778 -0.975121
	outer loop
		vertex 7.709567 -0.027507 -1.024882
		vertex 7.532213 -0.212524 -0.998110
		vertex 7.745034 -0.125702 -1.001151
	endloop
endfacet
facet normal 0.071645 -0.209778 -0.975121
	outer loop
		vertex 7.709567 -0.027507 -1.024882
		vertex 7.495655 -0.111308 -1.022570
		vertex 7.532213 -0.212524 -0.998110
	endloop
endfacet
facet normal 0.071645 -0.209779 -0.975120
	outer loop
		vertex 7.667006 0.090327 -1.053359
		vertex 7.495655 -0.111308 -1.022570
		vertex 7.709567 -0.027507 -1.024882
	endloop
endfacet
facet normal 0.071646 -0.209779 -0.975120
	outer loop
		vertex 7.667006 0.090327 -1.053359
		vertex 7.451784 0.010152 -1.051924
		vertex 7.495655 -0.111308 -1.022570
	endloop
endfacet
facet normal 0.102290 -0.291610 -0.951052
	outer loop
		vertex 7.639447 0.166629 -1.079718
		vertex 7.451784 0.010152 -1.051924
		vertex 7.667006 0.090327 -1.053359
	endloop
endfacet
facet normal 0.102289 -0.291609 -0.951053
	outer loop
		vertex 7.639447 0.166629 -1.079718
		vertex 7.423377 0.088802 -1.079094
		vertex 7.451784 0.010152 -1.051924
	endloop
endfacet
facet normal 0.123554 -0.350464 -0.928391
	outer loop
		vertex 7.619225 0.222616 -1.103544
		vertex 7.423377 0.088802 -1.079094
		vertex 7.639447 0.166629 -1.079718
	endloop
endfacet
facet normal 0.123554 -0.350464 -0.928391
	outer loop
		vertex 7.619225 0.222616 -1.103544
		vertex 7.402532 0.146512 -1.103654
		vertex 7.423377 0.088802 -1.079094
	endloop
endfacet
facet normal 0.185412 -0.526734 -0.829562
	outer loop
		vertex 7.610474 0.246843 -1.120883
		vertex 7.402532 0.146512 -1.103654
		vertex 7.619225 0.222616 -1.103544
	endloop
endfacet
facet normal 0.185412 -0.526734 -0.829562
	outer loop
		vertex 7.610474 0.246843 -1.120883
		vertex 7.393513 0.171484 -1.121526
		vertex 7.402532 0.146512 -1.103654
	endloop
endfacet
facet normal 0.259101 -0.740673 -0.619895
	outer loop
		vertex 7.607235 0.255809 -1.132950
		vertex 7.393513 0.171484 -1.121526
		vertex 7.610474 0.246843 -1.120883
	endloop
endfacet
facet normal 0.259100 -0.740671 -0.619898
	outer loop
		vertex 7.607235 0.255809 -1.132950
		vertex 7.390174 0.180726 -1.133963
		vertex 7.393513 0.171484 -1.121526
	endloop
endfacet
facet normal 0.000000 1.000000 0.000000
	outer loop
		vertex 7.612265 0.241885 -1.137108
		vertex 7.607235 0.255809 -1.132950
		vertex 7.607235 0.255809 -1.132950
	endloop
endfacet
facet normal 0.000000 1.000000 0.000000
	outer loop
		vertex 7.612265 0.241885 -1.137108
		vertex 7.612265 0.241885 -1.137108
		vertex 7.607235 0.255809 -1.132950
	endloop
endfacet
facet normal 0.000000 1.000000 0.000000
	outer loop
		vertex 7.622807 0.212700 -1.135995
		vertex 7.612265 0.241885 -1.137108
		vertex 7.612265 0.241885 -1.137108
	endloop
endfacet
facet normal 0.000000 1.000000 0.000000
	outer loop
		vertex 7.622807 0.212700 -1.135995
		vertex 7.622807 0.212700 -1.135995
		vertex 7.612265 0.241885 -1.137108
	endloop
endfacet
facet normal 0.000000 1.000000 0.000000
	outer loop
		vertex 7.643924 0.154233 -1.120282
		vertex 7.622807 0.212700 -1.135995
		vertex 7.622807 0.212700 -1.135995
	endloop
endfacet
facet normal 0.000000 1.000000 0.000000
	outer loop
		vertex 7.643924 0.154233 -1.120282
		vertex 7.643924 0.154233 -1.120282
		vertex 7.622807 0.212700 -1.135995
	endloop
endfacet
facet normal 0.000000 1.000000 0.000000
	outer loop
		vertex 7.671484 0.077931 -1.093922
		vertex 7.643924 0.154233 -1.120282
		vertex 7.643924 0.154233 -1.120282
	endloop
endfacet
facet normal 0.000000 1.000000 0.000000
	outer loop
		vertex 7.671484 0.077931 -1.093922
		vertex 7.671484 0.077931 -1.093922
		vertex 7.643924 0.154233 -1.120282
	endloop
endfacet
facet normal 0.000000 1.000000 0.000000
	outer loop
		vertex 7.711602 -0.033141 -1.043320
		vertex 7.671484 0.077931 -1.093922
		vertex 7.671484 0.077931 -1.093922
	endloop
endfacet
facet normal 0.000000 1.000000 0.000000
	outer loop
		vertex 7.711602 -0.033141 -1.043320
		vertex 7.711602 -0.033141 -1.043320
		vertex 7.671484 0.077931 -1.093922
	endloop
endfacet
facet normal 0.000000 1.000000 0.000000
	outer loop
		vertex 7.745034 -0.125702 -1.001151
		vertex 7.711602 -0.033141 -1.043320
		vertex 7.711602 -0.033141 -1.043320
	endloop
endfacet
facet normal 0.000000 1.000000 0.000000
	outer loop
		vertex 7.745034 -0.125702 -1.001151
		vertex 7.745034 -0.125702 -1.001151
		vertex 7.711602 -0.033141 -1.043320
	endloop
endfacet
facet normal 0.000000 1.000000 0.000000
	outer loop
		vertex 7.745034 -0.125702 -1.001151
		vertex 7.745034 -0.125702 -1.001151
		vertex 7.745034 -0.125702 -1.001151
	endloop
endfacet
facet normal 0.000000 1.000000 0.000000
	outer loop
		vertex 7.745034 -0.125702 -1.001151
		vertex 7.745034 -0.125702 -1.001151
		vertex 7.745034 -0.125702 -1.001151
	endloop
endfacet
facet normal 0.000000 1.000000 0.000000
	outer loop
		vertex 7.709567 -0.027507 -1.024882
		vertex 7.745034 -0.125702 -1.001151
		vertex 7.745034 -0.125702 -1.001151
	endloop
endfacet
facet normal 0.000000 1.000000 0.000000
	outer loop
		vertex 7.709567 -0.027507 -1.024882
		vertex 7.709567 -0.027507 -1.024882
		vertex 7.745034 -0.125702 -1.001151
	endloop
endfacet
facet normal 0.000000 1.000000 0.000000
	outer loop
		vertex 7.667006 0.090327 -1.053359
		vertex 7.709567 -0.027507 -1.024882
		vertex 7.709567 -0.027507 -1.024882
	endloop
endfacet
facet normal 0.000000 1.000000 0.000000
	outer loop
		vertex 7.667006 0.090327 -1.053359
		vertex 7.667006 0.090327 -1.053359
		vertex 7.709567 -0.027507 -1.024882
	endloop
endfacet
facet normal 0.000000 1.000000 0.000000
	outer loop
		vertex 7.639447 0.166629 -1.079718
		vertex 7.667006 0.090327 -1.053359
		vertex 7.667006 0.090327 -1.053359
	endloop
endfacet
facet normal 0.000000 1.000000 0.000000
	outer loop
		vertex 7.639447 0.166629 -1.079718
		vertex 7.639447 0.166629 -1.079718
		vertex 7.667006 0.090327 -1.053359
	endloop
endfacet
facet normal 0.000000 1.000000 0.000000
	outer loop
		vertex 7.619225 0.222616 -1.103544
		vertex 7.639447 0.166629 -1.079718
		vertex 7.639447 0.166629 -1.079718
	endloop
endfacet
facet normal 0.000000 1.000000 0.000000
	outer loop
		vertex 7.619225 0.222616 -1.103544
		vertex 7.619225 0.222616 -1.103544
		vertex 7.639447 0.166629 -1.079718
	endloop
endfacet
facet normal 0.000000 1.000000 0.000000
	outer loop
		vertex 7.610474 0.246843 -1.120883
		vertex 7.619225 0.222616 -1.103544
		vertex 7.619225 0.222616 -1.103544
	endloop
endfacet
facet normal 0.000000 1.000000 0.000000
	outer loop
		vertex 7.610474 0.246843 -1.120883
		vertex 7.610474 0.246843 -1.120883
		vertex 7.619225 0.222616 -1.103544
	endloop
endfacet
facet normal 0.000000 1.000000 0.000000
	outer loop
		vertex 7.607235 0.255809 -1.132950
		vertex 7.610474 0.246843 -1.120883
		vertex 7.610474 0.246843 -1.120883
	endloop
endfacet
facet normal 0.000000 1.000000 0.000000
	outer loop
		vertex 7.607235 0.255809 -1.132950
		vertex 7.607235 0.255809 -1.132950
		vertex 7.610474 0.246843 -1.120883
	endloop
endfacet
facet normal 0.084415 -0.257039 0.962707
	outer loop
		vertex 7.829171 0.317396 -1.135967
		vertex 7.607235 0.255809 -1.132950
		vertex 7.824296 0.330892 -1.131936
	endloop
endfacet
facet normal 0.084414 -0.257034 0.962709
	outer loop
		vertex 7.829171 0.317396 -1.135967
		vertex 7.612265 0.241885 -1.137108
		vertex 7.607235 0.255809 -1.132950
	endloop
endfacet
facet normal -0.016461 0.032173 0.999347
	outer loop
		vertex 7.839388 0.289109 -1.134888
		vertex 7.612265 0.241885 -1.137108
		vertex 7.829171 0.317396 -1.135967
	endloop
endfacet
facet normal -0.016461 0.032175 0.999347
	outer loop
		vertex 7.839388 0.289109 -1.134888
		vertex 7.622807 0.212700 -1.135995
		vertex 7.612265 0.241885 -1.137108
	endloop
endfacet
facet normal -0.085934 0.229527 0.969501
	outer loop
		vertex 7.859856 0.232442 -1.119658
		vertex 7.622807 0.212700 -1.135995
		vertex 7.839388 0.289109 -1.134888
	endloop
endfacet
facet normal -0.085934 0.229526 0.969501
	outer loop
		vertex 7.859856 0.232442 -1.119658
		vertex 7.643924 0.154233 -1.120282
		vertex 7.622807 0.212700 -1.135995
	endloop
endfacet
facet normal -0.107663 0.289667 0.951053
	outer loop
		vertex 7.886568 0.158488 -1.094109
		vertex 7.643924 0.154233 -1.120282
		vertex 7.859856 0.232442 -1.119658
	endloop
endfacet
facet normal -0.107663 0.289667 0.951053
	outer loop
		vertex 7.886568 0.158488 -1.094109
		vertex 7.671484 0.077931 -1.093922
		vertex 7.643924 0.154233 -1.120282
	endloop
endfacet
facet normal -0.137445 0.369109 0.919167
	outer loop
		vertex 7.925452 0.050833 -1.045064
		vertex 7.671484 0.077931 -1.093922
		vertex 7.886568 0.158488 -1.094109
	endloop
endfacet
facet normal -0.137445 0.369109 0.919167
	outer loop
		vertex 7.925452 0.050833 -1.045064
		vertex 7.711602 -0.033141 -1.043320
		vertex 7.671484 0.077931 -1.093922
	endloop
endfacet
facet normal -0.137445 0.369109 0.919167
	outer loop
		vertex 7.957856 -0.038880 -1.004193
		vertex 7.711602 -0.033141 -1.043320
		vertex 7.925452 0.050833 -1.045064
	endloop
endfacet
facet normal -0.137445 0.369109 0.919167
	outer loop
		vertex 7.957856 -0.038880 -1.004193
		vertex 7.745034 -0.125702 -1.001151
		vertex 7.711602 -0.033141 -1.043320
	endloop
endfacet
facet normal 0.000000 1.000000 0.000000
	outer loop
		vertex 7.957856 -0.038880 -1.004193
		vertex 7.745034 -0.125702 -1.001151
		vertex 7.957856 -0.038880 -1.004193
	endloop
endfacet
facet normal 0.000000 1.000000 0.000000
	outer loop
		vertex 7.957856 -0.038880 -1.004193
		vertex 7.745034 -0.125702 -1.001151
		vertex 7.745034 -0.125702 -1.001151
	endloop
endfacet
facet normal 0.071645 -0.209778 -0.975121
	outer loop
		vertex 7.923480 0.056294 -1.027193
		vertex 7.745034 -0.125702 -1.001151
		vertex 7.957856 -0.038880 -1.004193
	endloop
endfacet
facet normal 0.071645 -0.209778 -0.975121
	outer loop
		vertex 7.923480 0.056294 -1.027193
		vertex 7.709567 -0.027507 -1.024882
		vertex 7.745034 -0.125702 -1.001151
	endloop
endfacet
facet normal 0.071645 -0.209779 -0.975120
	outer loop
		vertex 7.882228 0.170502 -1.054794
		vertex 7.709567 -0.027507 -1.024882
		vertex 7.923480 0.056294 -1.027193
	endloop
endfacet
facet normal 0.071645 -0.209779 -0.975120
	outer loop
		vertex 7.882228 0.170502 -1.054794
		vertex 7.667006 0.090327 -1.053359
		vertex 7.709567 -0.027507 -1.024882
	endloop
endfacet
facet normal 0.102289 -0.291609 -0.951052
	outer loop
		vertex 7.855516 0.244457 -1.080342
		vertex 7.667006 0.090327 -1.053359
		vertex 7.882228 0.170502 -1.054794
	endloop
endfacet
facet normal 0.102290 -0.291610 -0.951052
	outer loop
		vertex 7.855516 0.244457 -1.080342
		vertex 7.639447 0.166629 -1.079718
		vertex 7.667006 0.090327 -1.053359
	endloop
endfacet
facet normal 0.123554 -0.350463 -0.928391
	outer loop
		vertex 7.835917 0.298721 -1.103435
		vertex 7.639447 0.166629 -1.079718
		vertex 7.855516 0.244457 -1.080342
	endloop
endfacet
facet normal 0.123554 -0.350464 -0.928391
	outer loop
		vertex 7.835917 0.298721 -1.103435
		vertex 7.619225 0.222616 -1.103544
		vertex 7.639447 0.166629 -1.079718
	endloop
endfacet
facet normal 0.185413 -0.526736 -0.829561
	outer loop
		vertex 7.827435 0.322202 -1.120240
		vertex 7.619225 0.222616 -1.103544
		vertex 7.835917 0.298721 -1.103435
	endloop
endfacet
facet normal 0.185412 -0.526734 -0.829562
	outer loop
		vertex 7.827435 0.322202 -1.120240
		vertex 7.610474 0.246843 -1.120883
		vertex 7.619225 0.222616 -1.103544
	endloop
endfacet
facet normal 0.259100 -0.740672 -0.619897
	outer loop
		vertex 7.824296 0.330892 -1.131936
		vertex 7.610474 0.246843 -1.120883
		vertex 7.827435 0.322202 -1.120240
	endloop
endfacet
facet normal 0.259101 -0.740673 -0.619895
	outer loop
		vertex 7.824296 0.330892 -1.131936
		vertex 7.607235 0.255809 -1.132950
		vertex 7.610474 0.246843 -1.120883
	endloop
endfacet
facet normal 0.000000 1.000000 0.000000
	outer loop
		vertex 7.829171 0.317396 -1.135967
		vertex 7.824296 0.330892 -1.131936
		vertex 7.824296 0.330892 -1.131936
	endloop
endfacet
facet normal 0.000000 1.000000 0.000000
	outer loop
		vertex 7.829171 0.317396 -1.135967
		vertex 7.829171 0.317396 -1.135967
		vertex 7.824296 0.330892 -1.131936
	endloop
endfacet
facet normal 0.000000 1.000000 0.000000
	outer loop
		vertex 7.839388 0.289109 -1.134888
		vertex 7.829171 0.317396 -1.135967
		vertex 7.829171 0.317396 -1.135967
	endloop
endfacet
facet normal 0.000000 1.000000 0.000000
	outer loop
		vertex 7.839388 0.289109 -1.134888
		vertex 7.839388 0.289109 -1.134888
		vertex 7.829171 0.317396 -1.135967
	endloop
endfacet
facet normal 0.000000 1.000000 0.000000
	outer loop
		vertex 7.859856 0.232442 -1.119658
		vertex 7.839388 0.289109 -1.134888
		vertex 7.839388 0.289109 -1.134888
	endloop
endfacet
facet normal 0.000000 1.000000 0.000000
	outer loop
		vertex 7.859856 0.232442 -1.119658
		vertex 7.859856 0.232442 -1.119658
		vertex 7.839388 0.289109 -1.134888
	endloop
endfacet
facet normal 0.000000 1.000000 0.000000
	outer loop
		vertex 7.886568 0.158488 -1.094109
		vertex 7.859856 0.232442 -1.119658
		vertex 7.859856 0.232442 -1.119658
	endloop
endfacet
facet normal 0.000000 1.000000 0.000000
	outer loop
		vertex 7.886568 0.158488 -1.094109
		vertex 7.886568 0.158488 -1.094109
		vertex 7.859856 0.232442 -1.119658
	endloop
endfacet
facet normal 0.000000 1.000000 0.000000
	outer loop
		vertex 7.925452 0.050833 -1.045064
		vertex 7.886568 0.158488 -1.094109
		vertex 7.886568 0.158488 -1.094109
	endloop
endfacet
facet normal 0.000000 1.000000 0.000000
	outer loop
		vertex 7.925452 0.050833 -1.045064
		vertex 7.925452 0.050833 -1.045064
		vertex 7.886568 0.158488 -1.094109
	endloop
endfacet
facet normal 0.000000 1.000000 0.000000
	outer loop
		vertex 7.957856 -0.038880 -1.004193
		vertex 7.925452 0.050833 -1.045064
		vertex 7.925452 0.050833 -1.045064
	endloop
endfacet
facet normal 0.000000 1.000000 0.000000
	outer loop
		vertex 7.957856 -0.038880 -1.004193
		vertex 7.957856 -0.038880 -1.004193
		vertex 7.925452 0.050833 -1.045064
	endloop
endfacet
facet normal 0.000000 1.000000 0.000000
	outer loop
		vertex 7.957856 -0.038880 -1.004193
		vertex 7.957856 -0.038880 -1.004193
		vertex 7.957856 -0.038880 -1.004193
	endloop
endfacet
facet normal 0.000000 1.000000 0.000000
	outer loop
		vertex 7.957856 -0.038880 -1.004193
		vertex 7.957856 -0.038880 -1.004193
		vertex 7.957856 -0.038880 -1.004193
	endloop
endfacet
facet normal 0.000000 1.000000 0.000000
	outer loop
		vertex 7.923480 0.056294 -1.027193
		vertex 7.957856 -0.038880 -1.004193
		vertex 7.957856 -0.038880 -1.004193
	endloop
endfacet
facet normal 0.000000 1.000000 0.000000
	outer loop
		vertex 7.923480 0.056294 -1.027193
		vertex 7.923480 0.056294 -1.027193
		vertex 7.957856 -0.038880 -1.004193
	endloop
endfacet
facet normal 0.000000 1.000000 0.000000
	outer loop
		vertex 7.882228 0.170502 -1.054794
		vertex 7.923480 0.056294 -1.027193
		vertex 7.923480 0.056294 -1.027193
	endloop
endfacet
facet normal 0.000000 1.000000 0.000000
	outer loop
		vertex 7.882228 0.170502 -1.054794
		vertex 7.882228 0.170502 -1.054794
		vertex 7.923480 0.056294 -1.027193
	endloop
endfacet
facet normal 0.000000 1.000000 0.000000
	outer loop
		vertex 7.855516 0.244457 -1.080342
		vertex 7.882228 0.170502 -1.054794
		vertex 7.882228 0.170502 -1.054794
	endloop
endfacet
facet normal 0.000000 1.000000 0.000000
	outer loop
		vertex 7.855516 0.244457 -1.080342
		vertex 7.855516 0.244457 -1.080342
		vertex 7.882228 0.170502 -1.054794
	endloop
endfacet
facet normal 0.000000 1.000000 0.000000
	outer loop
		vertex 7.835917 0.298721 -1.103435
		vertex 7.855516 0.244457 -1.080342
		vertex 7.855516 0.244457 -1.080342
	endloop
endfacet
facet normal 0.000000 1.000000 0.000000
	outer loop
		vertex 7.835917 0.298721 -1.103435
		vertex 7.835917 0.298721 -1.103435
		vertex 7.855516 0.244457 -1.080342
	endloop
endfacet
facet normal 0.000000 1.000000 0.000000
	outer loop
		vertex 7.827435 0.322202 -1.120240
		vertex 7.835917 0.298721 -1.103435
		vertex 7.835917 0.298721 -1.103435
	endloop
endfacet
facet normal 0.000000 1.000000 0.000000
	outer loop
		vertex 7.827435 0.322202 -1.120240
		vertex 7.827435 0.322202 -1.120240
		vertex 7.835917 0.298721 -1.103435
	endloop
endfacet
facet normal 0.000000 1.000000 0.000000
	outer loop
		vertex 7.824296 0.330892 -1.131936
		vertex 7.827435 0.322202 -1.120240
		vertex 7.827435 0.322202 -1.120240
	endloop
endfacet
facet normal 0.000000 1.000000 0.000000
	outer loop
		vertex 7.824296 0.330892 -1.131936
		vertex 7.824296 0.330892 -1.131936
		vertex 7.827435 0.322202 -1.120240
	endloop
endfacet
facet normal 0.084414 -0.257035 0.962708
	outer loop
		vertex 8.046078 0.392908 -1.134825
		vertex 7.824296 0.330892 -1.131936
		vertex 8.041358 0.405976 -1.130922
	endloop
endfacet
facet normal 0.084415 -0.257039 0.962707
	outer loop
		vertex 8.046078 0.392908 -1.134825
		vertex 7.829171 0.317396 -1.135967
		vertex 7.824296 0.330892 -1.131936
	endloop
endfacet
facet normal -0.016461 0.032170 0.999347
	outer loop
		vertex 8.055970 0.365519 -1.133780
		vertex 7.829171 0.317396 -1.135967
		vertex 8.046078 0.392908 -1.134825
	endloop
endfacet
facet normal -0.016461 0.032173 0.999347
	outer loop
		vertex 8.055970 0.365519 -1.133780
		vertex 7.839388 0.289109 -1.134888
		vertex 7.829171 0.317396 -1.135967
	endloop
endfacet
facet normal -0.085935 0.229526 0.969501
	outer loop
		vertex 8.075788 0.310651 -1.119034
		vertex 7.839388 0.289109 -1.134888
		vertex 8.055970 0.365519 -1.133780
	endloop
endfacet
facet normal -0.085935 0.229527 0.969501
	outer loop
		vertex 8.075788 0.310651 -1.119034
		vertex 7.859856 0.232442 -1.119658
		vertex 7.839388 0.289109 -1.134888
	endloop
endfacet
facet normal -0.107663 0.289667 0.951053
	outer loop
		vertex 8.101652 0.239044 -1.094296
		vertex 7.859856 0.232442 -1.119658
		vertex 8.075788 0.310651 -1.119034
	endloop
endfacet
facet normal -0.107663 0.289667 0.951053
	outer loop
		vertex 8.101652 0.239044 -1.094296
		vertex 7.886568 0.158488 -1.094109
		vertex 7.859856 0.232442 -1.119658
	endloop
endfacet
facet normal -0.137445 0.369109 0.919167
	outer loop
		vertex 8.139302 0.134807 -1.046808
		vertex 7.886568 0.158488 -1.094109
		vertex 8.101652 0.239044 -1.094296
	endloop
endfacet
facet normal -0.137445 0.369109 0.919167
	outer loop
		vertex 8.139302 0.134807 -1.046808
		vertex 7.925452 0.050833 -1.045064
		vertex 7.886568 0.158488 -1.094109
	endloop
endfacet
facet normal -0.137445 0.369109 0.919167
	outer loop
		vertex 8.170677 0.047942 -1.007234
		vertex 7.925452 0.050833 -1.045064
		vertex 8.139302 0.134807 -1.046808
	endloop
endfacet
facet normal -0.137445 0.369109 0.919167
	outer loop
		vertex 8.170677 0.047942 -1.007234
		vertex 7.957856 -0.038880 -1.004193
		vertex 7.925452 0.050833 -1.045064
	endloop
endfacet
facet normal 0.000000 1.000000 0.000000
	outer loop
		vertex 8.170677 0.047942 -1.007234
		vertex 7.957856 -0.038880 -1.004193
		vertex 8.170677 0.047942 -1.007234
	endloop
endfacet
facet normal 0.000000 1.000000 0.000000
	outer loop
		vertex 8.170677 0.047942 -1.007234
		vertex 7.957856 -0.038880 -1.004193
		vertex 7.957856 -0.038880 -1.004193
	endloop
endfacet
facet normal 0.071645 -0.209778 -0.975121
	outer loop
		vertex 8.137392 0.140095 -1.029504
		vertex 7.957856 -0.038880 -1.004193
		vertex 8.170677 0.047942 -1.007234
	endloop
endfacet
facet normal 0.071645 -0.209778 -0.975121
	outer loop
		vertex 8.137392 0.140095 -1.029504
		vertex 7.923480 0.056294 -1.027193
		vertex 7.957856 -0.038880 -1.004193
	endloop
endfacet
facet normal 0.071645 -0.209779 -0.975120
	outer loop
		vertex 8.097450 0.250677 -1.056229
		vertex 7.923480 0.056294 -1.027193
		vertex 8.137392 0.140095 -1.029504
	endloop
endfacet
facet normal 0.071645 -0.209779 -0.975120
	outer loop
		vertex 8.097450 0.250677 -1.056229
		vertex 7.882228 0.170502 -1.054794
		vertex 7.923480 0.056294 -1.027193
	endloop
endfacet
facet normal 0.102289 -0.291609 -0.951052
	outer loop
		vertex 8.071587 0.322284 -1.080966
		vertex 7.882228 0.170502 -1.054794
		vertex 8.097450 0.250677 -1.056229
	endloop
endfacet
facet normal 0.102289 -0.291609 -0.951053
	outer loop
		vertex 8.071587 0.322284 -1.080966
		vertex 7.855516 0.244457 -1.080342
		vertex 7.882228 0.170502 -1.054794
	endloop
endfacet
facet normal 0.123553 -0.350462 -0.928392
	outer loop
		vertex 8.052608 0.374826 -1.103326
		vertex 7.855516 0.244457 -1.080342
		vertex 8.071587 0.322284 -1.080966
	endloop
endfacet
facet normal 0.123554 -0.350463 -0.928391
	outer loop
		vertex 8.052608 0.374826 -1.103326
		vertex 7.835917 0.298721 -1.103435
		vertex 7.855516 0.244457 -1.080342
	endloop
endfacet
facet normal 0.185414 -0.526740 -0.829558
	outer loop
		vertex 8.044397 0.397561 -1.119598
		vertex 7.835917 0.298721 -1.103435
		vertex 8.052608 0.374826 -1.103326
	endloop
endfacet
facet normal 0.185413 -0.526736 -0.829561
	outer loop
		vertex 8.044397 0.397561 -1.119598
		vertex 7.827435 0.322202 -1.120240
		vertex 7.835917 0.298721 -1.103435
	endloop
endfacet
facet normal 0.259099 -0.740670 -0.619900
	outer loop
		vertex 8.041358 0.405976 -1.130922
		vertex 7.827435 0.322202 -1.120240
		vertex 8.044397 0.397561 -1.119598
	endloop
endfacet
facet normal 0.259100 -0.740672 -0.619897
	outer loop
		vertex 8.041358 0.405976 -1.130922
		vertex 7.824296 0.330892 -1.131936
		vertex 7.827435 0.322202 -1.120240
	endloop
endfacet
facet normal 0.000000 1.000000 0.000000
	outer loop
		vertex 8.046078 0.392908 -1.134825
		vertex 8.041358 0.405976 -1.130922
		vertex 8.041358 0.405976 -1.130922
	endloop
endfacet
facet normal 0.000000 1.000000 0.000000
	outer loop
		vertex 8.046078 0.392908 -1.134825
		vertex 8.046078 0.392908 -1.134825
		vertex 8.041358 0.405976 -1.130922
	endloop
endfacet
facet normal 0.000000 1.000000 0.000000
	outer loop
		vertex 8.055970 0.365519 -1.133780
		vertex 8.046078 0.392908 -1.134825
		vertex 8.046078 0.392908 -1.134825
	endloop
endfacet
facet normal 0.000000 1.000000 0.000000
	outer loop
		vertex 8.055970 0.365519 -1.133780
		vertex 8.055970 0.365519 -1.133780
		vertex 8.046078 0.392908 -1.134825
	endloop
endfacet
facet normal 0.000000 1.000000 0.000000
	outer loop
		vertex 8.075788 0.310651 -1.119034
		vertex 8.055970 0.365519 -1.133780
		vertex 8.055970 0.365519 -1.133780
	endloop
endfacet
facet normal 0.000000 1.000000 0.000000
	outer loop
		vertex 8.075788 0.310651 -1.119034
		vertex 8.075788 0.310651 -1.119034
		vertex 8.055970 0.365519 -1.133780
	endloop
endfacet
facet normal 0.000000 1.000000 0.000000
	outer loop
		vertex 8.101652 0.239044 -1.094296
		vertex 8.075788 0.310651 -1.119034
		vertex 8.075788 0.310651 -1.119034
	endloop
endfacet
facet normal 0.000000 1.000000 0.000000
	outer loop
		vertex 8.101652 0.239044 -1.094296
		vertex 8.101652 0.239044 -1.094296
		vertex 8.075788 0.310651 -1.119034
	endloop
endfacet
facet normal 0.000000 1.000000 0.000000
	outer loop
		vertex 8.139302 0.134807 -1.046808
		vertex 8.101652 0.239044 -1.094296
		vertex 8.101652 0.239044 -1.094296
	endloop
endfacet
facet normal 0.000000 1.000000 0.000000
	outer loop
		vertex 8.139302 0.134807 -1.046808
		vertex 8.139302 0.134807 -1.046808
		vertex 8.101652 0.239044 -1.094296
	endloop
endfacet
facet normal 0.000000 1.000000 0.000000
	outer loop
		vertex 8.170677 0.047942 -1.007234
		vertex 8.139302 0.134807 -1.046808
		vertex 8.139302 0.134807 -1.046808
	endloop
endfacet
facet normal 0.000000 1.000000 0.000000
	outer loop
		vertex 8.170677 0.047942 -1.007234
		vertex 8.170677 0.047942 -1.007234
		vertex 8.139302 0.134807 -1.046808
	endloop
endfacet
facet normal 0.000000 1.000000 0.000000
	outer loop
		vertex 8.170677 0.047942 -1.007234
		vertex 8.170677 0.047942 -1.007234
		vertex 8.170677 0.047942 -1.007234
	endloop
endfacet
facet normal 0.000000 1.000000 0.000000
	outer loop
		vertex 8.170677 0.047942 -1.007234
		vertex 8.170677 0.047942 -1.007234
		vertex 8.170677 0.047942 -1.007234
	endloop
endfacet
facet normal 0.000000 1.000000 0.000000
	outer loop
		vertex 8.137392 0.140095 -1.029504
		vertex 8.170677 0.047942 -1.007234
		vertex 8.170677 0.047942 -1.007234
	endloop
endfacet
facet normal 0.000000 1.000000 0.000000
	outer loop
		vertex 8.137392 0.140095 -1.029504
		vertex 8.137392 0.140095 -1.029504
		vertex 8.170677 0.047942 -1.007234
	endloop
endfacet
facet normal 0.000000 1.000000 0.000000
	outer loop
		vertex 8.097450 0.250677 -1.056229
		vertex 8.137392 0.140095 -1.029504
		vertex 8.137392 0.140095 -1.029504
	endloop
endfacet
facet normal 0.000000 1.000000 0.000000
	outer loop
		vertex 8.097450 0.250677 -1.056229
		vertex 8.097450 0.250677 -1.056229
		vertex 8.137392 0.140095 -1.029504
	endloop
endfacet
facet normal 0.000000 1.000000 0.000000
	outer loop
		vertex 8.071587 0.322284 -1.080966
		vertex 8.097450 0.250677 -1.056229
		vertex 8.097450 0.250677 -1.056229
	endloop
endfacet
facet normal 0.000000 1.000000 0.000000
	outer loop
		vertex 8.071587 0.322284 -1.080966
		vertex 8.071587 0.322284 -1.080966
		vertex 8.097450 0.250677 -1.056229
	endloop
endfacet
facet normal 0.000000 1.000000 0.000000
	outer loop
		vertex 8.052608 0.374826 -1.103326
		vertex 8.071587 0.322284 -1.080966
		vertex 8.071587 0.322284 -1.080966
	endloop
endfacet
facet normal 0.000000 1.000000 0.000000
	outer loop
		vertex 8.052608 0.374826 -1.103326
		vertex 8.052608 0.374826 -1.103326
		vertex 8.071587 0.322284 -1.080966
	endloop
endfacet
facet normal 0.000000 1.000000 0.000000
	outer loop
		vertex 8.044397 0.397561 -1.119598
		vertex 8.052608 0.374826 -1.103326
		vertex 8.052608 0.374826 -1.103326
	endloop
endfacet
facet normal 0.000000 1.000000 0.000000
	outer loop
		vertex 8.044397 0.397561 -1.119598
		vertex 8.044397 0.397561 -1.119598
		vertex 8.052608 0.374826 -1.103326
	endloop
endfacet
facet normal 0.000000 1.000000 0.000000
	outer loop
		vertex 8.041358 0.405976 -1.130922
		vertex 8.044397 0.397561 -1.119598
		vertex 8.044397 0.397561 -1.119598
	endloop
endfacet
facet normal 0.000000 1.000000 0.000000
	outer loop
		vertex 8.041358 0.405976 -1.130922
		vertex 8.041358 0.405976 -1.130922
		vertex 8.044397 0.397561 -1.119598
	endloop
endfacet
facet normal 0.084412 -0.257028 0.962710
	outer loop
		vertex 8.262984 0.468420 -1.133683
		vertex 8.041358 0.405976 -1.130922
		vertex 8.258419 0.481059 -1.129908
	endloop
endfacet
facet normal 0.084414 -0.257035 0.962708
	outer loop
		vertex 8.262984 0.468420 -1.133683
		vertex 8.046078 0.392908 -1.134825
		vertex 8.041358 0.405976 -1.130922
	endloop
endfacet
facet normal -0.016460 0.032172 0.999347
	outer loop
		vertex 8.272552 0.441929 -1.132673
		vertex 8.046078 0.392908 -1.134825
		vertex 8.262984 0.468420 -1.133683
	endloop
endfacet
facet normal -0.016460 0.032170 0.999347
	outer loop
		vertex 8.272552 0.441929 -1.132673
		vertex 8.055970 0.365519 -1.133780
		vertex 8.046078 0.392908 -1.134825
	endloop
endfacet
facet normal -0.085934 0.229525 0.969502
	outer loop
		vertex 8.291720 0.388860 -1.118410
		vertex 8.055970 0.365519 -1.133780
		vertex 8.272552 0.441929 -1.132673
	endloop
endfacet
facet normal -0.085934 0.229527 0.969501
	outer loop
		vertex 8.291720 0.388860 -1.118410
		vertex 8.075788 0.310651 -1.119034
		vertex 8.055970 0.365519 -1.133780
	endloop
endfacet
facet normal -0.107664 0.289669 0.951052
	outer loop
		vertex 8.316736 0.319601 -1.094483
		vertex 8.075788 0.310651 -1.119034
		vertex 8.291720 0.388860 -1.118410
	endloop
endfacet
facet normal -0.107664 0.289667 0.951053
	outer loop
		vertex 8.316736 0.319601 -1.094483
		vertex 8.101652 0.239044 -1.094296
		vertex 8.075788 0.310651 -1.119034
	endloop
endfacet
facet normal -0.137445 0.369109 0.919167
	outer loop
		vertex 8.353151 0.218781 -1.048552
		vertex 8.101652 0.239044 -1.094296
		vertex 8.316736 0.319601 -1.094483
	endloop
endfacet
facet normal -0.137445 0.369108 0.919167
	outer loop
		vertex 8.353151 0.218781 -1.048552
		vertex 8.139302 0.134807 -1.046808
		vertex 8.101652 0.239044 -1.094296
	endloop
endfacet
facet normal -0.137445 0.369107 0.919167
	outer loop
		vertex 8.383498 0.134764 -1.010276
		vertex 8.139302 0.134807 -1.046808
		vertex 8.353151 0.218781 -1.048552
	endloop
endfacet
facet normal -0.137445 0.369109 0.919167
	outer loop
		vertex 8.383498 0.134764 -1.010276
		vertex 8.170677 0.047942 -1.007234
		vertex 8.139302 0.134807 -1.046808
	endloop
endfacet
facet normal 0.000000 1.000000 0.000000
	outer loop
		vertex 8.383498 0.134764 -1.010276
		vertex 8.170677 0.047942 -1.007234
		vertex 8.383498 0.134764 -1.010276
	endloop
endfacet
facet normal 0.000000 1.000000 0.000000
	outer loop
		vertex 8.383498 0.134764 -1.010276
		vertex 8.170677 0.047942 -1.007234
		vertex 8.170677 0.047942 -1.007234
	endloop
endfacet
facet normal 0.071645 -0.209779 -0.975120
	outer loop
		vertex 8.351305 0.223895 -1.031816
		vertex 8.170677 0.047942 -1.007234
		vertex 8.383498 0.134764 -1.010276
	endloop
endfacet
facet normal 0.071645 -0.209778 -0.975121
	outer loop
		vertex 8.351305 0.223895 -1.031816
		vertex 8.137392 0.140095 -1.029504
		vertex 8.170677 0.047942 -1.007234
	endloop
endfacet
facet normal 0.071645 -0.209778 -0.975121
	outer loop
		vertex 8.312673 0.330852 -1.057664
		vertex 8.137392 0.140095 -1.029504
		vertex 8.351305 0.223895 -1.031816
	endloop
endfacet
facet normal 0.071645 -0.209779 -0.975120
	outer loop
		vertex 8.312673 0.330852 -1.057664
		vertex 8.097450 0.250677 -1.056229
		vertex 8.137392 0.140095 -1.029504
	endloop
endfacet
facet normal 0.102289 -0.291609 -0.951053
	outer loop
		vertex 8.287657 0.400111 -1.081590
		vertex 8.097450 0.250677 -1.056229
		vertex 8.312673 0.330852 -1.057664
	endloop
endfacet
facet normal 0.102290 -0.291609 -0.951052
	outer loop
		vertex 8.287657 0.400111 -1.081590
		vertex 8.071587 0.322284 -1.080966
		vertex 8.097450 0.250677 -1.056229
	endloop
endfacet
facet normal 0.123555 -0.350465 -0.928390
	outer loop
		vertex 8.269301 0.450930 -1.103217
		vertex 8.071587 0.322284 -1.080966
		vertex 8.287657 0.400111 -1.081590
	endloop
endfacet
facet normal 0.123553 -0.350462 -0.928392
	outer loop
		vertex 8.269301 0.450930 -1.103217
		vertex 8.052608 0.374826 -1.103326
		vertex 8.071587 0.322284 -1.080966
	endloop
endfacet
facet normal 0.185411 -0.526733 -0.829563
	outer loop
		vertex 8.261358 0.472921 -1.118955
		vertex 8.052608 0.374826 -1.103326
		vertex 8.269301 0.450930 -1.103217
	endloop
endfacet
facet normal 0.185415 -0.526740 -0.829558
	outer loop
		vertex 8.261358 0.472921 -1.118955
		vertex 8.044397 0.397561 -1.119598
		vertex 8.052608 0.374826 -1.103326
	endloop
endfacet
facet normal 0.259103 -0.740677 -0.619890
	outer loop
		vertex 8.258419 0.481059 -1.129908
		vertex 8.044397 0.397561 -1.119598
		vertex 8.261358 0.472921 -1.118955
	endloop
endfacet
facet normal 0.259099 -0.740670 -0.619900
	outer loop
		vertex 8.258419 0.481059 -1.129908
		vertex 8.041358 0.405976 -1.130922
		vertex 8.044397 0.397561 -1.119598
	endloop
endfacet
facet normal 0.000000 1.000000 0.000000
	outer loop
		vertex 8.262984 0.468420 -1.133683
		vertex 8.258419 0.481059 -1.129908
		vertex 8.258419 0.481059 -1.129908
	endloop
endfacet
facet normal 0.000000 1.000000 0.000000
	outer loop
		vertex 8.262984 0.468420 -1.133683
		vertex 8.262984 0.468420 -1.133683
		vertex 8.258419 0.481059 -1.129908
	endloop
endfacet
facet normal 0.000000 1.000000 0.000000
	outer loop
		vertex 8.272552 0.441929 -1.132673
		vertex 8.262984 0.468420 -1.133683
		vertex 8.262984 0.468420 -1.133683
	endloop
endfacet
facet normal 0.000000 1.000000 0.000000
	outer loop
		vertex 8.272552 0.441929 -1.132673
		vertex 8.272552 0.441929 -1.132673
		vertex 8.262984 0.468420 -1.133683
	endloop
endfacet
facet normal 0.000000 1.000000 0.000000
	outer loop
		vertex 8.291720 0.388860 -1.118410
		vertex 8.272552 0.441929 -1.132673
		vertex 8.272552 0.441929 -1.132673
	endloop
endfacet
facet normal 0.000000 1.000000 0.000000
	outer loop
		vertex 8.291720 0.388860 -1.118410
		vertex 8.291720 0.388860 -1.118410
		vertex 8.272552 0.441929 -1.132673
	endloop
endfacet
facet normal 0.000000 1.000000 0.000000
	outer loop
		vertex 8.316736 0.319601 -1.094483
		vertex 8.291720 0.388860 -1.118410
		vertex 8.291720 0.388860 -1.118410
	endloop
endfacet
facet normal 0.000000 1.000000 0.000000
	outer loop
		vertex 8.316736 0.319601 -1.094483
		vertex 8.316736 0.319601 -1.094483
		vertex 8.291720 0.388860 -1.118410
	endloop
endfacet
facet normal 0.000000 1.000000 0.000000
	outer loop
		vertex 8.353151 0.218781 -1.048552
		vertex 8.316736 0.319601 -1.094483
		vertex 8.316736 0.319601 -1.094483
	endloop
endfacet
facet normal 0.000000 1.000000 0.000000
	outer loop
		vertex 8.353151 0.218781 -1.048552
		vertex 8.353151 0.218781 -1.048552
		vertex 8.316736 0.319601 -1.094483
	endloop
endfacet
facet normal 0.000000 1.000000 0.000000
	outer loop
		vertex 8.383498 0.134764 -1.010276
		vertex 8.353151 0.218781 -1.048552
		vertex 8.353151 0.218781 -1.048552
	endloop
endfacet
facet normal 0.000000 1.000000 0.000000
	outer loop
		vertex 8.383498 0.134764 -1.010276
		vertex 8.383498 0.134764 -1.010276
		vertex 8.353151 0.218781 -1.048552
	endloop
endfacet
facet normal 0.000000 1.000000 0.000000
	outer loop
		vertex 8.383498 0.134764 -1.010276
		vertex 8.383498 0.134764 -1.010276
		vertex 8.383498 0.134764 -1.010276
	endloop
endfacet
facet normal 0.000000 1.000000 0.000000
	outer loop
		vertex 8.383498 0.134764 -1.010276
		vertex 8.383498 0.134764 -1.010276
		vertex 8.383498 0.134764 -1.010276
	endloop
endfacet
facet normal 0.000000 1.000000 0.000000
	outer loop
		vertex 8.351305 0.223895 -1.031816
		vertex 8.383498 0.134764 -1.010276
		vertex 8.383498 0.134764 -1.010276
	endloop
endfacet
facet normal 0.000000 1.000000 0.000000
	outer loop
		vertex 8.351305 0.223895 -1.031816
		vertex 8.351305 0.223895 -1.031816
		vertex 8.383498 0.134764 -1.010276
	endloop
endfacet
facet normal 0.000000 1.000000 0.000000
	outer loop
		vertex 8.312673 0.330852 -1.057664
		vertex 8.351305 0.223895 -1.031816
		vertex 8.351305 0.223895 -1.031816
	endloop
endfacet
facet normal 0.000000 1.000000 0.000000
	outer loop
		vertex 8.312673 0.330852 -1.057664
		vertex 8.312673 0.330852 -1.057664
		vertex 8.351305 0.223895 -1.031816
	endloop
endfacet
facet normal 0.000000 1.000000 0.000000
	outer loop
		vertex 8.287657 0.400111 -1.081590
		vertex 8.312673 0.330852 -1.057664
		vertex 8.312673 0.330852 -1.057664
	endloop
endfacet
facet normal 0.000000 1.000000 0.000000
	outer loop
		vertex 8.287657 0.400111 -1.081590
		vertex 8.287657 0.400111 -1.081590
		vertex 8.312673 0.330852 -1.057664
	endloop
endfacet
facet normal 0.000000 1.000000 0.000000
	outer loop
		vertex 8.269301 0.450930 -1.103217
		vertex 8.287657 0.400111 -1.081590
		vertex 8.287657 0.400111 -1.081590
	endloop
endfacet
facet normal 0.000000 1.000000 0.000000
	outer loop
		vertex 8.269301 0.450930 -1.103217
		vertex 8.269301 0.450930 -1.103217
		vertex 8.287657 0.400111 -1.081590
	endloop
endfacet
facet normal 0.000000 1.000000 0.000000
	outer loop
		vertex 8.261358 0.472921 -1.118955
		vertex 8.269301 0.450930 -1.103217
		vertex 8.269301 0.450930 -1.103217
	endloop
endfacet
facet normal 0.000000 1.000000 0.000000
	outer loop
		vertex 8.261358 0.472921 -1.118955
		vertex 8.261358 0.472921 -1.118955
		vertex 8.269301 0.450930 -1.103217
	endloop
endfacet
facet normal 0.000000 1.000000 0.000000
	outer loop
		vertex 8.258419 0.481059 -1.129908
		vertex 8.261358 0.472921 -1.118955
		vertex 8.261358 0.472921 -1.118955
	endloop
endfacet
facet normal 0.000000 1.000000 0.000000
	outer loop
		vertex 8.258419 0.481059 -1.129908
		vertex 8.258419 0.481059 -1.129908
		vertex 8.261358 0.472921 -1.118955
	endloop
endfacet
facet normal 0.084414 -0.257035 0.962708
	outer loop
		vertex 8.479890 0.543932 -1.132541
		vertex 8.258419 0.481059 -1.129908
		vertex 8.475480 0.556142 -1.128894
	endloop
endfacet
facet normal 0.084412 -0.257028 0.962710
	outer loop
		vertex 8.479890 0.543932 -1.132541
		vertex 8.262984 0.468420 -1.133683
		vertex 8.258419 0.481059 -1.129908
	endloop
endfacet
facet normal -0.016461 0.032173 0.999347
	outer loop
		vertex 8.489134 0.518339 -1.131565
		vertex 8.262984 0.468420 -1.133683
		vertex 8.479890 0.543932 -1.132541
	endloop
endfacet
facet normal -0.016461 0.032172 0.999347
	outer loop
		vertex 8.489134 0.518339 -1.131565
		vertex 8.272552 0.441929 -1.132673
		vertex 8.262984 0.468420 -1.133683
	endloop
endfacet
facet normal -0.085934 0.229524 0.969502
	outer loop
		vertex 8.507652 0.467068 -1.117786
		vertex 8.272552 0.441929 -1.132673
		vertex 8.489134 0.518339 -1.131565
	endloop
endfacet
facet normal -0.085934 0.229525 0.969502
	outer loop
		vertex 8.507652 0.467068 -1.117786
		vertex 8.291720 0.388860 -1.118410
		vertex 8.272552 0.441929 -1.132673
	endloop
endfacet
facet normal -0.107664 0.289668 0.951052
	outer loop
		vertex 8.531820 0.400157 -1.094670
		vertex 8.291720 0.388860 -1.118410
		vertex 8.507652 0.467068 -1.117786
	endloop
endfacet
facet normal -0.107664 0.289669 0.951052
	outer loop
		vertex 8.531820 0.400157 -1.094670
		vertex 8.316736 0.319601 -1.094483
		vertex 8.291720 0.388860 -1.118410
	endloop
endfacet
facet normal -0.137445 0.369109 0.919167
	outer loop
		vertex 8.567001 0.302755 -1.050296
		vertex 8.316736 0.319601 -1.094483
		vertex 8.531820 0.400157 -1.094670
	endloop
endfacet
facet normal -0.137445 0.369109 0.919167
	outer loop
		vertex 8.567001 0.302755 -1.050296
		vertex 8.353151 0.218781 -1.048552
		vertex 8.316736 0.319601 -1.094483
	endloop
endfacet
facet normal -0.137444 0.369108 0.919167
	outer loop
		vertex 8.596319 0.221587 -1.013317
		vertex 8.353151 0.218781 -1.048552
		vertex 8.567001 0.302755 -1.050296
	endloop
endfacet
facet normal -0.137444 0.369108 0.919167
	outer loop
		vertex 8.596319 0.221587 -1.013317
		vertex 8.383498 0.134764 -1.010276
		vertex 8.353151 0.218781 -1.048552
	endloop
endfacet
facet normal 0.000000 1.000000 0.000000
	outer loop
		vertex 8.596319 0.221587 -1.013317
		vertex 8.383498 0.134764 -1.010276
		vertex 8.596319 0.221587 -1.013317
	endloop
endfacet
facet normal 0.000000 1.000000 0.000000
	outer loop
		vertex 8.596319 0.221587 -1.013317
		vertex 8.383498 0.134764 -1.010276
		vertex 8.383498 0.134764 -1.010276
	endloop
endfacet
facet normal 0.071645 -0.209779 -0.975120
	outer loop
		vertex 8.565217 0.307696 -1.034127
		vertex 8.383498 0.134764 -1.010276
		vertex 8.596319 0.221587 -1.013317
	endloop
endfacet
facet normal 0.071645 -0.209779 -0.975120
	outer loop
		vertex 8.565217 0.307696 -1.034127
		vertex 8.351305 0.223895 -1.031816
		vertex 8.383498 0.134764 -1.010276
	endloop
endfacet
facet normal 0.071645 -0.209778 -0.975121
	outer loop
		vertex 8.527894 0.411027 -1.059099
		vertex 8.351305 0.223895 -1.031816
		vertex 8.565217 0.307696 -1.034127
	endloop
endfacet
facet normal 0.071645 -0.209778 -0.975121
	outer loop
		vertex 8.527894 0.411027 -1.059099
		vertex 8.312673 0.330852 -1.057664
		vertex 8.351305 0.223895 -1.031816
	endloop
endfacet
facet normal 0.102289 -0.291608 -0.951053
	outer loop
		vertex 8.503726 0.477939 -1.082214
		vertex 8.312673 0.330852 -1.057664
		vertex 8.527894 0.411027 -1.059099
	endloop
endfacet
facet normal 0.102289 -0.291609 -0.951053
	outer loop
		vertex 8.503726 0.477939 -1.082214
		vertex 8.287657 0.400111 -1.081590
		vertex 8.312673 0.330852 -1.057664
	endloop
endfacet
facet normal 0.123555 -0.350465 -0.928390
	outer loop
		vertex 8.485993 0.527035 -1.103108
		vertex 8.287657 0.400111 -1.081590
		vertex 8.503726 0.477939 -1.082214
	endloop
endfacet
facet normal 0.123554 -0.350465 -0.928391
	outer loop
		vertex 8.485993 0.527035 -1.103108
		vertex 8.269301 0.450930 -1.103217
		vertex 8.287657 0.400111 -1.081590
	endloop
endfacet
facet normal 0.185412 -0.526733 -0.829563
	outer loop
		vertex 8.478319 0.548280 -1.118313
		vertex 8.269301 0.450930 -1.103217
		vertex 8.485993 0.527035 -1.103108
	endloop
endfacet
facet normal 0.185412 -0.526733 -0.829563
	outer loop
		vertex 8.478319 0.548280 -1.118313
		vertex 8.261358 0.472921 -1.118955
		vertex 8.269301 0.450930 -1.103217
	endloop
endfacet
facet normal 0.259104 -0.740680 -0.619885
	outer loop
		vertex 8.475480 0.556142 -1.128894
		vertex 8.261358 0.472921 -1.118955
		vertex 8.478319 0.548280 -1.118313
	endloop
endfacet
facet normal 0.259102 -0.740678 -0.619889
	outer loop
		vertex 8.475480 0.556142 -1.128894
		vertex 8.258419 0.481059 -1.129908
		vertex 8.261358 0.472921 -1.118955
	endloop
endfacet
facet normal 0.000000 1.000000 0.000000
	outer loop
		vertex 8.479890 0.543932 -1.132541
		vertex 8.475480 0.556142 -1.128894
		vertex 8.475480 0.556142 -1.128894
	endloop
endfacet
facet normal 0.000000 1.000000 0.000000
	outer loop
		vertex 8.479890 0.543932 -1.132541
		vertex 8.479890 0.543932 -1.132541
		vertex 8.475480 0.556142 -1.128894
	endloop
endfacet
facet normal 0.000000 1.000000 0.000000
	outer loop
		vertex 8.489134 0.518339 -1.131565
		vertex 8.479890 0.543932 -1.132541
		vertex 8.479890 0.543932 -1.132541
	endloop
endfacet
facet normal 0.000000 1.000000 0.000000
	outer loop
		vertex 8.489134 0.518339 -1.131565
		vertex 8.489134 0.518339 -1.131565
		vertex 8.479890 0.543932 -1.132541
	endloop
endfacet
facet normal 0.000000 1.000000 0.000000
	outer loop
		vertex 8.507652 0.467068 -1.117786
		vertex 8.489134 0.518339 -1.131565
		vertex 8.489134 0.518339 -1.131565
	endloop
endfacet
facet normal 0.000000 1.000000 0.000000
	outer loop
		vertex 8.507652 0.467068 -1.117786
		vertex 8.507652 0.467068 -1.117786
		vertex 8.489134 0.518339 -1.131565
	endloop
endfacet
facet normal 0.000000 1.000000 0.000000
	outer loop
		vertex 8.531820 0.400157 -1.094670
		vertex 8.507652 0.467068 -1.117786
		vertex 8.507652 0.467068 -1.117786
	endloop
endfacet
facet normal 0.000000 1.000000 0.000000
	outer loop
		vertex 8.531820 0.400157 -1.094670
		vertex 8.531820 0.400157 -1.094670
		vertex 8.507652 0.467068 -1.117786
	endloop
endfacet
facet normal 0.000000 1.000000 0.000000
	outer loop
		vertex 8.567001 0.302755 -1.050296
		vertex 8.531820 0.400157 -1.094670
		vertex 8.531820 0.400157 -1.094670
	endloop
endfacet
facet normal 0.000000 1.000000 0.000000
	outer loop
		vertex 8.567001 0.302755 -1.050296
		vertex 8.567001 0.302755 -1.050296
		vertex 8.531820 0.400157 -1.094670
	endloop
endfacet
facet normal 0.000000 1.000000 0.000000
	outer loop
		vertex 8.596319 0.221587 -1.013317
		vertex 8.567001 0.302755 -1.050296
		vertex 8.567001 0.302755 -1.050296
	endloop
endfacet
facet normal 0.000000 1.000000 0.000000
	outer loop
		vertex 8.596319 0.221587 -1.013317
		vertex 8.596319 0.221587 -1.013317
		vertex 8.567001 0.302755 -1.050296
	endloop
endfacet
facet normal 0.000000 1.000000 0.000000
	outer loop
		vertex 8.596319 0.221587 -1.013317
		vertex 8.596319 0.221587 -1.013317
		vertex 8.596319 0.221587 -1.013317
	endloop
endfacet
facet normal 0.000000 1.000000 0.000000
	outer loop
		vertex 8.596319 0.221587 -1.013317
		vertex 8.596319 0.221587 -1.013317
		vertex 8.596319 0.221587 -1.013317
	endloop
endfacet
facet normal 0.000000 1.000000 0.000000
	outer loop
		vertex 8.565217 0.307696 -1.034127
		vertex 8.596319 0.221587 -1.013317
		vertex 8.596319 0.221587 -1.013317
	endloop
endfacet
facet normal 0.000000 1.000000 0.000000
	outer loop
		vertex 8.565217 0.307696 -1.034127
		vertex 8.565217 0.307696 -1.034127
		vertex 8.596319 0.221587 -1.013317
	endloop
endfacet
facet normal 0.000000 1.000000 0.000000
	outer loop
		vertex 8.527894 0.411027 -1.059099
		vertex 8.565217 0.307696 -1.034127
		vertex 8.565217 0.307696 -1.034127
	endloop
endfacet
facet normal 0.000000 1.000000 0.000000
	outer loop
		vertex 8.527894 0.411027 -1.059099
		vertex 8.527894 0.411027 -1.059099
		vertex 8.565217 0.307696 -1.034127
	endloop
endfacet
facet normal 0.000000 1.000000 0.000000
	outer loop
		vertex 8.503726 0.477939 -1.082214
		vertex 8.527894 0.411027 -1.059099
		vertex 8.527894 0.411027 -1.059099
	endloop
endfacet
facet normal 0.000000 1.000000 0.000000
	outer loop
		vertex 8.503726 0.477939 -1.082214
		vertex 8.503726 0.477939 -1.082214
		vertex 8.527894 0.411027 -1.059099
	endloop
endfacet
facet normal 0.000000 1.000000 0.000000
	outer loop
		vertex 8.485993 0.527035 -1.103108
		vertex 8.503726 0.477939 -1.082214
		vertex 8.503726 0.477939 -1.082214
	endloop
endfacet
facet normal 0.000000 1.000000 0.000000
	outer loop
		vertex 8.485993 0.527035 -1.103108
		vertex 8.485993 0.527035 -1.103108
		vertex 8.503726 0.477939 -1.082214
	endloop
endfacet
facet normal 0.000000 1.000000 0.000000
	outer loop
		vertex 8.478319 0.548280 -1.118313
		vertex 8.485993 0.527035 -1.103108
		vertex 8.485993 0.527035 -1.103108
	endloop
endfacet
facet normal 0.000000 1.000000 0.000000
	outer loop
		vertex 8.478319 0.548280 -1.118313
		vertex 8.478319 0.548280 -1.118313
		vertex 8.485993 0.527035 -1.103108
	endloop
endfacet
facet normal 0.000000 1.000000 0.000000
	outer loop
		vertex 8.475480 0.556142 -1.128894
		vertex 8.478319 0.548280 -1.118313
		vertex 8.478319 0.548280 -1.118313
	endloop
endfacet
facet normal 0.000000 1.000000 0.000000
	outer loop
		vertex 8.475480 0.556142 -1.128894
		vertex 8.475480 0.556142 -1.128894
		vertex 8.478319 0.548280 -1.118313
	endloop
endfacet
facet normal 0.084415 -0.257037 0.962708
	outer loop
		vertex 8.696796 0.619443 -1.131399
		vertex 8.475480 0.556142 -1.128894
		vertex 8.692541 0.631226 -1.127880
	endloop
endfacet
facet normal 0.084414 -0.257035 0.962708
	outer loop
		vertex 8.696796 0.619443 -1.131399
		vertex 8.479890 0.543932 -1.132541
		vertex 8.475480 0.556142 -1.128894
	endloop
endfacet
facet normal -0.016460 0.032170 0.999347
	outer loop
		vertex 8.705716 0.594748 -1.130458
		vertex 8.479890 0.543932 -1.132541
		vertex 8.696796 0.619443 -1.131399
	endloop
endfacet
facet normal -0.016461 0.032173 0.999347
	outer loop
		vertex 8.705716 0.594748 -1.130458
		vertex 8.489134 0.518339 -1.131565
		vertex 8.479890 0.543932 -1.132541
	endloop
endfacet
facet normal -0.085934 0.229525 0.969502
	outer loop
		vertex 8.723585 0.545277 -1.117162
		vertex 8.489134 0.518339 -1.131565
		vertex 8.705716 0.594748 -1.130458
	endloop
endfacet
facet normal -0.085933 0.229524 0.969502
	outer loop
		vertex 8.723585 0.545277 -1.117162
		vertex 8.507652 0.467068 -1.117786
		vertex 8.489134 0.518339 -1.131565
	endloop
endfacet
facet normal -0.107664 0.289669 0.951052
	outer loop
		vertex 8.746904 0.480714 -1.094857
		vertex 8.507652 0.467068 -1.117786
		vertex 8.723585 0.545277 -1.117162
	endloop
endfacet
facet normal -0.107664 0.289668 0.951052
	outer loop
		vertex 8.746904 0.480714 -1.094857
		vertex 8.531820 0.400157 -1.094670
		vertex 8.507652 0.467068 -1.117786
	endloop
endfacet
facet normal -0.137445 0.369108 0.919167
	outer loop
		vertex 8.780851 0.386729 -1.052040
		vertex 8.531820 0.400157 -1.094670
		vertex 8.746904 0.480714 -1.094857
	endloop
endfacet
facet normal -0.137445 0.369109 0.919167
	outer loop
		vertex 8.780851 0.386729 -1.052040
		vertex 8.567001 0.302755 -1.050296
		vertex 8.531820 0.400157 -1.094670
	endloop
endfacet
facet normal -0.137445 0.369109 0.919167
	outer loop
		vertex 8.809140 0.308409 -1.016359
		vertex 8.567001 0.302755 -1.050296
		vertex 8.780851 0.386729 -1.052040
	endloop
endfacet
facet normal -0.137445 0.369108 0.919167
	outer loop
		vertex 8.809140 0.308409 -1.016359
		vertex 8.596319 0.221587 -1.013317
		vertex 8.567001 0.302755 -1.050296
	endloop
endfacet
facet normal 0.000000 1.000000 0.000000
	outer loop
		vertex 8.809140 0.308409 -1.016359
		vertex 8.596319 0.221587 -1.013317
		vertex 8.809140 0.308409 -1.016359
	endloop
endfacet
facet normal 0.000000 1.000000 0.000000
	outer loop
		vertex 8.809140 0.308409 -1.016359
		vertex 8.596319 0.221587 -1.013317
		vertex 8.596319 0.221587 -1.013317
	endloop
endfacet
facet normal 0.071645 -0.209779 -0.975120
	outer loop
		vertex 8.779129 0.391497 -1.036438
		vertex 8.596319 0.221587 -1.013317
		vertex 8.809140 0.308409 -1.016359
	endloop
endfacet
facet normal 0.071645 -0.209779 -0.975120
	outer loop
		vertex 8.779129 0.391497 -1.036438
		vertex 8.565217 0.307696 -1.034127
		vertex 8.596319 0.221587 -1.013317
	endloop
endfacet
facet normal 0.071645 -0.209779 -0.975120
	outer loop
		vertex 8.743116 0.491203 -1.060534
		vertex 8.565217 0.307696 -1.034127
		vertex 8.779129 0.391497 -1.036438
	endloop
endfacet
facet normal 0.071645 -0.209778 -0.975121
	outer loop
		vertex 8.743116 0.491203 -1.060534
		vertex 8.527894 0.411027 -1.059099
		vertex 8.565217 0.307696 -1.034127
	endloop
endfacet
facet normal 0.102289 -0.291608 -0.951053
	outer loop
		vertex 8.719796 0.555766 -1.082839
		vertex 8.527894 0.411027 -1.059099
		vertex 8.743116 0.491203 -1.060534
	endloop
endfacet
facet normal 0.102289 -0.291608 -0.951053
	outer loop
		vertex 8.719796 0.555766 -1.082839
		vertex 8.503726 0.477939 -1.082214
		vertex 8.527894 0.411027 -1.059099
	endloop
endfacet
facet normal 0.123554 -0.350464 -0.928391
	outer loop
		vertex 8.702685 0.603140 -1.102999
		vertex 8.503726 0.477939 -1.082214
		vertex 8.719796 0.555766 -1.082839
	endloop
endfacet
facet normal 0.123555 -0.350465 -0.928390
	outer loop
		vertex 8.702685 0.603140 -1.102999
		vertex 8.485993 0.527035 -1.103108
		vertex 8.503726 0.477939 -1.082214
	endloop
endfacet
facet normal 0.185413 -0.526737 -0.829560
	outer loop
		vertex 8.695281 0.623639 -1.117670
		vertex 8.485993 0.527035 -1.103108
		vertex 8.702685 0.603140 -1.102999
	endloop
endfacet
facet normal 0.185412 -0.526733 -0.829563
	outer loop
		vertex 8.695281 0.623639 -1.117670
		vertex 8.478319 0.548280 -1.118313
		vertex 8.485993 0.527035 -1.103108
	endloop
endfacet
facet normal 0.259101 -0.740675 -0.619893
	outer loop
		vertex 8.692541 0.631226 -1.127880
		vertex 8.478319 0.548280 -1.118313
		vertex 8.695281 0.623639 -1.117670
	endloop
endfacet
facet normal 0.259103 -0.740680 -0.619886
	outer loop
		vertex 8.692541 0.631226 -1.127880
		vertex 8.475480 0.556142 -1.128894
		vertex 8.478319 0.548280 -1.118313
	endloop
endfacet
facet normal -0.940530 -0.339711 0.000104
	outer loop
		vertex 8.705716 0.594748 -1.130458
		vertex 8.696796 0.619443 -1.131399
		vertex 8.692541 0.631226 -1.127880
	endloop
endfacet
facet normal -0.940531 -0.339707 0.000041
	outer loop
		vertex 8.723585 0.545277 -1.117162
		vertex 8.705716 0.594748 -1.130458
		vertex 8.692541 0.631226 -1.127880
	endloop
endfacet
facet normal -0.940528 -0.339716 -0.000035
	outer loop
		vertex 8.746904 0.480714 -1.094857
		vertex 8.723585 0.545277 -1.117162
		vertex 8.692541 0.631226 -1.127880
	endloop
endfacet
facet normal -0.940533 -0.339703 0.000031
	outer loop
		vertex 8.809140 0.308409 -1.016359
		vertex 8.746904 0.480714 -1.094857
		vertex 8.692541 0.631226 -1.127880
	endloop
endfacet
facet normal 0.000000 1.000000 0.000000
	outer loop
		vertex 8.809140 0.308409 -1.016359
		vertex 8.809140 0.308409 -1.016359
		vertex 8.692541 0.631226 -1.127880
	endloop
endfacet
facet normal -0.940529 -0.339713 -0.000003
	outer loop
		vertex 8.743116 0.491203 -1.060534
		vertex 8.809140 0.308409 -1.016359
		vertex 8.692541 0.631226 -1.127880
	endloop
endfacet
facet normal -0.940523 -0.339731 -0.000045
	outer loop
		vertex 8.719796 0.555766 -1.082839
		vertex 8.743116 0.491203 -1.060534
		vertex 8.692541 0.631226 -1.127880
	endloop
endfacet
facet normal -0.940529 -0.339713 -0.000011
	outer loop
		vertex 8.702685 0.603140 -1.102999
		vertex 8.719796 0.555766 -1.082839
		vertex 8.692541 0.631226 -1.127880
	endloop
endfacet
facet normal -0.940510 -0.339765 -0.000078
	outer loop
		vertex 8.695281 0.623639 -1.117670
		vertex 8.702685 0.603140 -1.102999
		vertex 8.692541 0.631226 -1.127880
	endloop
endfacet
facet normal 0.180394 0.201625 0.962707
	outer loop
		vertex 6.323412 -0.155959 -1.141676
		vertex 6.486248 -0.319109 -1.138019
		vertex 6.312693 -0.168670 -1.137005
	endloop
endfacet
facet normal 0.180392 0.201622 0.962708
	outer loop
		vertex 6.323412 -0.155959 -1.141676
		vertex 6.497260 -0.306050 -1.142817
		vertex 6.486248 -0.319109 -1.138019
	endloop
endfacet
facet normal -0.019633 -0.030343 0.999347
	outer loop
		vertex 6.345878 -0.129318 -1.140425
		vertex 6.497260 -0.306050 -1.142817
		vertex 6.323412 -0.155959 -1.141676
	endloop
endfacet
facet normal -0.019632 -0.030342 0.999347
	outer loop
		vertex 6.345878 -0.129318 -1.140425
		vertex 6.520342 -0.278678 -1.141533
		vertex 6.497260 -0.306050 -1.142817
	endloop
endfacet
facet normal -0.155808 -0.189184 0.969502
	outer loop
		vertex 6.390885 -0.075948 -1.122778
		vertex 6.520342 -0.278678 -1.141533
		vertex 6.345878 -0.129318 -1.140425
	endloop
endfacet
facet normal -0.155808 -0.189184 0.969502
	outer loop
		vertex 6.390885 -0.075948 -1.122778
		vertex 6.566582 -0.223846 -1.123402
		vertex 6.520342 -0.278678 -1.141533
	endloop
endfacet
facet normal -0.197027 -0.238073 0.951053
	outer loop
		vertex 6.449622 -0.006296 -1.093174
		vertex 6.566582 -0.223846 -1.123402
		vertex 6.390885 -0.075948 -1.122778
	endloop
endfacet
facet normal -0.197028 -0.238073 0.951052
	outer loop
		vertex 6.449622 -0.006296 -1.093174
		vertex 6.626927 -0.152286 -1.092987
		vertex 6.566582 -0.223846 -1.123402
	endloop
endfacet
facet normal -0.250936 -0.303585 0.919167
	outer loop
		vertex 6.535124 0.095095 -1.036344
		vertex 6.626927 -0.152286 -1.092987
		vertex 6.449622 -0.006296 -1.093174
	endloop
endfacet
facet normal -0.250935 -0.303585 0.919167
	outer loop
		vertex 6.535124 0.095095 -1.036344
		vertex 6.714773 -0.048117 -1.034600
		vertex 6.626927 -0.152286 -1.092987
	endloop
endfacet
facet normal -0.250935 -0.303585 0.919167
	outer loop
		vertex 6.606376 0.179588 -0.988985
		vertex 6.714773 -0.048117 -1.034600
		vertex 6.535124 0.095095 -1.036344
	endloop
endfacet
facet normal -0.250936 -0.303585 0.919167
	outer loop
		vertex 6.606376 0.179588 -0.988985
		vertex 6.787977 0.038691 -0.985944
		vertex 6.714773 -0.048117 -1.034600
	endloop
endfacet
facet normal 0.000000 1.000000 0.000000
	outer loop
		vertex 6.606376 0.179588 -0.988985
		vertex 6.787977 0.038691 -0.985944
		vertex 6.606376 0.179588 -0.988985
	endloop
endfacet
facet normal 0.000000 1.000000 0.000000
	outer loop
		vertex 6.606376 0.179588 -0.988985
		vertex 6.787977 0.038691 -0.985944
		vertex 6.787977 0.038691 -0.985944
	endloop
endfacet
facet normal 0.145851 0.166935 -0.975120
	outer loop
		vertex 6.530787 0.089952 -1.015636
		vertex 6.787977 0.038691 -0.985944
		vertex 6.606376 0.179588 -0.988985
	endloop
endfacet
facet normal 0.145851 0.166935 -0.975121
	outer loop
		vertex 6.530787 0.089952 -1.015636
		vertex 6.710316 -0.053401 -1.013325
		vertex 6.787977 0.038691 -0.985944
	endloop
endfacet
facet normal 0.145851 0.166936 -0.975120
	outer loop
		vertex 6.440079 -0.017612 -1.047618
		vertex 6.710316 -0.053401 -1.013325
		vertex 6.530787 0.089952 -1.015636
	endloop
endfacet
facet normal 0.145851 0.166936 -0.975120
	outer loop
		vertex 6.440079 -0.017612 -1.047618
		vertex 6.617124 -0.163912 -1.046183
		vertex 6.710316 -0.053401 -1.013325
	endloop
endfacet
facet normal 0.201396 0.234389 -0.951053
	outer loop
		vertex 6.381342 -0.087263 -1.077222
		vertex 6.617124 -0.163912 -1.046183
		vertex 6.440079 -0.017612 -1.047618
	endloop
endfacet
facet normal 0.201396 0.234390 -0.951052
	outer loop
		vertex 6.381342 -0.087263 -1.077222
		vertex 6.556778 -0.235472 -1.076598
		vertex 6.617124 -0.163912 -1.046183
	endloop
endfacet
facet normal 0.241734 0.282233 -0.928391
	outer loop
		vertex 6.338244 -0.138370 -1.103981
		vertex 6.556778 -0.235472 -1.076598
		vertex 6.381342 -0.087263 -1.077222
	endloop
endfacet
facet normal 0.241734 0.282232 -0.928391
	outer loop
		vertex 6.338244 -0.138370 -1.103981
		vertex 6.512499 -0.287979 -1.104090
		vertex 6.556778 -0.235472 -1.076598
	endloop
endfacet
facet normal 0.363459 0.423938 -0.829562
	outer loop
		vertex 6.319595 -0.160485 -1.123453
		vertex 6.512499 -0.287979 -1.104090
		vertex 6.338244 -0.138370 -1.103981
	endloop
endfacet
facet normal 0.363460 0.423940 -0.829561
	outer loop
		vertex 6.319595 -0.160485 -1.123453
		vertex 6.493339 -0.310700 -1.124096
		vertex 6.512499 -0.287979 -1.104090
	endloop
endfacet
facet normal 0.511894 0.594727 -0.619891
	outer loop
		vertex 6.312693 -0.168670 -1.137005
		vertex 6.493339 -0.310700 -1.124096
		vertex 6.319595 -0.160485 -1.123453
	endloop
endfacet
facet normal 0.511892 0.594725 -0.619894
	outer loop
		vertex 6.312693 -0.168670 -1.137005
		vertex 6.486248 -0.319109 -1.138019
		vertex 6.493339 -0.310700 -1.124096
	endloop
endfacet
facet normal 0.000000 1.000000 0.000000
	outer loop
		vertex 6.323412 -0.155959 -1.141676
		vertex 6.312693 -0.168670 -1.137005
		vertex 6.312693 -0.168670 -1.137005
	endloop
endfacet
facet normal 0.000000 1.000000 0.000000
	outer loop
		vertex 6.323412 -0.155959 -1.141676
		vertex 6.323412 -0.155959 -1.141676
		vertex 6.312693 -0.168670 -1.137005
	endloop
endfacet
facet normal 0.000000 1.000000 0.000000
	outer loop
		vertex 6.345878 -0.129318 -1.140425
		vertex 6.323412 -0.155959 -1.141676
		vertex 6.323412 -0.155959 -1.141676
	endloop
endfacet
facet normal 0.000000 1.000000 0.000000
	outer loop
		vertex 6.345878 -0.129318 -1.140425
		vertex 6.345878 -0.129318 -1.140425
		vertex 6.323412 -0.155959 -1.141676
	endloop
endfacet
facet normal 0.000000 1.000000 0.000000
	outer loop
		vertex 6.390885 -0.075948 -1.122778
		vertex 6.345878 -0.129318 -1.140425
		vertex 6.345878 -0.129318 -1.140425
	endloop
endfacet
facet normal 0.000000 1.000000 0.000000
	outer loop
		vertex 6.390885 -0.075948 -1.122778
		vertex 6.390885 -0.075948 -1.122778
		vertex 6.345878 -0.129318 -1.140425
	endloop
endfacet
facet normal 0.000000 1.000000 0.000000
	outer loop
		vertex 6.449622 -0.006296 -1.093174
		vertex 6.390885 -0.075948 -1.122778
		vertex 6.390885 -0.075948 -1.122778
	endloop
endfacet
facet normal 0.000000 1.000000 0.000000
	outer loop
		vertex 6.449622 -0.006296 -1.093174
		vertex 6.449622 -0.006296 -1.093174
		vertex 6.390885 -0.075948 -1.122778
	endloop
endfacet
facet normal 0.000000 1.000000 0.000000
	outer loop
		vertex 6.535124 0.095095 -1.036344
		vertex 6.449622 -0.006296 -1.093174
		vertex 6.449622 -0.006296 -1.093174
	endloop
endfacet
facet normal 0.000000 1.000000 0.000000
	outer loop
		vertex 6.535124 0.095095 -1.036344
		vertex 6.535124 0.095095 -1.036344
		vertex 6.449622 -0.006296 -1.093174
	endloop
endfacet
facet normal 0.000000 1.000000 0.000000
	outer loop
		vertex 6.606376 0.179588 -0.988985
		vertex 6.535124 0.095095 -1.036344
		vertex 6.535124 0.095095 -1.036344
	endloop
endfacet
facet normal 0.000000 1.000000 0.000000
	outer loop
		vertex 6.606376 0.179588 -0.988985
		vertex 6.606376 0.179588 -0.988985
		vertex 6.535124 0.095095 -1.036344
	endloop
endfacet
facet normal 0.000000 1.000000 0.000000
	outer loop
		vertex 6.606376 0.179588 -0.988985
		vertex 6.606376 0.179588 -0.988985
		vertex 6.606376 0.179588 -0.988985
	endloop
endfacet
facet normal 0.000000 1.000000 0.000000
	outer loop
		vertex 6.606376 0.179588 -0.988985
		vertex 6.606376 0.179588 -0.988985
		vertex 6.606376 0.179588 -0.988985
	endloop
endfacet
facet normal 0.000000 1.000000 0.000000
	outer loop
		vertex 6.530787 0.089952 -1.015636
		vertex 6.606376 0.179588 -0.988985
		vertex 6.606376 0.179588 -0.988985
	endloop
endfacet
facet normal 0.000000 1.000000 0.000000
	outer loop
		vertex 6.530787 0.089952 -1.015636
		vertex 6.530787 0.089952 -1.015636
		vertex 6.606376 0.179588 -0.988985
	endloop
endfacet
facet normal 0.000000 1.000000 0.000000
	outer loop
		vertex 6.440079 -0.017612 -1.047618
		vertex 6.530787 0.089952 -1.015636
		vertex 6.530787 0.089952 -1.015636
	endloop
endfacet
facet normal 0.000000 1.000000 0.000000
	outer loop
		vertex 6.440079 -0.017612 -1.047618
		vertex 6.440079 -0.017612 -1.047618
		vertex 6.530787 0.089952 -1.015636
	endloop
endfacet
facet normal 0.000000 1.000000 0.000000
	outer loop
		vertex 6.381342 -0.087263 -1.077222
		vertex 6.440079 -0.017612 -1.047618
		vertex 6.440079 -0.017612 -1.047618
	endloop
endfacet
facet normal 0.000000 1.000000 0.000000
	outer loop
		vertex 6.381342 -0.087263 -1.077222
		vertex 6.381342 -0.087263 -1.077222
		vertex 6.440079 -0.017612 -1.047618
	endloop
endfacet
facet normal 0.000000 1.000000 0.000000
	outer loop
		vertex 6.338244 -0.138370 -1.103981
		vertex 6.381342 -0.087263 -1.077222
		vertex 6.381342 -0.087263 -1.077222
	endloop
endfacet
facet normal 0.000000 1.000000 0.000000
	outer loop
		vertex 6.338244 -0.138370 -1.103981
		vertex 6.338244 -0.138370 -1.103981
		vertex 6.381342 -0.087263 -1.077222
	endloop
endfacet
facet normal 0.000000 1.000000 0.000000
	outer loop
		vertex 6.319595 -0.160485 -1.123453
		vertex 6.338244 -0.138370 -1.103981
		vertex 6.338244 -0.138370 -1.103981
	endloop
endfacet
facet normal 0.000000 1.000000 0.000000
	outer loop
		vertex 6.319595 -0.160485 -1.123453
		vertex 6.319595 -0.160485 -1.123453
		vertex 6.338244 -0.138370 -1.103981
	endloop
endfacet
facet normal 0.000000 1.000000 0.000000
	outer loop
		vertex 6.312693 -0.168670 -1.137005
		vertex 6.319595 -0.160485 -1.123453
		vertex 6.319595 -0.160485 -1.123453
	endloop
endfacet
facet normal 0.000000 1.000000 0.000000
	outer loop
		vertex 6.312693 -0.168670 -1.137005
		vertex 6.312693 -0.168670 -1.137005
		vertex 6.319595 -0.160485 -1.123453
	endloop
endfacet
facet normal 0.180388 0.201619 0.962710
	outer loop
		vertex 6.149564 -0.005869 -1.140534
		vertex 6.312693 -0.168670 -1.137005
		vertex 6.139138 -0.018231 -1.135991
	endloop
endfacet
facet normal 0.180394 0.201625 0.962707
	outer loop
		vertex 6.149564 -0.005869 -1.140534
		vertex 6.323412 -0.155959 -1.141676
		vertex 6.312693 -0.168670 -1.137005
	endloop
endfacet
facet normal -0.019631 -0.030341 0.999347
	outer loop
		vertex 6.171414 0.020043 -1.139318
		vertex 6.323412 -0.155959 -1.141676
		vertex 6.149564 -0.005869 -1.140534
	endloop
endfacet
facet normal -0.019633 -0.030343 0.999347
	outer loop
		vertex 6.171414 0.020043 -1.139318
		vertex 6.345878 -0.129318 -1.140425
		vertex 6.323412 -0.155959 -1.141676
	endloop
endfacet
facet normal -0.155809 -0.189184 0.969501
	outer loop
		vertex 6.215188 0.071951 -1.122154
		vertex 6.345878 -0.129318 -1.140425
		vertex 6.171414 0.020043 -1.139318
	endloop
endfacet
facet normal -0.155808 -0.189184 0.969502
	outer loop
		vertex 6.215188 0.071951 -1.122154
		vertex 6.390885 -0.075948 -1.122778
		vertex 6.345878 -0.129318 -1.140425
	endloop
endfacet
facet normal -0.197027 -0.238073 0.951053
	outer loop
		vertex 6.272316 0.139694 -1.093361
		vertex 6.390885 -0.075948 -1.122778
		vertex 6.215188 0.071951 -1.122154
	endloop
endfacet
facet normal -0.197027 -0.238073 0.951053
	outer loop
		vertex 6.272316 0.139694 -1.093361
		vertex 6.449622 -0.006296 -1.093174
		vertex 6.390885 -0.075948 -1.122778
	endloop
endfacet
facet normal -0.250936 -0.303586 0.919166
	outer loop
		vertex 6.355475 0.238308 -1.038088
		vertex 6.449622 -0.006296 -1.093174
		vertex 6.272316 0.139694 -1.093361
	endloop
endfacet
facet normal -0.250935 -0.303586 0.919167
	outer loop
		vertex 6.355475 0.238308 -1.038088
		vertex 6.535124 0.095095 -1.036344
		vertex 6.449622 -0.006296 -1.093174
	endloop
endfacet
facet normal -0.250935 -0.303585 0.919167
	outer loop
		vertex 6.424776 0.320486 -0.992027
		vertex 6.535124 0.095095 -1.036344
		vertex 6.355475 0.238308 -1.038088
	endloop
endfacet
facet normal -0.250935 -0.303585 0.919167
	outer loop
		vertex 6.424776 0.320486 -0.992027
		vertex 6.606376 0.179588 -0.988985
		vertex 6.535124 0.095095 -1.036344
	endloop
endfacet
facet normal 0.000000 1.000000 0.000000
	outer loop
		vertex 6.424776 0.320486 -0.992027
		vertex 6.606376 0.179588 -0.988985
		vertex 6.424776 0.320486 -0.992027
	endloop
endfacet
facet normal 0.000000 1.000000 0.000000
	outer loop
		vertex 6.424776 0.320486 -0.992027
		vertex 6.606376 0.179588 -0.988985
		vertex 6.606376 0.179588 -0.988985
	endloop
endfacet
facet normal 0.145851 0.166936 -0.975120
	outer loop
		vertex 6.351257 0.233305 -1.017948
		vertex 6.606376 0.179588 -0.988985
		vertex 6.424776 0.320486 -0.992027
	endloop
endfacet
facet normal 0.145851 0.166935 -0.975121
	outer loop
		vertex 6.351257 0.233305 -1.017948
		vertex 6.530787 0.089952 -1.015636
		vertex 6.606376 0.179588 -0.988985
	endloop
endfacet
facet normal 0.145851 0.166935 -0.975121
	outer loop
		vertex 6.263034 0.128689 -1.049053
		vertex 6.530787 0.089952 -1.015636
		vertex 6.351257 0.233305 -1.017948
	endloop
endfacet
facet normal 0.145851 0.166936 -0.975120
	outer loop
		vertex 6.263034 0.128689 -1.049053
		vertex 6.440079 -0.017612 -1.047618
		vertex 6.530787 0.089952 -1.015636
	endloop
endfacet
facet normal 0.201396 0.234390 -0.951052
	outer loop
		vertex 6.205907 0.060945 -1.077846
		vertex 6.440079 -0.017612 -1.047618
		vertex 6.263034 0.128689 -1.049053
	endloop
endfacet
facet normal 0.201396 0.234389 -0.951053
	outer loop
		vertex 6.205907 0.060945 -1.077846
		vertex 6.381342 -0.087263 -1.077222
		vertex 6.440079 -0.017612 -1.047618
	endloop
endfacet
facet normal 0.241733 0.282233 -0.928391
	outer loop
		vertex 6.163990 0.011238 -1.103872
		vertex 6.381342 -0.087263 -1.077222
		vertex 6.205907 0.060945 -1.077846
	endloop
endfacet
facet normal 0.241734 0.282234 -0.928391
	outer loop
		vertex 6.163990 0.011238 -1.103872
		vertex 6.338244 -0.138370 -1.103981
		vertex 6.381342 -0.087263 -1.077222
	endloop
endfacet
facet normal 0.363460 0.423941 -0.829561
	outer loop
		vertex 6.145851 -0.010271 -1.122811
		vertex 6.338244 -0.138370 -1.103981
		vertex 6.163990 0.011238 -1.103872
	endloop
endfacet
facet normal 0.363459 0.423939 -0.829562
	outer loop
		vertex 6.145851 -0.010271 -1.122811
		vertex 6.319595 -0.160485 -1.123453
		vertex 6.338244 -0.138370 -1.103981
	endloop
endfacet
facet normal 0.511891 0.594724 -0.619895
	outer loop
		vertex 6.139138 -0.018231 -1.135991
		vertex 6.319595 -0.160485 -1.123453
		vertex 6.145851 -0.010271 -1.122811
	endloop
endfacet
facet normal 0.511893 0.594727 -0.619891
	outer loop
		vertex 6.139138 -0.018231 -1.135991
		vertex 6.312693 -0.168670 -1.137005
		vertex 6.319595 -0.160485 -1.123453
	endloop
endfacet
facet normal 0.000000 1.000000 0.000000
	outer loop
		vertex 6.149564 -0.005869 -1.140534
		vertex 6.139138 -0.018231 -1.135991
		vertex 6.139138 -0.018231 -1.135991
	endloop
endfacet
facet normal 0.000000 1.000000 0.000000
	outer loop
		vertex 6.149564 -0.005869 -1.140534
		vertex 6.149564 -0.005869 -1.140534
		vertex 6.139138 -0.018231 -1.135991
	endloop
endfacet
facet normal 0.000000 1.000000 0.000000
	outer loop
		vertex 6.171414 0.020043 -1.139318
		vertex 6.149564 -0.005869 -1.140534
		vertex 6.149564 -0.005869 -1.140534
	endloop
endfacet
facet normal 0.000000 1.000000 0.000000
	outer loop
		vertex 6.171414 0.020043 -1.139318
		vertex 6.171414 0.020043 -1.139318
		vertex 6.149564 -0.005869 -1.140534
	endloop
endfacet
facet normal 0.000000 1.000000 0.000000
	outer loop
		vertex 6.215188 0.071951 -1.122154
		vertex 6.171414 0.020043 -1.139318
		vertex 6.171414 0.020043 -1.139318
	endloop
endfacet
facet normal 0.000000 1.000000 0.000000
	outer loop
		vertex 6.215188 0.071951 -1.122154
		vertex 6.215188 0.071951 -1.122154
		vertex 6.171414 0.020043 -1.139318
	endloop
endfacet
facet normal 0.000000 1.000000 0.000000
	outer loop
		vertex 6.272316 0.139694 -1.093361
		vertex 6.215188 0.071951 -1.122154
		vertex 6.215188 0.071951 -1.122154
	endloop
endfacet
facet normal 0.000000 1.000000 0.000000
	outer loop
		vertex 6.272316 0.139694 -1.093361
		vertex 6.272316 0.139694 -1.093361
		vertex 6.215188 0.071951 -1.122154
	endloop
endfacet
facet normal 0.000000 1.000000 0.000000
	outer loop
		vertex 6.355475 0.238308 -1.038088
		vertex 6.272316 0.139694 -1.093361
		vertex 6.272316 0.139694 -1.093361
	endloop
endfacet
facet normal 0.000000 1.000000 0.000000
	outer loop
		vertex 6.355475 0.238308 -1.038088
		vertex 6.355475 0.238308 -1.038088
		vertex 6.272316 0.139694 -1.093361
	endloop
endfacet
facet normal 0.000000 1.000000 0.000000
	outer loop
		vertex 6.424776 0.320486 -0.992027
		vertex 6.355475 0.238308 -1.038088
		vertex 6.355475 0.238308 -1.038088
	endloop
endfacet
facet normal 0.000000 1.000000 0.000000
	outer loop
		vertex 6.424776 0.320486 -0.992027
		vertex 6.424776 0.320486 -0.992027
		vertex 6.355475 0.238308 -1.038088
	endloop
endfacet
facet normal 0.000000 1.000000 0.000000
	outer loop
		vertex 6.424776 0.320486 -0.992027
		vertex 6.424776 0.320486 -0.992027
		vertex 6.424776 0.320486 -0.992027
	endloop
endfacet
facet normal 0.000000 1.000000 0.000000
	outer loop
		vertex 6.424776 0.320486 -0.992027
		vertex 6.424776 0.320486 -0.992027
		vertex 6.424776 0.320486 -0.992027
	endloop
endfacet
facet normal 0.000000 1.000000 0.000000
	outer loop
		vertex 6.351257 0.233305 -1.017948
		vertex 6.424776 0.320486 -0.992027
		vertex 6.424776 0.320486 -0.992027
	endloop
endfacet
facet normal 0.000000 1.000000 0.000000
	outer loop
		vertex 6.351257 0.233305 -1.017948
		vertex 6.351257 0.233305 -1.017948
		vertex 6.424776 0.320486 -0.992027
	endloop
endfacet
facet normal 0.000000 1.000000 0.000000
	outer loop
		vertex 6.263034 0.128689 -1.049053
		vertex 6.351257 0.233305 -1.017948
		vertex 6.351257 0.233305 -1.017948
	endloop
endfacet
facet normal 0.000000 1.000000 0.000000
	outer loop
		vertex 6.263034 0.128689 -1.049053
		vertex 6.263034 0.128689 -1.049053
		vertex 6.351257 0.233305 -1.017948
	endloop
endfacet
facet normal 0.000000 1.000000 0.000000
	outer loop
		vertex 6.205907 0.060945 -1.077846
		vertex 6.263034 0.128689 -1.049053
		vertex 6.263034 0.128689 -1.049053
	endloop
endfacet
facet normal 0.000000 1.000000 0.000000
	outer loop
		vertex 6.205907 0.060945 -1.077846
		vertex 6.205907 0.060945 -1.077846
		vertex 6.263034 0.128689 -1.049053
	endloop
endfacet
facet normal 0.000000 1.000000 0.000000
	outer loop
		vertex 6.163990 0.011238 -1.103872
		vertex 6.205907 0.060945 -1.077846
		vertex 6.205907 0.060945 -1.077846
	endloop
endfacet
facet normal 0.000000 1.000000 0.000000
	outer loop
		vertex 6.163990 0.011238 -1.103872
		vertex 6.163990 0.011238 -1.103872
		vertex 6.205907 0.060945 -1.077846
	endloop
endfacet
facet normal 0.000000 1.000000 0.000000
	outer loop
		vertex 6.145851 -0.010271 -1.122811
		vertex 6.163990 0.011238 -1.103872
		vertex 6.163990 0.011238 -1.103872
	endloop
endfacet
facet normal 0.000000 1.000000 0.000000
	outer loop
		vertex 6.145851 -0.010271 -1.122811
		vertex 6.145851 -0.010271 -1.122811
		vertex 6.163990 0.011238 -1.103872
	endloop
endfacet
facet normal 0.000000 1.000000 0.000000
	outer loop
		vertex 6.139138 -0.018231 -1.135991
		vertex 6.145851 -0.010271 -1.122811
		vertex 6.145851 -0.010271 -1.122811
	endloop
endfacet
facet normal 0.000000 1.000000 0.000000
	outer loop
		vertex 6.139138 -0.018231 -1.135991
		vertex 6.139138 -0.018231 -1.135991
		vertex 6.145851 -0.010271 -1.122811
	endloop
endfacet
facet normal 0.179322 0.202527 0.962718
	outer loop
		vertex 5.975852 0.144384 -1.139786
		vertex 6.139138 -0.018231 -1.135991
		vertex 5.965620 0.132250 -1.135327
	endloop
endfacet
facet normal 0.179320 0.202524 0.962719
	outer loop
		vertex 5.975852 0.144384 -1.139786
		vertex 6.149564 -0.005869 -1.140534
		vertex 6.139138 -0.018231 -1.135991
	endloop
endfacet
facet normal -0.020968 -0.029216 0.999353
	outer loop
		vertex 5.997300 0.169818 -1.138592
		vertex 6.149564 -0.005869 -1.140534
		vertex 5.975852 0.144384 -1.139786
	endloop
endfacet
facet normal -0.020967 -0.029215 0.999353
	outer loop
		vertex 5.997300 0.169818 -1.138592
		vertex 6.171414 0.020043 -1.139318
		vertex 6.149564 -0.005869 -1.140534
	endloop
endfacet
facet normal -0.157484 -0.187772 0.969505
	outer loop
		vertex 6.040266 0.220768 -1.121745
		vertex 6.171414 0.020043 -1.139318
		vertex 5.997300 0.169818 -1.138592
	endloop
endfacet
facet normal -0.157484 -0.187773 0.969505
	outer loop
		vertex 6.040266 0.220768 -1.121745
		vertex 6.215188 0.071951 -1.122154
		vertex 6.171414 0.020043 -1.139318
	endloop
endfacet
facet normal -0.198947 -0.236457 0.951056
	outer loop
		vertex 6.096339 0.287261 -1.093483
		vertex 6.215188 0.071951 -1.122154
		vertex 6.040266 0.220768 -1.121745
	endloop
endfacet
facet normal -0.198946 -0.236457 0.951057
	outer loop
		vertex 6.096339 0.287261 -1.093483
		vertex 6.272316 0.139694 -1.093361
		vertex 6.215188 0.071951 -1.122154
	endloop
endfacet
facet normal -0.253444 -0.301473 0.919174
	outer loop
		vertex 6.177965 0.384055 -1.039230
		vertex 6.272316 0.139694 -1.093361
		vertex 6.096339 0.287261 -1.093483
	endloop
endfacet
facet normal -0.253445 -0.301473 0.919173
	outer loop
		vertex 6.177965 0.384055 -1.039230
		vertex 6.355475 0.238308 -1.038088
		vertex 6.272316 0.139694 -1.093361
	endloop
endfacet
facet normal -0.253445 -0.301473 0.919173
	outer loop
		vertex 6.245986 0.464717 -0.994019
		vertex 6.355475 0.238308 -1.038088
		vertex 6.177965 0.384055 -1.039230
	endloop
endfacet
facet normal -0.253444 -0.301473 0.919174
	outer loop
		vertex 6.245986 0.464717 -0.994019
		vertex 6.424776 0.320486 -0.992027
		vertex 6.355475 0.238308 -1.038088
	endloop
endfacet
facet normal 0.000000 1.000000 0.000000
	outer loop
		vertex 6.245986 0.464717 -0.994019
		vertex 6.424776 0.320486 -0.992027
		vertex 6.245986 0.464717 -0.994019
	endloop
endfacet
facet normal 0.000000 1.000000 0.000000
	outer loop
		vertex 6.245986 0.464717 -0.994019
		vertex 6.424776 0.320486 -0.992027
		vertex 6.424776 0.320486 -0.992027
	endloop
endfacet
facet normal 0.145663 0.167094 -0.975121
	outer loop
		vertex 6.173824 0.379145 -1.019462
		vertex 6.424776 0.320486 -0.992027
		vertex 6.245986 0.464717 -0.994019
	endloop
endfacet
facet normal 0.145663 0.167095 -0.975121
	outer loop
		vertex 6.173824 0.379145 -1.019462
		vertex 6.351257 0.233305 -1.017948
		vertex 6.424776 0.320486 -0.992027
	endloop
endfacet
facet normal 0.145663 0.167095 -0.975121
	outer loop
		vertex 6.087230 0.276459 -1.049993
		vertex 6.351257 0.233305 -1.017948
		vertex 6.173824 0.379145 -1.019462
	endloop
endfacet
facet normal 0.145663 0.167094 -0.975121
	outer loop
		vertex 6.087230 0.276459 -1.049993
		vertex 6.263034 0.128689 -1.049053
		vertex 6.351257 0.233305 -1.017948
	endloop
endfacet
facet normal 0.201807 0.234043 -0.951051
	outer loop
		vertex 6.031157 0.209965 -1.078255
		vertex 6.263034 0.128689 -1.049053
		vertex 6.087230 0.276459 -1.049993
	endloop
endfacet
facet normal 0.201807 0.234043 -0.951051
	outer loop
		vertex 6.031157 0.209965 -1.078255
		vertex 6.205907 0.060945 -1.077846
		vertex 6.263034 0.128689 -1.049053
	endloop
endfacet
facet normal 0.242381 0.281684 -0.928389
	outer loop
		vertex 5.990012 0.161176 -1.103800
		vertex 6.205907 0.060945 -1.077846
		vertex 6.031157 0.209965 -1.078255
	endloop
endfacet
facet normal 0.242381 0.281685 -0.928388
	outer loop
		vertex 5.990012 0.161176 -1.103800
		vertex 6.163990 0.011238 -1.103872
		vertex 6.205907 0.060945 -1.077846
	endloop
endfacet
facet normal 0.364361 0.423176 -0.829556
	outer loop
		vertex 5.972208 0.140063 -1.122390
		vertex 6.163990 0.011238 -1.103872
		vertex 5.990012 0.161176 -1.103800
	endloop
endfacet
facet normal 0.364362 0.423176 -0.829556
	outer loop
		vertex 5.972208 0.140063 -1.122390
		vertex 6.145851 -0.010271 -1.122811
		vertex 6.163990 0.011238 -1.103872
	endloop
endfacet
facet normal 0.512755 0.593990 -0.619886
	outer loop
		vertex 5.965620 0.132250 -1.135327
		vertex 6.145851 -0.010271 -1.122811
		vertex 5.972208 0.140063 -1.122390
	endloop
endfacet
facet normal 0.512753 0.593988 -0.619889
	outer loop
		vertex 5.965620 0.132250 -1.135327
		vertex 6.139138 -0.018231 -1.135991
		vertex 6.145851 -0.010271 -1.122811
	endloop
endfacet
facet normal 0.000000 1.000000 0.000000
	outer loop
		vertex 5.975852 0.144384 -1.139786
		vertex 5.965620 0.132250 -1.135327
		vertex 5.965620 0.132250 -1.135327
	endloop
endfacet
facet normal 0.000000 1.000000 0.000000
	outer loop
		vertex 5.975852 0.144384 -1.139786
		vertex 5.975852 0.144384 -1.139786
		vertex 5.965620 0.132250 -1.135327
	endloop
endfacet
facet normal 0.000000 1.000000 0.000000
	outer loop
		vertex 5.997300 0.169818 -1.138592
		vertex 5.975852 0.144384 -1.139786
		vertex 5.975852 0.144384 -1.139786
	endloop
endfacet
facet normal 0.000000 1.000000 0.000000
	outer loop
		vertex 5.997300 0.169818 -1.138592
		vertex 5.997300 0.169818 -1.138592
		vertex 5.975852 0.144384 -1.139786
	endloop
endfacet
facet normal 0.000000 1.000000 0.000000
	outer loop
		vertex 6.040266 0.220768 -1.121745
		vertex 5.997300 0.169818 -1.138592
		vertex 5.997300 0.169818 -1.138592
	endloop
endfacet
facet normal 0.000000 1.000000 0.000000
	outer loop
		vertex 6.040266 0.220768 -1.121745
		vertex 6.040266 0.220768 -1.121745
		vertex 5.997300 0.169818 -1.138592
	endloop
endfacet
facet normal 0.000000 1.000000 0.000000
	outer loop
		vertex 6.096339 0.287261 -1.093483
		vertex 6.040266 0.220768 -1.121745
		vertex 6.040266 0.220768 -1.121745
	endloop
endfacet
facet normal 0.000000 1.000000 0.000000
	outer loop
		vertex 6.096339 0.287261 -1.093483
		vertex 6.096339 0.287261 -1.093483
		vertex 6.040266 0.220768 -1.121745
	endloop
endfacet
facet normal 0.000000 1.000000 0.000000
	outer loop
		vertex 6.177965 0.384055 -1.039230
		vertex 6.096339 0.287261 -1.093483
		vertex 6.096339 0.287261 -1.093483
	endloop
endfacet
facet normal 0.000000 1.000000 0.000000
	outer loop
		vertex 6.177965 0.384055 -1.039230
		vertex 6.177965 0.384055 -1.039230
		vertex 6.096339 0.287261 -1.093483
	endloop
endfacet
facet normal 0.000000 1.000000 0.000000
	outer loop
		vertex 6.245986 0.464717 -0.994019
		vertex 6.177965 0.384055 -1.039230
		vertex 6.177965 0.384055 -1.039230
	endloop
endfacet
facet normal 0.000000 1.000000 0.000000
	outer loop
		vertex 6.245986 0.464717 -0.994019
		vertex 6.245986 0.464717 -0.994019
		vertex 6.177965 0.384055 -1.039230
	endloop
endfacet
facet normal 0.000000 1.000000 0.000000
	outer loop
		vertex 6.245986 0.464717 -0.994019
		vertex 6.245986 0.464717 -0.994019
		vertex 6.245986 0.464717 -0.994019
	endloop
endfacet
facet normal 0.000000 1.000000 0.000000
	outer loop
		vertex 6.245986 0.464717 -0.994019
		vertex 6.245986 0.464717 -0.994019
		vertex 6.245986 0.464717 -0.994019
	endloop
endfacet
facet normal 0.000000 1.000000 0.000000
	outer loop
		vertex 6.173824 0.379145 -1.019462
		vertex 6.245986 0.464717 -0.994019
		vertex 6.245986 0.464717 -0.994019
	endloop
endfacet
facet normal 0.000000 1.000000 0.000000
	outer loop
		vertex 6.173824 0.379145 -1.019462
		vertex 6.173824 0.379145 -1.019462
		vertex 6.245986 0.464717 -0.994019
	endloop
endfacet
facet normal 0.000000 1.000000 0.000000
	outer loop
		vertex 6.087230 0.276459 -1.049993
		vertex 6.173824 0.379145 -1.019462
		vertex 6.173824 0.379145 -1.019462
	endloop
endfacet
facet normal 0.000000 1.000000 0.000000
	outer loop
		vertex 6.087230 0.276459 -1.049993
		vertex 6.087230 0.276459 -1.049993
		vertex 6.173824 0.379145 -1.019462
	endloop
endfacet
facet normal 0.000000 1.000000 0.000000
	outer loop
		vertex 6.031157 0.209965 -1.078255
		vertex 6.087230 0.276459 -1.049993
		vertex 6.087230 0.276459 -1.049993
	endloop
endfacet
facet normal 0.000000 1.000000 0.000000
	outer loop
		vertex 6.031157 0.209965 -1.078255
		vertex 6.031157 0.209965 -1.078255
		vertex 6.087230 0.276459 -1.049993
	endloop
endfacet
facet normal 0.000000 1.000000 0.000000
	outer loop
		vertex 5.990012 0.161176 -1.103800
		vertex 6.031157 0.209965 -1.078255
		vertex 6.031157 0.209965 -1.078255
	endloop
endfacet
facet normal 0.000000 1.000000 0.000000
	outer loop
		vertex 5.990012 0.161176 -1.103800
		vertex 5.990012 0.161176 -1.103800
		vertex 6.031157 0.209965 -1.078255
	endloop
endfacet
facet normal 0.000000 1.000000 0.000000
	outer loop
		vertex 5.972208 0.140063 -1.122390
		vertex 5.990012 0.161176 -1.103800
		vertex 5.990012 0.161176 -1.103800
	endloop
endfacet
facet normal 0.000000 1.000000 0.000000
	outer loop
		vertex 5.972208 0.140063 -1.122390
		vertex 5.972208 0.140063 -1.122390
		vertex 5.990012 0.161176 -1.103800
	endloop
endfacet
facet normal 0.000000 1.000000 0.000000
	outer loop
		vertex 5.965620 0.132250 -1.135327
		vertex 5.972208 0.140063 -1.122390
		vertex 5.972208 0.140063 -1.122390
	endloop
endfacet
facet normal 0.000000 1.000000 0.000000
	outer loop
		vertex 5.965620 0.132250 -1.135327
		vertex 5.965620 0.132250 -1.135327
		vertex 5.972208 0.140063 -1.122390
	endloop
endfacet
facet normal 0.181462 0.200719 0.962696
	outer loop
		vertex 5.801867 0.294312 -1.138250
		vertex 5.965620 0.132250 -1.135327
		vertex 5.792029 0.282646 -1.133963
	endloop
endfacet
facet normal 0.181460 0.200716 0.962697
	outer loop
		vertex 5.801867 0.294312 -1.138250
		vertex 5.975852 0.144384 -1.139786
		vertex 5.965620 0.132250 -1.135327
	endloop
endfacet
facet normal -0.018297 -0.031469 0.999337
	outer loop
		vertex 5.822487 0.318764 -1.137103
		vertex 5.975852 0.144384 -1.139786
		vertex 5.801867 0.294312 -1.138250
	endloop
endfacet
facet normal -0.018296 -0.031468 0.999337
	outer loop
		vertex 5.822487 0.318764 -1.137103
		vertex 5.997300 0.169818 -1.138592
		vertex 5.975852 0.144384 -1.139786
	endloop
endfacet
facet normal -0.154132 -0.190595 0.969493
	outer loop
		vertex 5.863794 0.367748 -1.120906
		vertex 5.997300 0.169818 -1.138592
		vertex 5.822487 0.318764 -1.137103
	endloop
endfacet
facet normal -0.154132 -0.190595 0.969493
	outer loop
		vertex 5.863794 0.367748 -1.120906
		vertex 6.040266 0.220768 -1.121745
		vertex 5.997300 0.169818 -1.138592
	endloop
endfacet
facet normal -0.195108 -0.239688 0.951043
	outer loop
		vertex 5.917703 0.431674 -1.093735
		vertex 6.040266 0.220768 -1.121745
		vertex 5.863794 0.367748 -1.120906
	endloop
endfacet
facet normal -0.195108 -0.239688 0.951043
	outer loop
		vertex 5.917703 0.431674 -1.093735
		vertex 6.096339 0.287261 -1.093483
		vertex 6.040266 0.220768 -1.121745
	endloop
endfacet
facet normal -0.248423 -0.305694 0.919150
	outer loop
		vertex 5.996178 0.524732 -1.041576
		vertex 6.096339 0.287261 -1.093483
		vertex 5.917703 0.431674 -1.093735
	endloop
endfacet
facet normal -0.248423 -0.305694 0.919150
	outer loop
		vertex 5.996178 0.524732 -1.041576
		vertex 6.177965 0.384055 -1.039230
		vertex 6.096339 0.287261 -1.093483
	endloop
endfacet
facet normal -0.248423 -0.305694 0.919150
	outer loop
		vertex 6.061574 0.602280 -0.998110
		vertex 6.177965 0.384055 -1.039230
		vertex 5.996178 0.524732 -1.041576
	endloop
endfacet
facet normal -0.248424 -0.305694 0.919150
	outer loop
		vertex 6.061574 0.602280 -0.998110
		vertex 6.245986 0.464717 -0.994019
		vertex 6.177965 0.384055 -1.039230
	endloop
endfacet
facet normal 0.000000 1.000000 0.000000
	outer loop
		vertex 6.061574 0.602280 -0.998110
		vertex 6.245986 0.464717 -0.994019
		vertex 6.061574 0.602280 -0.998110
	endloop
endfacet
facet normal 0.000000 1.000000 0.000000
	outer loop
		vertex 6.061574 0.602280 -0.998110
		vertex 6.245986 0.464717 -0.994019
		vertex 6.245986 0.464717 -0.994019
	endloop
endfacet
facet normal 0.146039 0.166776 -0.975120
	outer loop
		vertex 5.992197 0.520012 -1.022570
		vertex 6.245986 0.464717 -0.994019
		vertex 6.061574 0.602280 -0.998110
	endloop
endfacet
facet normal 0.146039 0.166777 -0.975120
	outer loop
		vertex 5.992197 0.520012 -1.022570
		vertex 6.173824 0.379145 -1.019462
		vertex 6.245986 0.464717 -0.994019
	endloop
endfacet
facet normal 0.146039 0.166778 -0.975119
	outer loop
		vertex 5.908945 0.421289 -1.051924
		vertex 6.173824 0.379145 -1.019462
		vertex 5.992197 0.520012 -1.022570
	endloop
endfacet
facet normal 0.146039 0.166777 -0.975119
	outer loop
		vertex 5.908945 0.421289 -1.051924
		vertex 6.087230 0.276459 -1.049993
		vertex 6.173824 0.379145 -1.019462
	endloop
endfacet
facet normal 0.200986 0.234737 -0.951054
	outer loop
		vertex 5.855036 0.357362 -1.079094
		vertex 6.087230 0.276459 -1.049993
		vertex 5.908945 0.421289 -1.051924
	endloop
endfacet
facet normal 0.200986 0.234737 -0.951054
	outer loop
		vertex 5.855036 0.357362 -1.079094
		vertex 6.031157 0.209965 -1.078255
		vertex 6.087230 0.276459 -1.049993
	endloop
endfacet
facet normal 0.241086 0.282780 -0.928393
	outer loop
		vertex 5.815480 0.310455 -1.103654
		vertex 6.031157 0.209965 -1.078255
		vertex 5.855036 0.357362 -1.079094
	endloop
endfacet
facet normal 0.241085 0.282779 -0.928393
	outer loop
		vertex 5.815480 0.310455 -1.103654
		vertex 5.990012 0.161176 -1.103800
		vertex 6.031157 0.209965 -1.078255
	endloop
endfacet
facet normal 0.362557 0.424701 -0.829567
	outer loop
		vertex 5.798364 0.290158 -1.121526
		vertex 5.990012 0.161176 -1.103800
		vertex 5.815480 0.310455 -1.103654
	endloop
endfacet
facet normal 0.362558 0.424704 -0.829565
	outer loop
		vertex 5.798364 0.290158 -1.121526
		vertex 5.972208 0.140063 -1.122390
		vertex 5.990012 0.161176 -1.103800
	endloop
endfacet
facet normal 0.511029 0.595460 -0.619901
	outer loop
		vertex 5.792029 0.282646 -1.133963
		vertex 5.972208 0.140063 -1.122390
		vertex 5.798364 0.290158 -1.121526
	endloop
endfacet
facet normal 0.511030 0.595462 -0.619897
	outer loop
		vertex 5.792029 0.282646 -1.133963
		vertex 5.965620 0.132250 -1.135327
		vertex 5.972208 0.140063 -1.122390
	endloop
endfacet
facet normal 0.000000 1.000000 0.000000
	outer loop
		vertex 5.801867 0.294312 -1.138250
		vertex 5.792029 0.282646 -1.133963
		vertex 5.792029 0.282646 -1.133963
	endloop
endfacet
facet normal 0.000000 1.000000 0.000000
	outer loop
		vertex 5.801867 0.294312 -1.138250
		vertex 5.801867 0.294312 -1.138250
		vertex 5.792029 0.282646 -1.133963
	endloop
endfacet
facet normal 0.000000 1.000000 0.000000
	outer loop
		vertex 5.822487 0.318764 -1.137103
		vertex 5.801867 0.294312 -1.138250
		vertex 5.801867 0.294312 -1.138250
	endloop
endfacet
facet normal 0.000000 1.000000 0.000000
	outer loop
		vertex 5.822487 0.318764 -1.137103
		vertex 5.822487 0.318764 -1.137103
		vertex 5.801867 0.294312 -1.138250
	endloop
endfacet
facet normal 0.000000 1.000000 0.000000
	outer loop
		vertex 5.863794 0.367748 -1.120906
		vertex 5.822487 0.318764 -1.137103
		vertex 5.822487 0.318764 -1.137103
	endloop
endfacet
facet normal 0.000000 1.000000 0.000000
	outer loop
		vertex 5.863794 0.367748 -1.120906
		vertex 5.863794 0.367748 -1.120906
		vertex 5.822487 0.318764 -1.137103
	endloop
endfacet
facet normal 0.000000 1.000000 0.000000
	outer loop
		vertex 5.917703 0.431674 -1.093735
		vertex 5.863794 0.367748 -1.120906
		vertex 5.863794 0.367748 -1.120906
	endloop
endfacet
facet normal 0.000000 1.000000 0.000000
	outer loop
		vertex 5.917703 0.431674 -1.093735
		vertex 5.917703 0.431674 -1.093735
		vertex 5.863794 0.367748 -1.120906
	endloop
endfacet
facet normal 0.000000 1.000000 0.000000
	outer loop
		vertex 5.996178 0.524732 -1.041576
		vertex 5.917703 0.431674 -1.093735
		vertex 5.917703 0.431674 -1.093735
	endloop
endfacet
facet normal 0.000000 1.000000 0.000000
	outer loop
		vertex 5.996178 0.524732 -1.041576
		vertex 5.996178 0.524732 -1.041576
		vertex 5.917703 0.431674 -1.093735
	endloop
endfacet
facet normal 0.000000 1.000000 0.000000
	outer loop
		vertex 6.061574 0.602280 -0.998110
		vertex 5.996178 0.524732 -1.041576
		vertex 5.996178 0.524732 -1.041576
	endloop
endfacet
facet normal 0.000000 1.000000 0.000000
	outer loop
		vertex 6.061574 0.602280 -0.998110
		vertex 6.061574 0.602280 -0.998110
		vertex 5.996178 0.524732 -1.041576
	endloop
endfacet
facet normal 0.000000 1.000000 0.000000
	outer loop
		vertex 6.061574 0.602280 -0.998110
		vertex 6.061574 0.602280 -0.998110
		vertex 6.061574 0.602280 -0.998110
	endloop
endfacet
facet normal 0.000000 1.000000 0.000000
	outer loop
		vertex 6.061574 0.602280 -0.998110
		vertex 6.061574 0.602280 -0.998110
		vertex 6.061574 0.602280 -0.998110
	endloop
endfacet
facet normal 0.000000 1.000000 0.000000
	outer loop
		vertex 5.992197 0.520012 -1.022570
		vertex 6.061574 0.602280 -0.998110
		vertex 6.061574 0.602280 -0.998110
	endloop
endfacet
facet normal 0.000000 1.000000 0.000000
	outer loop
		vertex 5.992197 0.520012 -1.022570
		vertex 5.992197 0.520012 -1.022570
		vertex 6.061574 0.602280 -0.998110
	endloop
endfacet
facet normal 0.000000 1.000000 0.000000
	outer loop
		vertex 5.908945 0.421289 -1.051924
		vertex 5.992197 0.520012 -1.022570
		vertex 5.992197 0.520012 -1.022570
	endloop
endfacet
facet normal 0.000000 1.000000 0.000000
	outer loop
		vertex 5.908945 0.421289 -1.051924
		vertex 5.908945 0.421289 -1.051924
		vertex 5.992197 0.520012 -1.022570
	endloop
endfacet
facet normal 0.000000 1.000000 0.000000
	outer loop
		vertex 5.855036 0.357362 -1.079094
		vertex 5.908945 0.421289 -1.051924
		vertex 5.908945 0.421289 -1.051924
	endloop
endfacet
facet normal 0.000000 1.000000 0.000000
	outer loop
		vertex 5.855036 0.357362 -1.079094
		vertex 5.855036 0.357362 -1.079094
		vertex 5.908945 0.421289 -1.051924
	endloop
endfacet
facet normal 0.000000 1.000000 0.000000
	outer loop
		vertex 5.815480 0.310455 -1.103654
		vertex 5.855036 0.357362 -1.079094
		vertex 5.855036 0.357362 -1.079094
	endloop
endfacet
facet normal 0.000000 1.000000 0.000000
	outer loop
		vertex 5.815480 0.310455 -1.103654
		vertex 5.815480 0.310455 -1.103654
		vertex 5.855036 0.357362 -1.079094
	endloop
endfacet
facet normal 0.000000 1.000000 0.000000
	outer loop
		vertex 5.798364 0.290158 -1.121526
		vertex 5.815480 0.310455 -1.103654
		vertex 5.815480 0.310455 -1.103654
	endloop
endfacet
facet normal 0.000000 1.000000 0.000000
	outer loop
		vertex 5.798364 0.290158 -1.121526
		vertex 5.798364 0.290158 -1.121526
		vertex 5.815480 0.310455 -1.103654
	endloop
endfacet
facet normal 0.000000 1.000000 0.000000
	outer loop
		vertex 5.792029 0.282646 -1.133963
		vertex 5.798364 0.290158 -1.121526
		vertex 5.798364 0.290158 -1.121526
	endloop
endfacet
facet normal 0.000000 1.000000 0.000000
	outer loop
		vertex 5.792029 0.282646 -1.133963
		vertex 5.792029 0.282646 -1.133963
		vertex 5.798364 0.290158 -1.121526
	endloop
endfacet
facet normal 0.180391 0.201621 0.962709
	outer loop
		vertex 5.628019 0.444403 -1.137108
		vertex 5.792029 0.282646 -1.133963
		vertex 5.618474 0.433085 -1.132950
	endloop
endfacet
facet normal 0.180394 0.201624 0.962708
	outer loop
		vertex 5.628019 0.444403 -1.137108
		vertex 5.801867 0.294312 -1.138250
		vertex 5.792029 0.282646 -1.133963
	endloop
endfacet
facet normal -0.019634 -0.030344 0.999347
	outer loop
		vertex 5.648023 0.468125 -1.135995
		vertex 5.801867 0.294312 -1.138250
		vertex 5.628019 0.444403 -1.137108
	endloop
endfacet
facet normal -0.019633 -0.030343 0.999347
	outer loop
		vertex 5.648023 0.468125 -1.135995
		vertex 5.822487 0.318764 -1.137103
		vertex 5.801867 0.294312 -1.138250
	endloop
endfacet
facet normal -0.155808 -0.189184 0.969502
	outer loop
		vertex 5.688097 0.515646 -1.120282
		vertex 5.822487 0.318764 -1.137103
		vertex 5.648023 0.468125 -1.135995
	endloop
endfacet
facet normal -0.155808 -0.189184 0.969501
	outer loop
		vertex 5.688097 0.515646 -1.120282
		vertex 5.863794 0.367748 -1.120906
		vertex 5.822487 0.318764 -1.137103
	endloop
endfacet
facet normal -0.197027 -0.238073 0.951053
	outer loop
		vertex 5.740397 0.577665 -1.093922
		vertex 5.863794 0.367748 -1.120906
		vertex 5.688097 0.515646 -1.120282
	endloop
endfacet
facet normal -0.197028 -0.238073 0.951053
	outer loop
		vertex 5.740397 0.577665 -1.093922
		vertex 5.917703 0.431674 -1.093735
		vertex 5.863794 0.367748 -1.120906
	endloop
endfacet
facet normal -0.250936 -0.303586 0.919166
	outer loop
		vertex 5.816529 0.667945 -1.043320
		vertex 5.917703 0.431674 -1.093735
		vertex 5.740397 0.577665 -1.093922
	endloop
endfacet
facet normal -0.250935 -0.303585 0.919167
	outer loop
		vertex 5.816529 0.667945 -1.043320
		vertex 5.996178 0.524732 -1.041576
		vertex 5.917703 0.431674 -1.093735
	endloop
endfacet
facet normal -0.250935 -0.303585 0.919167
	outer loop
		vertex 5.879973 0.743178 -1.001151
		vertex 5.996178 0.524732 -1.041576
		vertex 5.816529 0.667945 -1.043320
	endloop
endfacet
facet normal -0.250935 -0.303585 0.919167
	outer loop
		vertex 5.879973 0.743178 -1.001151
		vertex 6.061574 0.602280 -0.998110
		vertex 5.996178 0.524732 -1.041576
	endloop
endfacet
facet normal 0.000000 1.000000 0.000000
	outer loop
		vertex 5.879973 0.743178 -1.001151
		vertex 6.061574 0.602280 -0.998110
		vertex 5.879973 0.743178 -1.001151
	endloop
endfacet
facet normal 0.000000 1.000000 0.000000
	outer loop
		vertex 5.879973 0.743178 -1.001151
		vertex 6.061574 0.602280 -0.998110
		vertex 6.061574 0.602280 -0.998110
	endloop
endfacet
facet normal 0.145851 0.166935 -0.975121
	outer loop
		vertex 5.812667 0.663365 -1.024882
		vertex 6.061574 0.602280 -0.998110
		vertex 5.879973 0.743178 -1.001151
	endloop
endfacet
facet normal 0.145851 0.166935 -0.975121
	outer loop
		vertex 5.812667 0.663365 -1.024882
		vertex 5.992197 0.520012 -1.022570
		vertex 6.061574 0.602280 -0.998110
	endloop
endfacet
facet normal 0.145851 0.166936 -0.975120
	outer loop
		vertex 5.731901 0.567589 -1.053359
		vertex 5.992197 0.520012 -1.022570
		vertex 5.812667 0.663365 -1.024882
	endloop
endfacet
facet normal 0.145852 0.166936 -0.975120
	outer loop
		vertex 5.731901 0.567589 -1.053359
		vertex 5.908945 0.421289 -1.051924
		vertex 5.992197 0.520012 -1.022570
	endloop
endfacet
facet normal 0.201396 0.234390 -0.951053
	outer loop
		vertex 5.679601 0.505570 -1.079718
		vertex 5.908945 0.421289 -1.051924
		vertex 5.731901 0.567589 -1.053359
	endloop
endfacet
facet normal 0.201396 0.234390 -0.951052
	outer loop
		vertex 5.679601 0.505570 -1.079718
		vertex 5.855036 0.357362 -1.079094
		vertex 5.908945 0.421289 -1.051924
	endloop
endfacet
facet normal 0.241734 0.282234 -0.928390
	outer loop
		vertex 5.641226 0.460064 -1.103544
		vertex 5.855036 0.357362 -1.079094
		vertex 5.679601 0.505570 -1.079718
	endloop
endfacet
facet normal 0.241734 0.282233 -0.928391
	outer loop
		vertex 5.641226 0.460064 -1.103544
		vertex 5.815480 0.310455 -1.103654
		vertex 5.855036 0.357362 -1.079094
	endloop
endfacet
facet normal 0.363457 0.423936 -0.829564
	outer loop
		vertex 5.624620 0.440373 -1.120883
		vertex 5.815480 0.310455 -1.103654
		vertex 5.641226 0.460064 -1.103544
	endloop
endfacet
facet normal 0.363458 0.423938 -0.829563
	outer loop
		vertex 5.624620 0.440373 -1.120883
		vertex 5.798364 0.290158 -1.121526
		vertex 5.815480 0.310455 -1.103654
	endloop
endfacet
facet normal 0.511895 0.594728 -0.619889
	outer loop
		vertex 5.618474 0.433085 -1.132950
		vertex 5.798364 0.290158 -1.121526
		vertex 5.624620 0.440373 -1.120883
	endloop
endfacet
facet normal 0.511891 0.594723 -0.619896
	outer loop
		vertex 5.618474 0.433085 -1.132950
		vertex 5.792029 0.282646 -1.133963
		vertex 5.798364 0.290158 -1.121526
	endloop
endfacet
facet normal 0.000000 1.000000 0.000000
	outer loop
		vertex 5.628019 0.444403 -1.137108
		vertex 5.618474 0.433085 -1.132950
		vertex 5.618474 0.433085 -1.132950
	endloop
endfacet
facet normal 0.000000 1.000000 0.000000
	outer loop
		vertex 5.628019 0.444403 -1.137108
		vertex 5.628019 0.444403 -1.137108
		vertex 5.618474 0.433085 -1.132950
	endloop
endfacet
facet normal 0.000000 1.000000 0.000000
	outer loop
		vertex 5.648023 0.468125 -1.135995
		vertex 5.628019 0.444403 -1.137108
		vertex 5.628019 0.444403 -1.137108
	endloop
endfacet
facet normal 0.000000 1.000000 0.000000
	outer loop
		vertex 5.648023 0.468125 -1.135995
		vertex 5.648023 0.468125 -1.135995
		vertex 5.628019 0.444403 -1.137108
	endloop
endfacet
facet normal 0.000000 1.000000 0.000000
	outer loop
		vertex 5.688097 0.515646 -1.120282
		vertex 5.648023 0.468125 -1.135995
		vertex 5.648023 0.468125 -1.135995
	endloop
endfacet
facet normal 0.000000 1.000000 0.000000
	outer loop
		vertex 5.688097 0.515646 -1.120282
		vertex 5.688097 0.515646 -1.120282
		vertex 5.648023 0.468125 -1.135995
	endloop
endfacet
facet normal 0.000000 1.000000 0.000000
	outer loop
		vertex 5.740397 0.577665 -1.093922
		vertex 5.688097 0.515646 -1.120282
		vertex 5.688097 0.515646 -1.120282
	endloop
endfacet
facet normal 0.000000 1.000000 0.000000
	outer loop
		vertex 5.740397 0.577665 -1.093922
		vertex 5.740397 0.577665 -1.093922
		vertex 5.688097 0.515646 -1.120282
	endloop
endfacet
facet normal 0.000000 1.000000 0.000000
	outer loop
		vertex 5.816529 0.667945 -1.043320
		vertex 5.740397 0.577665 -1.093922
		vertex 5.740397 0.577665 -1.093922
	endloop
endfacet
facet normal 0.000000 1.000000 0.000000
	outer loop
		vertex 5.816529 0.667945 -1.043320
		vertex 5.816529 0.667945 -1.043320
		vertex 5.740397 0.577665 -1.093922
	endloop
endfacet
facet normal 0.000000 1.000000 0.000000
	outer loop
		vertex 5.879973 0.743178 -1.001151
		vertex 5.816529 0.667945 -1.043320
		vertex 5.816529 0.667945 -1.043320
	endloop
endfacet
facet normal 0.000000 1.000000 0.000000
	outer loop
		vertex 5.879973 0.743178 -1.001151
		vertex 5.879973 0.743178 -1.001151
		vertex 5.816529 0.667945 -1.043320
	endloop
endfacet
facet normal 0.000000 1.000000 0.000000
	outer loop
		vertex 5.879973 0.743178 -1.001151
		vertex 5.879973 0.743178 -1.001151
		vertex 5.879973 0.743178 -1.001151
	endloop
endfacet
facet normal 0.000000 1.000000 0.000000
	outer loop
		vertex 5.879973 0.743178 -1.001151
		vertex 5.879973 0.743178 -1.001151
		vertex 5.879973 0.743178 -1.001151
	endloop
endfacet
facet normal 0.000000 1.000000 0.000000
	outer loop
		vertex 5.812667 0.663365 -1.024882
		vertex 5.879973 0.743178 -1.001151
		vertex 5.879973 0.743178 -1.001151
	endloop
endfacet
facet normal 0.000000 1.000000 0.000000
	outer loop
		vertex 5.812667 0.663365 -1.024882
		vertex 5.812667 0.663365 -1.024882
		vertex 5.879973 0.743178 -1.001151
	endloop
endfacet
facet normal 0.000000 1.000000 0.000000
	outer loop
		vertex 5.731901 0.567589 -1.053359
		vertex 5.812667 0.663365 -1.024882
		vertex 5.812667 0.663365 -1.024882
	endloop
endfacet
facet normal 0.000000 1.000000 0.000000
	outer loop
		vertex 5.731901 0.567589 -1.053359
		vertex 5.731901 0.567589 -1.053359
		vertex 5.812667 0.663365 -1.024882
	endloop
endfacet
facet normal 0.000000 1.000000 0.000000
	outer loop
		vertex 5.679601 0.505570 -1.079718
		vertex 5.731901 0.567589 -1.053359
		vertex 5.731901 0.567589 -1.053359
	endloop
endfacet
facet normal 0.000000 1.000000 0.000000
	outer loop
		vertex 5.679601 0.505570 -1.079718
		vertex 5.679601 0.505570 -1.079718
		vertex 5.731901 0.567589 -1.053359
	endloop
endfacet
facet normal 0.000000 1.000000 0.000000
	outer loop
		vertex 5.641226 0.460064 -1.103544
		vertex 5.679601 0.505570 -1.079718
		vertex 5.679601 0.505570 -1.079718
	endloop
endfacet
facet normal 0.000000 1.000000 0.000000
	outer loop
		vertex 5.641226 0.460064 -1.103544
		vertex 5.641226 0.460064 -1.103544
		vertex 5.679601 0.505570 -1.079718
	endloop
endfacet
facet normal 0.000000 1.000000 0.000000
	outer loop
		vertex 5.624620 0.440373 -1.120883
		vertex 5.641226 0.460064 -1.103544
		vertex 5.641226 0.460064 -1.103544
	endloop
endfacet
facet normal 0.000000 1.000000 0.000000
	outer loop
		vertex 5.624620 0.440373 -1.120883
		vertex 5.624620 0.440373 -1.120883
		vertex 5.641226 0.460064 -1.103544
	endloop
endfacet
facet normal 0.000000 1.000000 0.000000
	outer loop
		vertex 5.618474 0.433085 -1.132950
		vertex 5.624620 0.440373 -1.120883
		vertex 5.624620 0.440373 -1.120883
	endloop
endfacet
facet normal 0.000000 1.000000 0.000000
	outer loop
		vertex 5.618474 0.433085 -1.132950
		vertex 5.618474 0.433085 -1.132950
		vertex 5.624620 0.440373 -1.120883
	endloop
endfacet
facet normal 0.180394 0.201624 0.962707
	outer loop
		vertex 5.454170 0.594493 -1.135967
		vertex 5.618474 0.433085 -1.132950
		vertex 5.444920 0.583524 -1.131936
	endloop
endfacet
facet normal 0.180391 0.201622 0.962709
	outer loop
		vertex 5.454170 0.594493 -1.135967
		vertex 5.628019 0.444403 -1.137108
		vertex 5.618474 0.433085 -1.132950
	endloop
endfacet
facet normal -0.019632 -0.030342 0.999347
	outer loop
		vertex 5.473559 0.617485 -1.134888
		vertex 5.628019 0.444403 -1.137108
		vertex 5.454170 0.594493 -1.135967
	endloop
endfacet
facet normal -0.019634 -0.030344 0.999347
	outer loop
		vertex 5.473559 0.617485 -1.134888
		vertex 5.648023 0.468125 -1.135995
		vertex 5.628019 0.444403 -1.137108
	endloop
endfacet
facet normal -0.155809 -0.189185 0.969501
	outer loop
		vertex 5.512401 0.663544 -1.119658
		vertex 5.648023 0.468125 -1.135995
		vertex 5.473559 0.617485 -1.134888
	endloop
endfacet
facet normal -0.155808 -0.189184 0.969502
	outer loop
		vertex 5.512401 0.663544 -1.119658
		vertex 5.688097 0.515646 -1.120282
		vertex 5.648023 0.468125 -1.135995
	endloop
endfacet
facet normal -0.197027 -0.238073 0.951053
	outer loop
		vertex 5.563091 0.723655 -1.094109
		vertex 5.688097 0.515646 -1.120282
		vertex 5.512401 0.663544 -1.119658
	endloop
endfacet
facet normal -0.197027 -0.238073 0.951053
	outer loop
		vertex 5.563091 0.723655 -1.094109
		vertex 5.740397 0.577665 -1.093922
		vertex 5.688097 0.515646 -1.120282
	endloop
endfacet
facet normal -0.250935 -0.303585 0.919167
	outer loop
		vertex 5.636881 0.811157 -1.045064
		vertex 5.740397 0.577665 -1.093922
		vertex 5.563091 0.723655 -1.094109
	endloop
endfacet
facet normal -0.250936 -0.303586 0.919166
	outer loop
		vertex 5.636881 0.811157 -1.045064
		vertex 5.816529 0.667945 -1.043320
		vertex 5.740397 0.577665 -1.093922
	endloop
endfacet
facet normal -0.250936 -0.303585 0.919167
	outer loop
		vertex 5.698372 0.884075 -1.004193
		vertex 5.816529 0.667945 -1.043320
		vertex 5.636881 0.811157 -1.045064
	endloop
endfacet
facet normal -0.250934 -0.303585 0.919167
	outer loop
		vertex 5.698372 0.884075 -1.004193
		vertex 5.879973 0.743178 -1.001151
		vertex 5.816529 0.667945 -1.043320
	endloop
endfacet
facet normal 0.000000 1.000000 0.000000
	outer loop
		vertex 5.698372 0.884075 -1.004193
		vertex 5.879973 0.743178 -1.001151
		vertex 5.698372 0.884075 -1.004193
	endloop
endfacet
facet normal 0.000000 1.000000 0.000000
	outer loop
		vertex 5.698372 0.884075 -1.004193
		vertex 5.879973 0.743178 -1.001151
		vertex 5.879973 0.743178 -1.001151
	endloop
endfacet
facet normal 0.145851 0.166936 -0.975120
	outer loop
		vertex 5.633138 0.806718 -1.027193
		vertex 5.879973 0.743178 -1.001151
		vertex 5.698372 0.884075 -1.004193
	endloop
endfacet
facet normal 0.145851 0.166935 -0.975121
	outer loop
		vertex 5.633138 0.806718 -1.027193
		vertex 5.812667 0.663365 -1.024882
		vertex 5.879973 0.743178 -1.001151
	endloop
endfacet
facet normal 0.145851 0.166936 -0.975120
	outer loop
		vertex 5.554856 0.713889 -1.054794
		vertex 5.812667 0.663365 -1.024882
		vertex 5.633138 0.806718 -1.027193
	endloop
endfacet
facet normal 0.145851 0.166936 -0.975120
	outer loop
		vertex 5.554856 0.713889 -1.054794
		vertex 5.731901 0.567589 -1.053359
		vertex 5.812667 0.663365 -1.024882
	endloop
endfacet
facet normal 0.201397 0.234391 -0.951052
	outer loop
		vertex 5.504166 0.653779 -1.080342
		vertex 5.731901 0.567589 -1.053359
		vertex 5.554856 0.713889 -1.054794
	endloop
endfacet
facet normal 0.201397 0.234390 -0.951053
	outer loop
		vertex 5.504166 0.653779 -1.080342
		vertex 5.679601 0.505570 -1.079718
		vertex 5.731901 0.567589 -1.053359
	endloop
endfacet
facet normal 0.241733 0.282231 -0.928392
	outer loop
		vertex 5.466971 0.609673 -1.103435
		vertex 5.679601 0.505570 -1.079718
		vertex 5.504166 0.653779 -1.080342
	endloop
endfacet
facet normal 0.241734 0.282234 -0.928390
	outer loop
		vertex 5.466971 0.609673 -1.103435
		vertex 5.641226 0.460064 -1.103544
		vertex 5.679601 0.505570 -1.079718
	endloop
endfacet
facet normal 0.363458 0.423939 -0.829563
	outer loop
		vertex 5.450876 0.590587 -1.120240
		vertex 5.641226 0.460064 -1.103544
		vertex 5.466971 0.609673 -1.103435
	endloop
endfacet
facet normal 0.363457 0.423936 -0.829564
	outer loop
		vertex 5.450876 0.590587 -1.120240
		vertex 5.624620 0.440373 -1.120883
		vertex 5.641226 0.460064 -1.103544
	endloop
endfacet
facet normal 0.511890 0.594723 -0.619898
	outer loop
		vertex 5.444920 0.583524 -1.131936
		vertex 5.624620 0.440373 -1.120883
		vertex 5.450876 0.590587 -1.120240
	endloop
endfacet
facet normal 0.511894 0.594729 -0.619889
	outer loop
		vertex 5.444920 0.583524 -1.131936
		vertex 5.618474 0.433085 -1.132950
		vertex 5.624620 0.440373 -1.120883
	endloop
endfacet
facet normal 0.000000 1.000000 0.000000
	outer loop
		vertex 5.454170 0.594493 -1.135967
		vertex 5.444920 0.583524 -1.131936
		vertex 5.444920 0.583524 -1.131936
	endloop
endfacet
facet normal 0.000000 1.000000 0.000000
	outer loop
		vertex 5.454170 0.594493 -1.135967
		vertex 5.454170 0.594493 -1.135967
		vertex 5.444920 0.583524 -1.131936
	endloop
endfacet
facet normal 0.000000 1.000000 0.000000
	outer loop
		vertex 5.473559 0.617485 -1.134888
		vertex 5.454170 0.594493 -1.135967
		vertex 5.454170 0.594493 -1.135967
	endloop
endfacet
facet normal 0.000000 1.000000 0.000000
	outer loop
		vertex 5.473559 0.617485 -1.134888
		vertex 5.473559 0.617485 -1.134888
		vertex 5.454170 0.594493 -1.135967
	endloop
endfacet
facet normal 0.000000 1.000000 0.000000
	outer loop
		vertex 5.512401 0.663544 -1.119658
		vertex 5.473559 0.617485 -1.134888
		vertex 5.473559 0.617485 -1.134888
	endloop
endfacet
facet normal 0.000000 1.000000 0.000000
	outer loop
		vertex 5.512401 0.663544 -1.119658
		vertex 5.512401 0.663544 -1.119658
		vertex 5.473559 0.617485 -1.134888
	endloop
endfacet
facet normal 0.000000 1.000000 0.000000
	outer loop
		vertex 5.563091 0.723655 -1.094109
		vertex 5.512401 0.663544 -1.119658
		vertex 5.512401 0.663544 -1.119658
	endloop
endfacet
facet normal 0.000000 1.000000 0.000000
	outer loop
		vertex 5.563091 0.723655 -1.094109
		vertex 5.563091 0.723655 -1.094109
		vertex 5.512401 0.663544 -1.119658
	endloop
endfacet
facet normal 0.000000 1.000000 0.000000
	outer loop
		vertex 5.636881 0.811157 -1.045064
		vertex 5.563091 0.723655 -1.094109
		vertex 5.563091 0.723655 -1.094109
	endloop
endfacet
facet normal 0.000000 1.000000 0.000000
	outer loop
		vertex 5.636881 0.811157 -1.045064
		vertex 5.636881 0.811157 -1.045064
		vertex 5.563091 0.723655 -1.094109
	endloop
endfacet
facet normal 0.000000 1.000000 0.000000
	outer loop
		vertex 5.698372 0.884075 -1.004193
		vertex 5.636881 0.811157 -1.045064
		vertex 5.636881 0.811157 -1.045064
	endloop
endfacet
facet normal 0.000000 1.000000 0.000000
	outer loop
		vertex 5.698372 0.884075 -1.004193
		vertex 5.698372 0.884075 -1.004193
		vertex 5.636881 0.811157 -1.045064
	endloop
endfacet
facet normal 0.000000 1.000000 0.000000
	outer loop
		vertex 5.698372 0.884075 -1.004193
		vertex 5.698372 0.884075 -1.004193
		vertex 5.698372 0.884075 -1.004193
	endloop
endfacet
facet normal 0.000000 1.000000 0.000000
	outer loop
		vertex 5.698372 0.884075 -1.004193
		vertex 5.698372 0.884075 -1.004193
		vertex 5.698372 0.884075 -1.004193
	endloop
endfacet
facet normal 0.000000 1.000000 0.000000
	outer loop
		vertex 5.633138 0.806718 -1.027193
		vertex 5.698372 0.884075 -1.004193
		vertex 5.698372 0.884075 -1.004193
	endloop
endfacet
facet normal 0.000000 1.000000 0.000000
	outer loop
		vertex 5.633138 0.806718 -1.027193
		vertex 5.633138 0.806718 -1.027193
		vertex 5.698372 0.884075 -1.004193
	endloop
endfacet
facet normal 0.000000 1.000000 0.000000
	outer loop
		vertex 5.554856 0.713889 -1.054794
		vertex 5.633138 0.806718 -1.027193
		vertex 5.633138 0.806718 -1.027193
	endloop
endfacet
facet normal 0.000000 1.000000 0.000000
	outer loop
		vertex 5.554856 0.713889 -1.054794
		vertex 5.554856 0.713889 -1.054794
		vertex 5.633138 0.806718 -1.027193
	endloop
endfacet
facet normal 0.000000 1.000000 0.000000
	outer loop
		vertex 5.504166 0.653779 -1.080342
		vertex 5.554856 0.713889 -1.054794
		vertex 5.554856 0.713889 -1.054794
	endloop
endfacet
facet normal 0.000000 1.000000 0.000000
	outer loop
		vertex 5.504166 0.653779 -1.080342
		vertex 5.504166 0.653779 -1.080342
		vertex 5.554856 0.713889 -1.054794
	endloop
endfacet
facet normal 0.000000 1.000000 0.000000
	outer loop
		vertex 5.466971 0.609673 -1.103435
		vertex 5.504166 0.653779 -1.080342
		vertex 5.504166 0.653779 -1.080342
	endloop
endfacet
facet normal 0.000000 1.000000 0.000000
	outer loop
		vertex 5.466971 0.609673 -1.103435
		vertex 5.466971 0.609673 -1.103435
		vertex 5.504166 0.653779 -1.080342
	endloop
endfacet
facet normal 0.000000 1.000000 0.000000
	outer loop
		vertex 5.450876 0.590587 -1.120240
		vertex 5.466971 0.609673 -1.103435
		vertex 5.466971 0.609673 -1.103435
	endloop
endfacet
facet normal 0.000000 1.000000 0.000000
	outer loop
		vertex 5.450876 0.590587 -1.120240
		vertex 5.450876 0.590587 -1.120240
		vertex 5.466971 0.609673 -1.103435
	endloop
endfacet
facet normal 0.000000 1.000000 0.000000
	outer loop
		vertex 5.444920 0.583524 -1.131936
		vertex 5.450876 0.590587 -1.120240
		vertex 5.450876 0.590587 -1.120240
	endloop
endfacet
facet normal 0.000000 1.000000 0.000000
	outer loop
		vertex 5.444920 0.583524 -1.131936
		vertex 5.444920 0.583524 -1.131936
		vertex 5.450876 0.590587 -1.120240
	endloop
endfacet
facet normal 0.180391 0.201621 0.962709
	outer loop
		vertex 5.280322 0.744584 -1.134825
		vertex 5.444920 0.583524 -1.131936
		vertex 5.271365 0.733962 -1.130922
	endloop
endfacet
facet normal 0.180394 0.201624 0.962708
	outer loop
		vertex 5.280322 0.744584 -1.134825
		vertex 5.454170 0.594493 -1.135967
		vertex 5.444920 0.583524 -1.131936
	endloop
endfacet
facet normal -0.019630 -0.030340 0.999347
	outer loop
		vertex 5.299095 0.766846 -1.133780
		vertex 5.454170 0.594493 -1.135967
		vertex 5.280322 0.744584 -1.134825
	endloop
endfacet
facet normal -0.019632 -0.030342 0.999347
	outer loop
		vertex 5.299095 0.766846 -1.133780
		vertex 5.473559 0.617485 -1.134888
		vertex 5.454170 0.594493 -1.135967
	endloop
endfacet
facet normal -0.155808 -0.189184 0.969502
	outer loop
		vertex 5.336704 0.811443 -1.119034
		vertex 5.473559 0.617485 -1.134888
		vertex 5.299095 0.766846 -1.133780
	endloop
endfacet
facet normal -0.155809 -0.189185 0.969501
	outer loop
		vertex 5.336704 0.811443 -1.119034
		vertex 5.512401 0.663544 -1.119658
		vertex 5.473559 0.617485 -1.134888
	endloop
endfacet
facet normal -0.197027 -0.238072 0.951053
	outer loop
		vertex 5.385785 0.869645 -1.094296
		vertex 5.512401 0.663544 -1.119658
		vertex 5.336704 0.811443 -1.119034
	endloop
endfacet
facet normal -0.197027 -0.238072 0.951053
	outer loop
		vertex 5.385785 0.869645 -1.094296
		vertex 5.563091 0.723655 -1.094109
		vertex 5.512401 0.663544 -1.119658
	endloop
endfacet
facet normal -0.250935 -0.303585 0.919167
	outer loop
		vertex 5.457232 0.954369 -1.046808
		vertex 5.563091 0.723655 -1.094109
		vertex 5.385785 0.869645 -1.094296
	endloop
endfacet
facet normal -0.250936 -0.303585 0.919167
	outer loop
		vertex 5.457232 0.954369 -1.046808
		vertex 5.636881 0.811157 -1.045064
		vertex 5.563091 0.723655 -1.094109
	endloop
endfacet
facet normal -0.250936 -0.303586 0.919166
	outer loop
		vertex 5.516772 1.024973 -1.007234
		vertex 5.636881 0.811157 -1.045064
		vertex 5.457232 0.954369 -1.046808
	endloop
endfacet
facet normal -0.250936 -0.303586 0.919167
	outer loop
		vertex 5.516772 1.024973 -1.007234
		vertex 5.698372 0.884075 -1.004193
		vertex 5.636881 0.811157 -1.045064
	endloop
endfacet
facet normal 0.000000 1.000000 0.000000
	outer loop
		vertex 5.516772 1.024973 -1.007234
		vertex 5.698372 0.884075 -1.004193
		vertex 5.516772 1.024973 -1.007234
	endloop
endfacet
facet normal 0.000000 1.000000 0.000000
	outer loop
		vertex 5.516772 1.024973 -1.007234
		vertex 5.698372 0.884075 -1.004193
		vertex 5.698372 0.884075 -1.004193
	endloop
endfacet
facet normal 0.145851 0.166935 -0.975121
	outer loop
		vertex 5.453608 0.950071 -1.029504
		vertex 5.698372 0.884075 -1.004193
		vertex 5.516772 1.024973 -1.007234
	endloop
endfacet
facet normal 0.145851 0.166936 -0.975120
	outer loop
		vertex 5.453608 0.950071 -1.029504
		vertex 5.633138 0.806718 -1.027193
		vertex 5.698372 0.884075 -1.004193
	endloop
endfacet
facet normal 0.145852 0.166937 -0.975120
	outer loop
		vertex 5.377811 0.860189 -1.056229
		vertex 5.633138 0.806718 -1.027193
		vertex 5.453608 0.950071 -1.029504
	endloop
endfacet
facet normal 0.145851 0.166936 -0.975120
	outer loop
		vertex 5.377811 0.860189 -1.056229
		vertex 5.554856 0.713889 -1.054794
		vertex 5.633138 0.806718 -1.027193
	endloop
endfacet
facet normal 0.201397 0.234390 -0.951053
	outer loop
		vertex 5.328730 0.801987 -1.080966
		vertex 5.554856 0.713889 -1.054794
		vertex 5.377811 0.860189 -1.056229
	endloop
endfacet
facet normal 0.201397 0.234391 -0.951052
	outer loop
		vertex 5.328730 0.801987 -1.080966
		vertex 5.504166 0.653779 -1.080342
		vertex 5.554856 0.713889 -1.054794
	endloop
endfacet
facet normal 0.241733 0.282232 -0.928391
	outer loop
		vertex 5.292717 0.759281 -1.103326
		vertex 5.504166 0.653779 -1.080342
		vertex 5.328730 0.801987 -1.080966
	endloop
endfacet
facet normal 0.241733 0.282231 -0.928392
	outer loop
		vertex 5.292717 0.759281 -1.103326
		vertex 5.466971 0.609673 -1.103435
		vertex 5.504166 0.653779 -1.080342
	endloop
endfacet
facet normal 0.363458 0.423937 -0.829564
	outer loop
		vertex 5.277133 0.740802 -1.119598
		vertex 5.466971 0.609673 -1.103435
		vertex 5.292717 0.759281 -1.103326
	endloop
endfacet
facet normal 0.363459 0.423938 -0.829563
	outer loop
		vertex 5.277133 0.740802 -1.119598
		vertex 5.450876 0.590587 -1.120240
		vertex 5.466971 0.609673 -1.103435
	endloop
endfacet
facet normal 0.511892 0.594725 -0.619894
	outer loop
		vertex 5.271365 0.733962 -1.130922
		vertex 5.450876 0.590587 -1.120240
		vertex 5.277133 0.740802 -1.119598
	endloop
endfacet
facet normal 0.511890 0.594723 -0.619898
	outer loop
		vertex 5.271365 0.733962 -1.130922
		vertex 5.444920 0.583524 -1.131936
		vertex 5.450876 0.590587 -1.120240
	endloop
endfacet
facet normal 0.000000 1.000000 0.000000
	outer loop
		vertex 5.280322 0.744584 -1.134825
		vertex 5.271365 0.733962 -1.130922
		vertex 5.271365 0.733962 -1.130922
	endloop
endfacet
facet normal 0.000000 1.000000 0.000000
	outer loop
		vertex 5.280322 0.744584 -1.134825
		vertex 5.280322 0.744584 -1.134825
		vertex 5.271365 0.733962 -1.130922
	endloop
endfacet
facet normal 0.000000 1.000000 0.000000
	outer loop
		vertex 5.299095 0.766846 -1.133780
		vertex 5.280322 0.744584 -1.134825
		vertex 5.280322 0.744584 -1.134825
	endloop
endfacet
facet normal 0.000000 1.000000 0.000000
	outer loop
		vertex 5.299095 0.766846 -1.133780
		vertex 5.299095 0.766846 -1.133780
		vertex 5.280322 0.744584 -1.134825
	endloop
endfacet
facet normal 0.000000 1.000000 0.000000
	outer loop
		vertex 5.336704 0.811443 -1.119034
		vertex 5.299095 0.766846 -1.133780
		vertex 5.299095 0.766846 -1.133780
	endloop
endfacet
facet normal 0.000000 1.000000 0.000000
	outer loop
		vertex 5.336704 0.811443 -1.119034
		vertex 5.336704 0.811443 -1.119034
		vertex 5.299095 0.766846 -1.133780
	endloop
endfacet
facet normal 0.000000 1.000000 0.000000
	outer loop
		vertex 5.385785 0.869645 -1.094296
		vertex 5.336704 0.811443 -1.119034
		vertex 5.336704 0.811443 -1.119034
	endloop
endfacet
facet normal 0.000000 1.000000 0.000000
	outer loop
		vertex 5.385785 0.869645 -1.094296
		vertex 5.385785 0.869645 -1.094296
		vertex 5.336704 0.811443 -1.119034
	endloop
endfacet
facet normal 0.000000 1.000000 0.000000
	outer loop
		vertex 5.457232 0.954369 -1.046808
		vertex 5.385785 0.869645 -1.094296
		vertex 5.385785 0.869645 -1.094296
	endloop
endfacet
facet normal 0.000000 1.000000 0.000000
	outer loop
		vertex 5.457232 0.954369 -1.046808
		vertex 5.457232 0.954369 -1.046808
		vertex 5.385785 0.869645 -1.094296
	endloop
endfacet
facet normal 0.000000 1.000000 0.000000
	outer loop
		vertex 5.516772 1.024973 -1.007234
		vertex 5.457232 0.954369 -1.046808
		vertex 5.457232 0.954369 -1.046808
	endloop
endfacet
facet normal 0.000000 1.000000 0.000000
	outer loop
		vertex 5.516772 1.024973 -1.007234
		vertex 5.516772 1.024973 -1.007234
		vertex 5.457232 0.954369 -1.046808
	endloop
endfacet
facet normal 0.000000 1.000000 0.000000
	outer loop
		vertex 5.516772 1.024973 -1.007234
		vertex 5.516772 1.024973 -1.007234
		vertex 5.516772 1.024973 -1.007234
	endloop
endfacet
facet normal 0.000000 1.000000 0.000000
	outer loop
		vertex 5.516772 1.024973 -1.007234
		vertex 5.516772 1.024973 -1.007234
		vertex 5.516772 1.024973 -1.007234
	endloop
endfacet
facet normal 0.000000 1.000000 0.000000
	outer loop
		vertex 5.453608 0.950071 -1.029504
		vertex 5.516772 1.024973 -1.007234
		vertex 5.516772 1.024973 -1.007234
	endloop
endfacet
facet normal 0.000000 1.000000 0.000000
	outer loop
		vertex 5.453608 0.950071 -1.029504
		vertex 5.453608 0.950071 -1.029504
		vertex 5.516772 1.024973 -1.007234
	endloop
endfacet
facet normal 0.000000 1.000000 0.000000
	outer loop
		vertex 5.377811 0.860189 -1.056229
		vertex 5.453608 0.950071 -1.029504
		vertex 5.453608 0.950071 -1.029504
	endloop
endfacet
facet normal 0.000000 1.000000 0.000000
	outer loop
		vertex 5.377811 0.860189 -1.056229
		vertex 5.377811 0.860189 -1.056229
		vertex 5.453608 0.950071 -1.029504
	endloop
endfacet
facet normal 0.000000 1.000000 0.000000
	outer loop
		vertex 5.328730 0.801987 -1.080966
		vertex 5.377811 0.860189 -1.056229
		vertex 5.377811 0.860189 -1.056229
	endloop
endfacet
facet normal 0.000000 1.000000 0.000000
	outer loop
		vertex 5.328730 0.801987 -1.080966
		vertex 5.328730 0.801987 -1.080966
		vertex 5.377811 0.860189 -1.056229
	endloop
endfacet
facet normal 0.000000 1.000000 0.000000
	outer loop
		vertex 5.292717 0.759281 -1.103326
		vertex 5.328730 0.801987 -1.080966
		vertex 5.328730 0.801987 -1.080966
	endloop
endfacet
facet normal 0.000000 1.000000 0.000000
	outer loop
		vertex 5.292717 0.759281 -1.103326
		vertex 5.292717 0.759281 -1.103326
		vertex 5.328730 0.801987 -1.080966
	endloop
endfacet
facet normal 0.000000 1.000000 0.000000
	outer loop
		vertex 5.277133 0.740802 -1.119598
		vertex 5.292717 0.759281 -1.103326
		vertex 5.292717 0.759281 -1.103326
	endloop
endfacet
facet normal 0.000000 1.000000 0.000000
	outer loop
		vertex 5.277133 0.740802 -1.119598
		vertex 5.277133 0.740802 -1.119598
		vertex 5.292717 0.759281 -1.103326
	endloop
endfacet
facet normal 0.000000 1.000000 0.000000
	outer loop
		vertex 5.271365 0.733962 -1.130922
		vertex 5.277133 0.740802 -1.119598
		vertex 5.277133 0.740802 -1.119598
	endloop
endfacet
facet normal 0.000000 1.000000 0.000000
	outer loop
		vertex 5.271365 0.733962 -1.130922
		vertex 5.271365 0.733962 -1.130922
		vertex 5.277133 0.740802 -1.119598
	endloop
endfacet
facet normal 0.180389 0.201619 0.962709
	outer loop
		vertex 5.106474 0.894674 -1.133683
		vertex 5.271365 0.733962 -1.130922
		vertex 5.097811 0.884401 -1.129908
	endloop
endfacet
facet normal 0.180391 0.201621 0.962709
	outer loop
		vertex 5.106474 0.894674 -1.133683
		vertex 5.280322 0.744584 -1.134825
		vertex 5.271365 0.733962 -1.130922
	endloop
endfacet
facet normal -0.019631 -0.030341 0.999347
	outer loop
		vertex 5.124631 0.916206 -1.132673
		vertex 5.280322 0.744584 -1.134825
		vertex 5.106474 0.894674 -1.133683
	endloop
endfacet
facet normal -0.019630 -0.030340 0.999347
	outer loop
		vertex 5.124631 0.916206 -1.132673
		vertex 5.299095 0.766846 -1.133780
		vertex 5.280322 0.744584 -1.134825
	endloop
endfacet
facet normal -0.155807 -0.189183 0.969502
	outer loop
		vertex 5.161007 0.959341 -1.118410
		vertex 5.299095 0.766846 -1.133780
		vertex 5.124631 0.916206 -1.132673
	endloop
endfacet
facet normal -0.155809 -0.189184 0.969501
	outer loop
		vertex 5.161007 0.959341 -1.118410
		vertex 5.336704 0.811443 -1.119034
		vertex 5.299095 0.766846 -1.133780
	endloop
endfacet
facet normal -0.197029 -0.238074 0.951052
	outer loop
		vertex 5.208479 1.015635 -1.094483
		vertex 5.336704 0.811443 -1.119034
		vertex 5.161007 0.959341 -1.118410
	endloop
endfacet
facet normal -0.197026 -0.238073 0.951053
	outer loop
		vertex 5.208479 1.015635 -1.094483
		vertex 5.385785 0.869645 -1.094296
		vertex 5.336704 0.811443 -1.119034
	endloop
endfacet
facet normal -0.250935 -0.303586 0.919167
	outer loop
		vertex 5.277584 1.097581 -1.048552
		vertex 5.385785 0.869645 -1.094296
		vertex 5.208479 1.015635 -1.094483
	endloop
endfacet
facet normal -0.250935 -0.303586 0.919167
	outer loop
		vertex 5.277584 1.097581 -1.048552
		vertex 5.457232 0.954369 -1.046808
		vertex 5.385785 0.869645 -1.094296
	endloop
endfacet
facet normal -0.250934 -0.303586 0.919167
	outer loop
		vertex 5.335171 1.165870 -1.010276
		vertex 5.457232 0.954369 -1.046808
		vertex 5.277584 1.097581 -1.048552
	endloop
endfacet
facet normal -0.250936 -0.303586 0.919166
	outer loop
		vertex 5.335171 1.165870 -1.010276
		vertex 5.516772 1.024973 -1.007234
		vertex 5.457232 0.954369 -1.046808
	endloop
endfacet
facet normal 0.000000 1.000000 0.000000
	outer loop
		vertex 5.335171 1.165870 -1.010276
		vertex 5.516772 1.024973 -1.007234
		vertex 5.335171 1.165870 -1.010276
	endloop
endfacet
facet normal 0.000000 1.000000 0.000000
	outer loop
		vertex 5.335171 1.165870 -1.010276
		vertex 5.516772 1.024973 -1.007234
		vertex 5.516772 1.024973 -1.007234
	endloop
endfacet
facet normal 0.145851 0.166936 -0.975120
	outer loop
		vertex 5.274078 1.093424 -1.031816
		vertex 5.516772 1.024973 -1.007234
		vertex 5.335171 1.165870 -1.010276
	endloop
endfacet
facet normal 0.145851 0.166935 -0.975121
	outer loop
		vertex 5.274078 1.093424 -1.031816
		vertex 5.453608 0.950071 -1.029504
		vertex 5.516772 1.024973 -1.007234
	endloop
endfacet
facet normal 0.145851 0.166936 -0.975120
	outer loop
		vertex 5.200767 1.006490 -1.057664
		vertex 5.453608 0.950071 -1.029504
		vertex 5.274078 1.093424 -1.031816
	endloop
endfacet
facet normal 0.145851 0.166937 -0.975120
	outer loop
		vertex 5.200767 1.006490 -1.057664
		vertex 5.377811 0.860189 -1.056229
		vertex 5.453608 0.950071 -1.029504
	endloop
endfacet
facet normal 0.201396 0.234390 -0.951053
	outer loop
		vertex 5.153295 0.950196 -1.081590
		vertex 5.377811 0.860189 -1.056229
		vertex 5.200767 1.006490 -1.057664
	endloop
endfacet
facet normal 0.201396 0.234390 -0.951053
	outer loop
		vertex 5.153295 0.950196 -1.081590
		vertex 5.328730 0.801987 -1.080966
		vertex 5.377811 0.860189 -1.056229
	endloop
endfacet
facet normal 0.241733 0.282233 -0.928391
	outer loop
		vertex 5.118462 0.908890 -1.103217
		vertex 5.328730 0.801987 -1.080966
		vertex 5.153295 0.950196 -1.081590
	endloop
endfacet
facet normal 0.241733 0.282232 -0.928391
	outer loop
		vertex 5.118462 0.908890 -1.103217
		vertex 5.292717 0.759281 -1.103326
		vertex 5.328730 0.801987 -1.080966
	endloop
endfacet
facet normal 0.363459 0.423940 -0.829562
	outer loop
		vertex 5.103389 0.891016 -1.118955
		vertex 5.292717 0.759281 -1.103326
		vertex 5.118462 0.908890 -1.103217
	endloop
endfacet
facet normal 0.363457 0.423937 -0.829564
	outer loop
		vertex 5.103389 0.891016 -1.118955
		vertex 5.277133 0.740802 -1.119598
		vertex 5.292717 0.759281 -1.103326
	endloop
endfacet
facet normal 0.511897 0.594731 -0.619884
	outer loop
		vertex 5.097811 0.884401 -1.129908
		vertex 5.277133 0.740802 -1.119598
		vertex 5.103389 0.891016 -1.118955
	endloop
endfacet
facet normal 0.511892 0.594724 -0.619894
	outer loop
		vertex 5.097811 0.884401 -1.129908
		vertex 5.271365 0.733962 -1.130922
		vertex 5.277133 0.740802 -1.119598
	endloop
endfacet
facet normal 0.000000 1.000000 0.000000
	outer loop
		vertex 5.106474 0.894674 -1.133683
		vertex 5.097811 0.884401 -1.129908
		vertex 5.097811 0.884401 -1.129908
	endloop
endfacet
facet normal 0.000000 1.000000 0.000000
	outer loop
		vertex 5.106474 0.894674 -1.133683
		vertex 5.106474 0.894674 -1.133683
		vertex 5.097811 0.884401 -1.129908
	endloop
endfacet
facet normal 0.000000 1.000000 0.000000
	outer loop
		vertex 5.124631 0.916206 -1.132673
		vertex 5.106474 0.894674 -1.133683
		vertex 5.106474 0.894674 -1.133683
	endloop
endfacet
facet normal 0.000000 1.000000 0.000000
	outer loop
		vertex 5.124631 0.916206 -1.132673
		vertex 5.124631 0.916206 -1.132673
		vertex 5.106474 0.894674 -1.133683
	endloop
endfacet
facet normal 0.000000 1.000000 0.000000
	outer loop
		vertex 5.161007 0.959341 -1.118410
		vertex 5.124631 0.916206 -1.132673
		vertex 5.124631 0.916206 -1.132673
	endloop
endfacet
facet normal 0.000000 1.000000 0.000000
	outer loop
		vertex 5.161007 0.959341 -1.118410
		vertex 5.161007 0.959341 -1.118410
		vertex 5.124631 0.916206 -1.132673
	endloop
endfacet
facet normal 0.000000 1.000000 0.000000
	outer loop
		vertex 5.208479 1.015635 -1.094483
		vertex 5.161007 0.959341 -1.118410
		vertex 5.161007 0.959341 -1.118410
	endloop
endfacet
facet normal 0.000000 1.000000 0.000000
	outer loop
		vertex 5.208479 1.015635 -1.094483
		vertex 5.208479 1.015635 -1.094483
		vertex 5.161007 0.959341 -1.118410
	endloop
endfacet
facet normal 0.000000 1.000000 0.000000
	outer loop
		vertex 5.277584 1.097581 -1.048552
		vertex 5.208479 1.015635 -1.094483
		vertex 5.208479 1.015635 -1.094483
	endloop
endfacet
facet normal 0.000000 1.000000 0.000000
	outer loop
		vertex 5.277584 1.097581 -1.048552
		vertex 5.277584 1.097581 -1.048552
		vertex 5.208479 1.015635 -1.094483
	endloop
endfacet
facet normal 0.000000 1.000000 0.000000
	outer loop
		vertex 5.335171 1.165870 -1.010276
		vertex 5.277584 1.097581 -1.048552
		vertex 5.277584 1.097581 -1.048552
	endloop
endfacet
facet normal 0.000000 1.000000 0.000000
	outer loop
		vertex 5.335171 1.165870 -1.010276
		vertex 5.335171 1.165870 -1.010276
		vertex 5.277584 1.097581 -1.048552
	endloop
endfacet
facet normal 0.000000 1.000000 0.000000
	outer loop
		vertex 5.335171 1.165870 -1.010276
		vertex 5.335171 1.165870 -1.010276
		vertex 5.335171 1.165870 -1.010276
	endloop
endfacet
facet normal 0.000000 1.000000 0.000000
	outer loop
		vertex 5.335171 1.165870 -1.010276
		vertex 5.335171 1.165870 -1.010276
		vertex 5.335171 1.165870 -1.010276
	endloop
endfacet
facet normal 0.000000 1.000000 0.000000
	outer loop
		vertex 5.274078 1.093424 -1.031816
		vertex 5.335171 1.165870 -1.010276
		vertex 5.335171 1.165870 -1.010276
	endloop
endfacet
facet normal 0.000000 1.000000 0.000000
	outer loop
		vertex 5.274078 1.093424 -1.031816
		vertex 5.274078 1.093424 -1.031816
		vertex 5.335171 1.165870 -1.010276
	endloop
endfacet
facet normal 0.000000 1.000000 0.000000
	outer loop
		vertex 5.200767 1.006490 -1.057664
		vertex 5.274078 1.093424 -1.031816
		vertex 5.274078 1.093424 -1.031816
	endloop
endfacet
facet normal 0.000000 1.000000 0.000000
	outer loop
		vertex 5.200767 1.006490 -1.057664
		vertex 5.200767 1.006490 -1.057664
		vertex 5.274078 1.093424 -1.031816
	endloop
endfacet
facet normal 0.000000 1.000000 0.000000
	outer loop
		vertex 5.153295 0.950196 -1.081590
		vertex 5.200767 1.006490 -1.057664
		vertex 5.200767 1.006490 -1.057664
	endloop
endfacet
facet normal 0.000000 1.000000 0.000000
	outer loop
		vertex 5.153295 0.950196 -1.081590
		vertex 5.153295 0.950196 -1.081590
		vertex 5.200767 1.006490 -1.057664
	endloop
endfacet
facet normal 0.000000 1.000000 0.000000
	outer loop
		vertex 5.118462 0.908890 -1.103217
		vertex 5.153295 0.950196 -1.081590
		vertex 5.153295 0.950196 -1.081590
	endloop
endfacet
facet normal 0.000000 1.000000 0.000000
	outer loop
		vertex 5.118462 0.908890 -1.103217
		vertex 5.118462 0.908890 -1.103217
		vertex 5.153295 0.950196 -1.081590
	endloop
endfacet
facet normal 0.000000 1.000000 0.000000
	outer loop
		vertex 5.103389 0.891016 -1.118955
		vertex 5.118462 0.908890 -1.103217
		vertex 5.118462 0.908890 -1.103217
	endloop
endfacet
facet normal 0.000000 1.000000 0.000000
	outer loop
		vertex 5.103389 0.891016 -1.118955
		vertex 5.103389 0.891016 -1.118955
		vertex 5.118462 0.908890 -1.103217
	endloop
endfacet
facet normal 0.000000 1.000000 0.000000
	outer loop
		vertex 5.097811 0.884401 -1.129908
		vertex 5.103389 0.891016 -1.118955
		vertex 5.103389 0.891016 -1.118955
	endloop
endfacet
facet normal 0.000000 1.000000 0.000000
	outer loop
		vertex 5.097811 0.884401 -1.129908
		vertex 5.097811 0.884401 -1.129908
		vertex 5.103389 0.891016 -1.118955
	endloop
endfacet
facet normal 0.180386 0.201616 0.962711
	outer loop
		vertex 4.932626 1.044765 -1.132541
		vertex 5.097811 0.884401 -1.129908
		vertex 4.924256 1.034840 -1.128894
	endloop
endfacet
facet normal 0.180389 0.201619 0.962709
	outer loop
		vertex 4.932626 1.044765 -1.132541
		vertex 5.106474 0.894674 -1.133683
		vertex 5.097811 0.884401 -1.129908
	endloop
endfacet
facet normal -0.019632 -0.030342 0.999347
	outer loop
		vertex 4.950168 1.065567 -1.131565
		vertex 5.106474 0.894674 -1.133683
		vertex 4.932626 1.044765 -1.132541
	endloop
endfacet
facet normal -0.019631 -0.030341 0.999347
	outer loop
		vertex 4.950168 1.065567 -1.131565
		vertex 5.124631 0.916206 -1.132673
		vertex 5.106474 0.894674 -1.133683
	endloop
endfacet
facet normal -0.155807 -0.189182 0.969502
	outer loop
		vertex 4.985310 1.107240 -1.117786
		vertex 5.124631 0.916206 -1.132673
		vertex 4.950168 1.065567 -1.131565
	endloop
endfacet
facet normal -0.155807 -0.189183 0.969502
	outer loop
		vertex 4.985310 1.107240 -1.117786
		vertex 5.161007 0.959341 -1.118410
		vertex 5.124631 0.916206 -1.132673
	endloop
endfacet
facet normal -0.197029 -0.238074 0.951052
	outer loop
		vertex 5.031173 1.161625 -1.094670
		vertex 5.161007 0.959341 -1.118410
		vertex 4.985310 1.107240 -1.117786
	endloop
endfacet
facet normal -0.197029 -0.238074 0.951052
	outer loop
		vertex 5.031173 1.161625 -1.094670
		vertex 5.208479 1.015635 -1.094483
		vertex 5.161007 0.959341 -1.118410
	endloop
endfacet
facet normal -0.250935 -0.303585 0.919167
	outer loop
		vertex 5.097935 1.240794 -1.050296
		vertex 5.208479 1.015635 -1.094483
		vertex 5.031173 1.161625 -1.094670
	endloop
endfacet
facet normal -0.250936 -0.303585 0.919167
	outer loop
		vertex 5.097935 1.240794 -1.050296
		vertex 5.277584 1.097581 -1.048552
		vertex 5.208479 1.015635 -1.094483
	endloop
endfacet
facet normal -0.250936 -0.303585 0.919167
	outer loop
		vertex 5.153570 1.306768 -1.013317
		vertex 5.277584 1.097581 -1.048552
		vertex 5.097935 1.240794 -1.050296
	endloop
endfacet
facet normal -0.250935 -0.303585 0.919167
	outer loop
		vertex 5.153570 1.306768 -1.013317
		vertex 5.335171 1.165870 -1.010276
		vertex 5.277584 1.097581 -1.048552
	endloop
endfacet
facet normal 0.000000 1.000000 0.000000
	outer loop
		vertex 5.153570 1.306768 -1.013317
		vertex 5.335171 1.165870 -1.010276
		vertex 5.153570 1.306768 -1.013317
	endloop
endfacet
facet normal 0.000000 1.000000 0.000000
	outer loop
		vertex 5.153570 1.306768 -1.013317
		vertex 5.335171 1.165870 -1.010276
		vertex 5.335171 1.165870 -1.010276
	endloop
endfacet
facet normal 0.145851 0.166936 -0.975120
	outer loop
		vertex 5.094548 1.236778 -1.034127
		vertex 5.335171 1.165870 -1.010276
		vertex 5.153570 1.306768 -1.013317
	endloop
endfacet
facet normal 0.145851 0.166936 -0.975121
	outer loop
		vertex 5.094548 1.236778 -1.034127
		vertex 5.274078 1.093424 -1.031816
		vertex 5.335171 1.165870 -1.010276
	endloop
endfacet
facet normal 0.145851 0.166935 -0.975121
	outer loop
		vertex 5.023722 1.152790 -1.059099
		vertex 5.274078 1.093424 -1.031816
		vertex 5.094548 1.236778 -1.034127
	endloop
endfacet
facet normal 0.145851 0.166936 -0.975120
	outer loop
		vertex 5.023722 1.152790 -1.059099
		vertex 5.200767 1.006490 -1.057664
		vertex 5.274078 1.093424 -1.031816
	endloop
endfacet
facet normal 0.201396 0.234390 -0.951053
	outer loop
		vertex 4.977859 1.098404 -1.082214
		vertex 5.200767 1.006490 -1.057664
		vertex 5.023722 1.152790 -1.059099
	endloop
endfacet
facet normal 0.201396 0.234390 -0.951053
	outer loop
		vertex 4.977859 1.098404 -1.082214
		vertex 5.153295 0.950196 -1.081590
		vertex 5.200767 1.006490 -1.057664
	endloop
endfacet
facet normal 0.241734 0.282234 -0.928390
	outer loop
		vertex 4.944207 1.058499 -1.103108
		vertex 5.153295 0.950196 -1.081590
		vertex 4.977859 1.098404 -1.082214
	endloop
endfacet
facet normal 0.241734 0.282233 -0.928391
	outer loop
		vertex 4.944207 1.058499 -1.103108
		vertex 5.118462 0.908890 -1.103217
		vertex 5.153295 0.950196 -1.081590
	endloop
endfacet
facet normal 0.363462 0.423942 -0.829559
	outer loop
		vertex 4.929646 1.041231 -1.118313
		vertex 5.118462 0.908890 -1.103217
		vertex 4.944207 1.058499 -1.103108
	endloop
endfacet
facet normal 0.363460 0.423939 -0.829562
	outer loop
		vertex 4.929646 1.041231 -1.118313
		vertex 5.103389 0.891016 -1.118955
		vertex 5.118462 0.908890 -1.103217
	endloop
endfacet
facet normal 0.511883 0.594714 -0.619912
	outer loop
		vertex 4.924256 1.034840 -1.128894
		vertex 5.103389 0.891016 -1.118955
		vertex 4.929646 1.041231 -1.118313
	endloop
endfacet
facet normal 0.511896 0.594732 -0.619884
	outer loop
		vertex 4.924256 1.034840 -1.128894
		vertex 5.097811 0.884401 -1.129908
		vertex 5.103389 0.891016 -1.118955
	endloop
endfacet
facet normal 0.000000 1.000000 0.000000
	outer loop
		vertex 4.932626 1.044765 -1.132541
		vertex 4.924256 1.034840 -1.128894
		vertex 4.924256 1.034840 -1.128894
	endloop
endfacet
facet normal 0.000000 1.000000 0.000000
	outer loop
		vertex 4.932626 1.044765 -1.132541
		vertex 4.932626 1.044765 -1.132541
		vertex 4.924256 1.034840 -1.128894
	endloop
endfacet
facet normal 0.000000 1.000000 0.000000
	outer loop
		vertex 4.950168 1.065567 -1.131565
		vertex 4.932626 1.044765 -1.132541
		vertex 4.932626 1.044765 -1.132541
	endloop
endfacet
facet normal 0.000000 1.000000 0.000000
	outer loop
		vertex 4.950168 1.065567 -1.131565
		vertex 4.950168 1.065567 -1.131565
		vertex 4.932626 1.044765 -1.132541
	endloop
endfacet
facet normal 0.000000 1.000000 0.000000
	outer loop
		vertex 4.985310 1.107240 -1.117786
		vertex 4.950168 1.065567 -1.131565
		vertex 4.950168 1.065567 -1.131565
	endloop
endfacet
facet normal 0.000000 1.000000 0.000000
	outer loop
		vertex 4.985310 1.107240 -1.117786
		vertex 4.985310 1.107240 -1.117786
		vertex 4.950168 1.065567 -1.131565
	endloop
endfacet
facet normal 0.000000 1.000000 0.000000
	outer loop
		vertex 5.031173 1.161625 -1.094670
		vertex 4.985310 1.107240 -1.117786
		vertex 4.985310 1.107240 -1.117786
	endloop
endfacet
facet normal 0.000000 1.000000 0.000000
	outer loop
		vertex 5.031173 1.161625 -1.094670
		vertex 5.031173 1.161625 -1.094670
		vertex 4.985310 1.107240 -1.117786
	endloop
endfacet
facet normal 0.000000 1.000000 0.000000
	outer loop
		vertex 5.097935 1.240794 -1.050296
		vertex 5.031173 1.161625 -1.094670
		vertex 5.031173 1.161625 -1.094670
	endloop
endfacet
facet normal 0.000000 1.000000 0.000000
	outer loop
		vertex 5.097935 1.240794 -1.050296
		vertex 5.097935 1.240794 -1.050296
		vertex 5.031173 1.161625 -1.094670
	endloop
endfacet
facet normal 0.000000 1.000000 0.000000
	outer loop
		vertex 5.153570 1.306768 -1.013317
		vertex 5.097935 1.240794 -1.050296
		vertex 5.097935 1.240794 -1.050296
	endloop
endfacet
facet normal 0.000000 1.000000 0.000000
	outer loop
		vertex 5.153570 1.306768 -1.013317
		vertex 5.153570 1.306768 -1.013317
		vertex 5.097935 1.240794 -1.050296
	endloop
endfacet
facet normal 0.000000 1.000000 0.000000
	outer loop
		vertex 5.153570 1.306768 -1.013317
		vertex 5.153570 1.306768 -1.013317
		vertex 5.153570 1.306768 -1.013317
	endloop
endfacet
facet normal 0.000000 1.000000 0.000000
	outer loop
		vertex 5.153570 1.306768 -1.013317
		vertex 5.153570 1.306768 -1.013317
		vertex 5.153570 1.306768 -1.013317
	endloop
endfacet
facet normal 0.000000 1.000000 0.000000
	outer loop
		vertex 5.094548 1.236778 -1.034127
		vertex 5.153570 1.306768 -1.013317
		vertex 5.153570 1.306768 -1.013317
	endloop
endfacet
facet normal 0.000000 1.000000 0.000000
	outer loop
		vertex 5.094548 1.236778 -1.034127
		vertex 5.094548 1.236778 -1.034127
		vertex 5.153570 1.306768 -1.013317
	endloop
endfacet
facet normal 0.000000 1.000000 0.000000
	outer loop
		vertex 5.023722 1.152790 -1.059099
		vertex 5.094548 1.236778 -1.034127
		vertex 5.094548 1.236778 -1.034127
	endloop
endfacet
facet normal 0.000000 1.000000 0.000000
	outer loop
		vertex 5.023722 1.152790 -1.059099
		vertex 5.023722 1.152790 -1.059099
		vertex 5.094548 1.236778 -1.034127
	endloop
endfacet
facet normal 0.000000 1.000000 0.000000
	outer loop
		vertex 4.977859 1.098404 -1.082214
		vertex 5.023722 1.152790 -1.059099
		vertex 5.023722 1.152790 -1.059099
	endloop
endfacet
facet normal 0.000000 1.000000 0.000000
	outer loop
		vertex 4.977859 1.098404 -1.082214
		vertex 4.977859 1.098404 -1.082214
		vertex 5.023722 1.152790 -1.059099
	endloop
endfacet
facet normal 0.000000 1.000000 0.000000
	outer loop
		vertex 4.944207 1.058499 -1.103108
		vertex 4.977859 1.098404 -1.082214
		vertex 4.977859 1.098404 -1.082214
	endloop
endfacet
facet normal 0.000000 1.000000 0.000000
	outer loop
		vertex 4.944207 1.058499 -1.103108
		vertex 4.944207 1.058499 -1.103108
		vertex 4.977859 1.098404 -1.082214
	endloop
endfacet
facet normal 0.000000 1.000000 0.000000
	outer loop
		vertex 4.929646 1.041231 -1.118313
		vertex 4.944207 1.058499 -1.103108
		vertex 4.944207 1.058499 -1.103108
	endloop
endfacet
facet normal 0.000000 1.000000 0.000000
	outer loop
		vertex 4.929646 1.041231 -1.118313
		vertex 4.929646 1.041231 -1.118313
		vertex 4.944207 1.058499 -1.103108
	endloop
endfacet
facet normal 0.000000 1.000000 0.000000
	outer loop
		vertex 4.924256 1.034840 -1.128894
		vertex 4.929646 1.041231 -1.118313
		vertex 4.929646 1.041231 -1.118313
	endloop
endfacet
facet normal 0.000000 1.000000 0.000000
	outer loop
		vertex 4.924256 1.034840 -1.128894
		vertex 4.924256 1.034840 -1.128894
		vertex 4.929646 1.041231 -1.118313
	endloop
endfacet
facet normal 0.180390 0.201620 0.962709
	outer loop
		vertex 4.758778 1.194855 -1.131399
		vertex 4.924256 1.034840 -1.128894
		vertex 4.750701 1.185279 -1.127880
	endloop
endfacet
facet normal 0.180386 0.201616 0.962711
	outer loop
		vertex 4.758778 1.194855 -1.131399
		vertex 4.932626 1.044765 -1.132541
		vertex 4.924256 1.034840 -1.128894
	endloop
endfacet
facet normal -0.019630 -0.030340 0.999347
	outer loop
		vertex 4.775704 1.214927 -1.130458
		vertex 4.932626 1.044765 -1.132541
		vertex 4.758778 1.194855 -1.131399
	endloop
endfacet
facet normal -0.019633 -0.030342 0.999347
	outer loop
		vertex 4.775704 1.214927 -1.130458
		vertex 4.950168 1.065567 -1.131565
		vertex 4.932626 1.044765 -1.132541
	endloop
endfacet
facet normal -0.155808 -0.189183 0.969502
	outer loop
		vertex 4.809613 1.255138 -1.117162
		vertex 4.950168 1.065567 -1.131565
		vertex 4.775704 1.214927 -1.130458
	endloop
endfacet
facet normal -0.155807 -0.189182 0.969502
	outer loop
		vertex 4.809613 1.255138 -1.117162
		vertex 4.985310 1.107240 -1.117786
		vertex 4.950168 1.065567 -1.131565
	endloop
endfacet
facet normal -0.197028 -0.238074 0.951052
	outer loop
		vertex 4.853867 1.307615 -1.094857
		vertex 4.985310 1.107240 -1.117786
		vertex 4.809613 1.255138 -1.117162
	endloop
endfacet
facet normal -0.197029 -0.238074 0.951052
	outer loop
		vertex 4.853867 1.307615 -1.094857
		vertex 5.031173 1.161625 -1.094670
		vertex 4.985310 1.107240 -1.117786
	endloop
endfacet
facet normal -0.250935 -0.303585 0.919167
	outer loop
		vertex 4.918286 1.384006 -1.052040
		vertex 5.031173 1.161625 -1.094670
		vertex 4.853867 1.307615 -1.094857
	endloop
endfacet
facet normal -0.250935 -0.303585 0.919167
	outer loop
		vertex 4.918286 1.384006 -1.052040
		vertex 5.097935 1.240794 -1.050296
		vertex 5.031173 1.161625 -1.094670
	endloop
endfacet
facet normal -0.250935 -0.303585 0.919167
	outer loop
		vertex 4.971970 1.447665 -1.016359
		vertex 5.097935 1.240794 -1.050296
		vertex 4.918286 1.384006 -1.052040
	endloop
endfacet
facet normal -0.250936 -0.303585 0.919167
	outer loop
		vertex 4.971970 1.447665 -1.016359
		vertex 5.153570 1.306768 -1.013317
		vertex 5.097935 1.240794 -1.050296
	endloop
endfacet
facet normal 0.000000 1.000000 0.000000
	outer loop
		vertex 4.971970 1.447665 -1.016359
		vertex 5.153570 1.306768 -1.013317
		vertex 4.971970 1.447665 -1.016359
	endloop
endfacet
facet normal 0.000000 1.000000 0.000000
	outer loop
		vertex 4.971970 1.447665 -1.016359
		vertex 5.153570 1.306768 -1.013317
		vertex 5.153570 1.306768 -1.013317
	endloop
endfacet
facet normal 0.145851 0.166936 -0.975120
	outer loop
		vertex 4.915019 1.380131 -1.036438
		vertex 5.153570 1.306768 -1.013317
		vertex 4.971970 1.447665 -1.016359
	endloop
endfacet
facet normal 0.145851 0.166936 -0.975120
	outer loop
		vertex 4.915019 1.380131 -1.036438
		vertex 5.094548 1.236778 -1.034127
		vertex 5.153570 1.306768 -1.013317
	endloop
endfacet
facet normal 0.145851 0.166936 -0.975120
	outer loop
		vertex 4.846677 1.299090 -1.060534
		vertex 5.094548 1.236778 -1.034127
		vertex 4.915019 1.380131 -1.036438
	endloop
endfacet
facet normal 0.145851 0.166935 -0.975121
	outer loop
		vertex 4.846677 1.299090 -1.060534
		vertex 5.023722 1.152790 -1.059099
		vertex 5.094548 1.236778 -1.034127
	endloop
endfacet
facet normal 0.201396 0.234388 -0.951053
	outer loop
		vertex 4.802423 1.246613 -1.082839
		vertex 5.023722 1.152790 -1.059099
		vertex 4.846677 1.299090 -1.060534
	endloop
endfacet
facet normal 0.201396 0.234389 -0.951053
	outer loop
		vertex 4.802423 1.246613 -1.082839
		vertex 4.977859 1.098404 -1.082214
		vertex 5.023722 1.152790 -1.059099
	endloop
endfacet
facet normal 0.241735 0.282234 -0.928390
	outer loop
		vertex 4.769953 1.208107 -1.102999
		vertex 4.977859 1.098404 -1.082214
		vertex 4.802423 1.246613 -1.082839
	endloop
endfacet
facet normal 0.241735 0.282234 -0.928390
	outer loop
		vertex 4.769953 1.208107 -1.102999
		vertex 4.944207 1.058499 -1.103108
		vertex 4.977859 1.098404 -1.082214
	endloop
endfacet
facet normal 0.363457 0.423936 -0.829565
	outer loop
		vertex 4.755901 1.191445 -1.117670
		vertex 4.944207 1.058499 -1.103108
		vertex 4.769953 1.208107 -1.102999
	endloop
endfacet
facet normal 0.363461 0.423943 -0.829559
	outer loop
		vertex 4.755901 1.191445 -1.117670
		vertex 4.929646 1.041231 -1.118313
		vertex 4.944207 1.058499 -1.103108
	endloop
endfacet
facet normal 0.511893 0.594729 -0.619889
	outer loop
		vertex 4.750701 1.185279 -1.127880
		vertex 4.929646 1.041231 -1.118313
		vertex 4.755901 1.191445 -1.117670
	endloop
endfacet
facet normal 0.511883 0.594714 -0.619912
	outer loop
		vertex 4.750701 1.185279 -1.127880
		vertex 4.924256 1.034840 -1.128894
		vertex 4.929646 1.041231 -1.118313
	endloop
endfacet
facet normal 0.764469 -0.644661 0.000082
	outer loop
		vertex 4.775704 1.214927 -1.130458
		vertex 4.758778 1.194855 -1.131399
		vertex 4.750701 1.185279 -1.127880
	endloop
endfacet
facet normal 0.764465 -0.644665 -0.000013
	outer loop
		vertex 4.809613 1.255138 -1.117162
		vertex 4.775704 1.214927 -1.130458
		vertex 4.750701 1.185279 -1.127880
	endloop
endfacet
facet normal 0.764462 -0.644669 0.000022
	outer loop
		vertex 4.853867 1.307615 -1.094857
		vertex 4.809613 1.255138 -1.117162
		vertex 4.750701 1.185279 -1.127880
	endloop
endfacet
facet normal 0.764467 -0.644663 -0.000012
	outer loop
		vertex 4.971970 1.447665 -1.016359
		vertex 4.853867 1.307615 -1.094857
		vertex 4.750701 1.185279 -1.127880
	endloop
endfacet
facet normal 0.000000 1.000000 0.000000
	outer loop
		vertex 4.971970 1.447665 -1.016359
		vertex 4.971970 1.447665 -1.016359
		vertex 4.750701 1.185279 -1.127880
	endloop
endfacet
facet normal 0.764463 -0.644667 0.000004
	outer loop
		vertex 4.846677 1.299090 -1.060534
		vertex 4.971970 1.447665 -1.016359
		vertex 4.750701 1.185279 -1.127880
	endloop
endfacet
facet normal 0.764458 -0.644674 0.000022
	outer loop
		vertex 4.802423 1.246613 -1.082839
		vertex 4.846677 1.299090 -1.060534
		vertex 4.750701 1.185279 -1.127880
	endloop
endfacet
facet normal 0.764480 -0.644647 -0.000039
	outer loop
		vertex 4.769953 1.208107 -1.102999
		vertex 4.802423 1.246613 -1.082839
		vertex 4.750701 1.185279 -1.127880
	endloop
endfacet
facet normal 0.764425 -0.644713 0.000064
	outer loop
		vertex 4.755901 1.191445 -1.117670
		vertex 4.769953 1.208107 -1.102999
		vertex 4.750701 1.185279 -1.127880
	endloop
endfacet
facet normal -0.264808 0.055413 0.962708
	outer loop
		vertex 6.616988 -0.472855 -1.141676
		vertex 6.676862 -0.250260 -1.138019
		vertex 6.633356 -0.475782 -1.137005
	endloop
endfacet
facet normal -0.264808 0.055413 0.962708
	outer loop
		vertex 6.616988 -0.472855 -1.141676
		vertex 6.660046 -0.247252 -1.142817
		vertex 6.676862 -0.250260 -1.138019
	endloop
endfacet
facet normal 0.036094 -0.001831 0.999347
	outer loop
		vertex 6.582683 -0.466719 -1.140425
		vertex 6.660046 -0.247252 -1.142817
		vertex 6.616988 -0.472855 -1.141676
	endloop
endfacet
facet normal 0.036093 -0.001831 0.999347
	outer loop
		vertex 6.582683 -0.466719 -1.140425
		vertex 6.624801 -0.240949 -1.141533
		vertex 6.660046 -0.247252 -1.142817
	endloop
endfacet
facet normal 0.241741 -0.040341 0.969502
	outer loop
		vertex 6.513959 -0.454427 -1.122778
		vertex 6.624801 -0.240949 -1.141533
		vertex 6.582683 -0.466719 -1.140425
	endloop
endfacet
facet normal 0.241742 -0.040342 0.969502
	outer loop
		vertex 6.513959 -0.454427 -1.122778
		vertex 6.554195 -0.228320 -1.123402
		vertex 6.624801 -0.240949 -1.141533
	endloop
endfacet
facet normal 0.304691 -0.051595 0.951053
	outer loop
		vertex 6.424271 -0.438386 -1.093174
		vertex 6.554195 -0.228320 -1.123402
		vertex 6.513959 -0.454427 -1.122778
	endloop
endfacet
facet normal 0.304691 -0.051594 0.951053
	outer loop
		vertex 6.424271 -0.438386 -1.093174
		vertex 6.462049 -0.211839 -1.092987
		vertex 6.554195 -0.228320 -1.123402
	endloop
endfacet
facet normal 0.388380 -0.065523 0.919167
	outer loop
		vertex 6.293712 -0.415034 -1.036344
		vertex 6.462049 -0.211839 -1.092987
		vertex 6.424271 -0.438386 -1.093174
	endloop
endfacet
facet normal 0.388381 -0.065525 0.919166
	outer loop
		vertex 6.293712 -0.415034 -1.036344
		vertex 6.327914 -0.187848 -1.034600
		vertex 6.462049 -0.211839 -1.092987
	endloop
endfacet
facet normal 0.388380 -0.065525 0.919167
	outer loop
		vertex 6.184913 -0.395574 -0.988985
		vertex 6.327914 -0.187848 -1.034600
		vertex 6.293712 -0.415034 -1.036344
	endloop
endfacet
facet normal 0.388379 -0.065524 0.919167
	outer loop
		vertex 6.184913 -0.395574 -0.988985
		vertex 6.216134 -0.167855 -0.985944
		vertex 6.327914 -0.187848 -1.034600
	endloop
endfacet
facet normal 0.000000 1.000000 0.000000
	outer loop
		vertex 6.184913 -0.395574 -0.988985
		vertex 6.216134 -0.167855 -0.985944
		vertex 6.184913 -0.395574 -0.988985
	endloop
endfacet
facet normal 0.000000 1.000000 0.000000
	outer loop
		vertex 6.184913 -0.395574 -0.988985
		vertex 6.216134 -0.167855 -0.985944
		vertex 6.216134 -0.167855 -0.985944
	endloop
endfacet
facet normal -0.217496 0.042843 -0.975121
	outer loop
		vertex 6.300335 -0.416219 -1.015636
		vertex 6.216134 -0.167855 -0.985944
		vertex 6.184913 -0.395574 -0.988985
	endloop
endfacet
facet normal -0.217495 0.042843 -0.975121
	outer loop
		vertex 6.300335 -0.416219 -1.015636
		vertex 6.334718 -0.189065 -1.013325
		vertex 6.216134 -0.167855 -0.985944
	endloop
endfacet
facet normal -0.217496 0.042843 -0.975120
	outer loop
		vertex 6.438842 -0.440992 -1.047618
		vertex 6.334718 -0.189065 -1.013325
		vertex 6.300335 -0.416219 -1.015636
	endloop
endfacet
facet normal -0.217496 0.042843 -0.975120
	outer loop
		vertex 6.438842 -0.440992 -1.047618
		vertex 6.477019 -0.214516 -1.046183
		vertex 6.334718 -0.189065 -1.013325
	endloop
endfacet
facet normal -0.303685 0.057220 -0.951053
	outer loop
		vertex 6.528530 -0.457033 -1.077222
		vertex 6.477019 -0.214516 -1.046183
		vertex 6.438842 -0.440992 -1.047618
	endloop
endfacet
facet normal -0.303686 0.057220 -0.951052
	outer loop
		vertex 6.528530 -0.457033 -1.077222
		vertex 6.569165 -0.230998 -1.076598
		vertex 6.477019 -0.214516 -1.046183
	endloop
endfacet
facet normal -0.365287 0.068231 -0.928391
	outer loop
		vertex 6.594339 -0.468804 -1.103981
		vertex 6.569165 -0.230998 -1.076598
		vertex 6.528530 -0.457033 -1.077222
	endloop
endfacet
facet normal -0.365288 0.068231 -0.928391
	outer loop
		vertex 6.594339 -0.468804 -1.103981
		vertex 6.636777 -0.243091 -1.104090
		vertex 6.569165 -0.230998 -1.076598
	endloop
endfacet
facet normal -0.548874 0.102796 -0.829560
	outer loop
		vertex 6.622816 -0.473897 -1.123453
		vertex 6.636777 -0.243091 -1.104090
		vertex 6.594339 -0.468804 -1.103981
	endloop
endfacet
facet normal -0.548868 0.102796 -0.829564
	outer loop
		vertex 6.622816 -0.473897 -1.123453
		vertex 6.666034 -0.248324 -1.124096
		vertex 6.636777 -0.243091 -1.104090
	endloop
endfacet
facet normal -0.770979 0.145948 -0.619912
	outer loop
		vertex 6.633356 -0.475782 -1.137005
		vertex 6.666034 -0.248324 -1.124096
		vertex 6.622816 -0.473897 -1.123453
	endloop
endfacet
facet normal -0.771000 0.145949 -0.619885
	outer loop
		vertex 6.633356 -0.475782 -1.137005
		vertex 6.676862 -0.250260 -1.138019
		vertex 6.666034 -0.248324 -1.124096
	endloop
endfacet
facet normal 0.000000 1.000000 0.000000
	outer loop
		vertex 6.616988 -0.472855 -1.141676
		vertex 6.633356 -0.475782 -1.137005
		vertex 6.633356 -0.475782 -1.137005
	endloop
endfacet
facet normal 0.000000 1.000000 0.000000
	outer loop
		vertex 6.616988 -0.472855 -1.141676
		vertex 6.616988 -0.472855 -1.141676
		vertex 6.633356 -0.475782 -1.137005
	endloop
endfacet
facet normal 0.000000 1.000000 0.000000
	outer loop
		vertex 6.582683 -0.466719 -1.140425
		vertex 6.616988 -0.472855 -1.141676
		vertex 6.616988 -0.472855 -1.141676
	endloop
endfacet
facet normal 0.000000 1.000000 0.000000
	outer loop
		vertex 6.582683 -0.466719 -1.140425
		vertex 6.582683 -0.466719 -1.140425
		vertex 6.616988 -0.472855 -1.141676
	endloop
endfacet
facet normal 0.000000 1.000000 0.000000
	outer loop
		vertex 6.513959 -0.454427 -1.122778
		vertex 6.582683 -0.466719 -1.140425
		vertex 6.582683 -0.466719 -1.140425
	endloop
endfacet
facet normal 0.000000 1.000000 0.000000
	outer loop
		vertex 6.513959 -0.454427 -1.122778
		vertex 6.513959 -0.454427 -1.122778
		vertex 6.582683 -0.466719 -1.140425
	endloop
endfacet
facet normal 0.000000 1.000000 0.000000
	outer loop
		vertex 6.424271 -0.438386 -1.093174
		vertex 6.513959 -0.454427 -1.122778
		vertex 6.513959 -0.454427 -1.122778
	endloop
endfacet
facet normal 0.000000 1.000000 0.000000
	outer loop
		vertex 6.424271 -0.438386 -1.093174
		vertex 6.424271 -0.438386 -1.093174
		vertex 6.513959 -0.454427 -1.122778
	endloop
endfacet
facet normal 0.000000 1.000000 0.000000
	outer loop
		vertex 6.293712 -0.415034 -1.036344
		vertex 6.424271 -0.438386 -1.093174
		vertex 6.424271 -0.438386 -1.093174
	endloop
endfacet
facet normal 0.000000 1.000000 0.000000
	outer loop
		vertex 6.293712 -0.415034 -1.036344
		vertex 6.293712 -0.415034 -1.036344
		vertex 6.424271 -0.438386 -1.093174
	endloop
endfacet
facet normal 0.000000 1.000000 0.000000
	outer loop
		vertex 6.184913 -0.395574 -0.988985
		vertex 6.293712 -0.415034 -1.036344
		vertex 6.293712 -0.415034 -1.036344
	endloop
endfacet
facet normal 0.000000 1.000000 0.000000
	outer loop
		vertex 6.184913 -0.395574 -0.988985
		vertex 6.184913 -0.395574 -0.988985
		vertex 6.293712 -0.415034 -1.036344
	endloop
endfacet
facet normal 0.000000 1.000000 0.000000
	outer loop
		vertex 6.184913 -0.395574 -0.988985
		vertex 6.184913 -0.395574 -0.988985
		vertex 6.184913 -0.395574 -0.988985
	endloop
endfacet
facet normal 0.000000 1.000000 0.000000
	outer loop
		vertex 6.184913 -0.395574 -0.988985
		vertex 6.184913 -0.395574 -0.988985
		vertex 6.184913 -0.395574 -0.988985
	endloop
endfacet
facet normal 0.000000 1.000000 0.000000
	outer loop
		vertex 6.300335 -0.416219 -1.015636
		vertex 6.184913 -0.395574 -0.988985
		vertex 6.184913 -0.395574 -0.988985
	endloop
endfacet
facet normal 0.000000 1.000000 0.000000
	outer loop
		vertex 6.300335 -0.416219 -1.015636
		vertex 6.300335 -0.416219 -1.015636
		vertex 6.184913 -0.395574 -0.988985
	endloop
endfacet
facet normal 0.000000 1.000000 0.000000
	outer loop
		vertex 6.438842 -0.440992 -1.047618
		vertex 6.300335 -0.416219 -1.015636
		vertex 6.300335 -0.416219 -1.015636
	endloop
endfacet
facet normal 0.000000 1.000000 0.000000
	outer loop
		vertex 6.438842 -0.440992 -1.047618
		vertex 6.438842 -0.440992 -1.047618
		vertex 6.300335 -0.416219 -1.015636
	endloop
endfacet
facet normal 0.000000 1.000000 0.000000
	outer loop
		vertex 6.528530 -0.457033 -1.077222
		vertex 6.438842 -0.440992 -1.047618
		vertex 6.438842 -0.440992 -1.047618
	endloop
endfacet
facet normal 0.000000 1.000000 0.000000
	outer loop
		vertex 6.528530 -0.457033 -1.077222
		vertex 6.528530 -0.457033 -1.077222
		vertex 6.438842 -0.440992 -1.047618
	endloop
endfacet
facet normal 0.000000 1.000000 0.000000
	outer loop
		vertex 6.594339 -0.468804 -1.103981
		vertex 6.528530 -0.457033 -1.077222
		vertex 6.528530 -0.457033 -1.077222
	endloop
endfacet
facet normal 0.000000 1.000000 0.000000
	outer loop
		vertex 6.594339 -0.468804 -1.103981
		vertex 6.594339 -0.468804 -1.103981
		vertex 6.528530 -0.457033 -1.077222
	endloop
endfacet
facet normal 0.000000 1.000000 0.000000
	outer loop
		vertex 6.622816 -0.473897 -1.123453
		vertex 6.594339 -0.468804 -1.103981
		vertex 6.594339 -0.468804 -1.103981
	endloop
endfacet
facet normal 0.000000 1.000000 0.000000
	outer loop
		vertex 6.622816 -0.473897 -1.123453
		vertex 6.622816 -0.473897 -1.123453
		vertex 6.594339 -0.468804 -1.103981
	endloop
endfacet
facet normal 0.000000 1.000000 0.000000
	outer loop
		vertex 6.633356 -0.475782 -1.137005
		vertex 6.622816 -0.473897 -1.123453
		vertex 6.622816 -0.473897 -1.123453
	endloop
endfacet
facet normal 0.000000 1.000000 0.000000
	outer loop
		vertex 6.633356 -0.475782 -1.137005
		vertex 6.633356 -0.475782 -1.137005
		vertex 6.622816 -0.473897 -1.123453
	endloop
endfacet
facet normal -0.264801 0.055412 0.962710
	outer loop
		vertex 6.573930 -0.698457 -1.140534
		vertex 6.633356 -0.475782 -1.137005
		vertex 6.589849 -0.701304 -1.135991
	endloop
endfacet
facet normal -0.264808 0.055413 0.962708
	outer loop
		vertex 6.573930 -0.698457 -1.140534
		vertex 6.616988 -0.472855 -1.141676
		vertex 6.633356 -0.475782 -1.137005
	endloop
endfacet
facet normal 0.036092 -0.001831 0.999347
	outer loop
		vertex 6.540565 -0.692489 -1.139318
		vertex 6.616988 -0.472855 -1.141676
		vertex 6.573930 -0.698457 -1.140534
	endloop
endfacet
facet normal 0.036094 -0.001832 0.999347
	outer loop
		vertex 6.540565 -0.692489 -1.139318
		vertex 6.582683 -0.466719 -1.140425
		vertex 6.616988 -0.472855 -1.141676
	endloop
endfacet
facet normal 0.241744 -0.040343 0.969501
	outer loop
		vertex 6.473724 -0.680534 -1.122154
		vertex 6.582683 -0.466719 -1.140425
		vertex 6.540565 -0.692489 -1.139318
	endloop
endfacet
facet normal 0.241741 -0.040341 0.969502
	outer loop
		vertex 6.473724 -0.680534 -1.122154
		vertex 6.513959 -0.454427 -1.122778
		vertex 6.582683 -0.466719 -1.140425
	endloop
endfacet
facet normal 0.304690 -0.051594 0.951053
	outer loop
		vertex 6.386493 -0.664932 -1.093361
		vertex 6.513959 -0.454427 -1.122778
		vertex 6.473724 -0.680534 -1.122154
	endloop
endfacet
facet normal 0.304691 -0.051595 0.951053
	outer loop
		vertex 6.386493 -0.664932 -1.093361
		vertex 6.424271 -0.438386 -1.093174
		vertex 6.513959 -0.454427 -1.122778
	endloop
endfacet
facet normal 0.388381 -0.065524 0.919166
	outer loop
		vertex 6.259511 -0.642220 -1.038088
		vertex 6.424271 -0.438386 -1.093174
		vertex 6.386493 -0.664932 -1.093361
	endloop
endfacet
facet normal 0.388380 -0.065523 0.919167
	outer loop
		vertex 6.259511 -0.642220 -1.038088
		vertex 6.293712 -0.415034 -1.036344
		vertex 6.424271 -0.438386 -1.093174
	endloop
endfacet
facet normal 0.388380 -0.065523 0.919167
	outer loop
		vertex 6.153693 -0.623294 -0.992027
		vertex 6.293712 -0.415034 -1.036344
		vertex 6.259511 -0.642220 -1.038088
	endloop
endfacet
facet normal 0.388380 -0.065524 0.919167
	outer loop
		vertex 6.153693 -0.623294 -0.992027
		vertex 6.184913 -0.395574 -0.988985
		vertex 6.293712 -0.415034 -1.036344
	endloop
endfacet
facet normal 0.000000 1.000000 0.000000
	outer loop
		vertex 6.153693 -0.623294 -0.992027
		vertex 6.184913 -0.395574 -0.988985
		vertex 6.153693 -0.623294 -0.992027
	endloop
endfacet
facet normal 0.000000 1.000000 0.000000
	outer loop
		vertex 6.153693 -0.623294 -0.992027
		vertex 6.184913 -0.395574 -0.988985
		vertex 6.184913 -0.395574 -0.988985
	endloop
endfacet
facet normal -0.217497 0.042843 -0.975120
	outer loop
		vertex 6.265953 -0.643372 -1.017948
		vertex 6.184913 -0.395574 -0.988985
		vertex 6.153693 -0.623294 -0.992027
	endloop
endfacet
facet normal -0.217496 0.042843 -0.975121
	outer loop
		vertex 6.265953 -0.643372 -1.017948
		vertex 6.300335 -0.416219 -1.015636
		vertex 6.184913 -0.395574 -0.988985
	endloop
endfacet
facet normal -0.217496 0.042843 -0.975121
	outer loop
		vertex 6.400664 -0.667467 -1.049053
		vertex 6.300335 -0.416219 -1.015636
		vertex 6.265953 -0.643372 -1.017948
	endloop
endfacet
facet normal -0.217497 0.042843 -0.975120
	outer loop
		vertex 6.400664 -0.667467 -1.049053
		vertex 6.438842 -0.440992 -1.047618
		vertex 6.300335 -0.416219 -1.015636
	endloop
endfacet
facet normal -0.303686 0.057219 -0.951052
	outer loop
		vertex 6.487895 -0.683069 -1.077846
		vertex 6.438842 -0.440992 -1.047618
		vertex 6.400664 -0.667467 -1.049053
	endloop
endfacet
facet normal -0.303685 0.057220 -0.951053
	outer loop
		vertex 6.487895 -0.683069 -1.077846
		vertex 6.528530 -0.457033 -1.077222
		vertex 6.438842 -0.440992 -1.047618
	endloop
endfacet
facet normal -0.365287 0.068231 -0.928391
	outer loop
		vertex 6.551902 -0.694517 -1.103872
		vertex 6.528530 -0.457033 -1.077222
		vertex 6.487895 -0.683069 -1.077846
	endloop
endfacet
facet normal -0.365287 0.068231 -0.928391
	outer loop
		vertex 6.551902 -0.694517 -1.103872
		vertex 6.594339 -0.468804 -1.103981
		vertex 6.528530 -0.457033 -1.077222
	endloop
endfacet
facet normal -0.548873 0.102796 -0.829561
	outer loop
		vertex 6.579598 -0.699471 -1.122811
		vertex 6.594339 -0.468804 -1.103981
		vertex 6.551902 -0.694517 -1.103872
	endloop
endfacet
facet normal -0.548874 0.102796 -0.829560
	outer loop
		vertex 6.579598 -0.699471 -1.122811
		vertex 6.622816 -0.473897 -1.123453
		vertex 6.594339 -0.468804 -1.103981
	endloop
endfacet
facet normal -0.770986 0.145948 -0.619903
	outer loop
		vertex 6.589849 -0.701304 -1.135991
		vertex 6.622816 -0.473897 -1.123453
		vertex 6.579598 -0.699471 -1.122811
	endloop
endfacet
facet normal -0.770979 0.145947 -0.619912
	outer loop
		vertex 6.589849 -0.701304 -1.135991
		vertex 6.633356 -0.475782 -1.137005
		vertex 6.622816 -0.473897 -1.123453
	endloop
endfacet
facet normal 0.000000 1.000000 0.000000
	outer loop
		vertex 6.573930 -0.698457 -1.140534
		vertex 6.589849 -0.701304 -1.135991
		vertex 6.589849 -0.701304 -1.135991
	endloop
endfacet
facet normal 0.000000 1.000000 0.000000
	outer loop
		vertex 6.573930 -0.698457 -1.140534
		vertex 6.573930 -0.698457 -1.140534
		vertex 6.589849 -0.701304 -1.135991
	endloop
endfacet
facet normal 0.000000 1.000000 0.000000
	outer loop
		vertex 6.540565 -0.692489 -1.139318
		vertex 6.573930 -0.698457 -1.140534
		vertex 6.573930 -0.698457 -1.140534
	endloop
endfacet
facet normal 0.000000 1.000000 0.000000
	outer loop
		vertex 6.540565 -0.692489 -1.139318
		vertex 6.540565 -0.692489 -1.139318
		vertex 6.573930 -0.698457 -1.140534
	endloop
endfacet
facet normal 0.000000 1.000000 0.000000
	outer loop
		vertex 6.473724 -0.680534 -1.122154
		vertex 6.540565 -0.692489 -1.139318
		vertex 6.540565 -0.692489 -1.139318
	endloop
endfacet
facet normal 0.000000 1.000000 0.000000
	outer loop
		vertex 6.473724 -0.680534 -1.122154
		vertex 6.473724 -0.680534 -1.122154
		vertex 6.540565 -0.692489 -1.139318
	endloop
endfacet
facet normal 0.000000 1.000000 0.000000
	outer loop
		vertex 6.386493 -0.664932 -1.093361
		vertex 6.473724 -0.680534 -1.122154
		vertex 6.473724 -0.680534 -1.122154
	endloop
endfacet
facet normal 0.000000 1.000000 0.000000
	outer loop
		vertex 6.386493 -0.664932 -1.093361
		vertex 6.386493 -0.664932 -1.093361
		vertex 6.473724 -0.680534 -1.122154
	endloop
endfacet
facet normal 0.000000 1.000000 0.000000
	outer loop
		vertex 6.259511 -0.642220 -1.038088
		vertex 6.386493 -0.664932 -1.093361
		vertex 6.386493 -0.664932 -1.093361
	endloop
endfacet
facet normal 0.000000 1.000000 0.000000
	outer loop
		vertex 6.259511 -0.642220 -1.038088
		vertex 6.259511 -0.642220 -1.038088
		vertex 6.386493 -0.664932 -1.093361
	endloop
endfacet
facet normal 0.000000 1.000000 0.000000
	outer loop
		vertex 6.153693 -0.623294 -0.992027
		vertex 6.259511 -0.642220 -1.038088
		vertex 6.259511 -0.642220 -1.038088
	endloop
endfacet
facet normal 0.000000 1.000000 0.000000
	outer loop
		vertex 6.153693 -0.623294 -0.992027
		vertex 6.153693 -0.623294 -0.992027
		vertex 6.259511 -0.642220 -1.038088
	endloop
endfacet
facet normal 0.000000 1.000000 0.000000
	outer loop
		vertex 6.153693 -0.623294 -0.992027
		vertex 6.153693 -0.623294 -0.992027
		vertex 6.153693 -0.623294 -0.992027
	endloop
endfacet
facet normal 0.000000 1.000000 0.000000
	outer loop
		vertex 6.153693 -0.623294 -0.992027
		vertex 6.153693 -0.623294 -0.992027
		vertex 6.153693 -0.623294 -0.992027
	endloop
endfacet
facet normal 0.000000 1.000000 0.000000
	outer loop
		vertex 6.265953 -0.643372 -1.017948
		vertex 6.153693 -0.623294 -0.992027
		vertex 6.153693 -0.623294 -0.992027
	endloop
endfacet
facet normal 0.000000 1.000000 0.000000
	outer loop
		vertex 6.265953 -0.643372 -1.017948
		vertex 6.265953 -0.643372 -1.017948
		vertex 6.153693 -0.623294 -0.992027
	endloop
endfacet
facet normal 0.000000 1.000000 0.000000
	outer loop
		vertex 6.400664 -0.667467 -1.049053
		vertex 6.265953 -0.643372 -1.017948
		vertex 6.265953 -0.643372 -1.017948
	endloop
endfacet
facet normal 0.000000 1.000000 0.000000
	outer loop
		vertex 6.400664 -0.667467 -1.049053
		vertex 6.400664 -0.667467 -1.049053
		vertex 6.265953 -0.643372 -1.017948
	endloop
endfacet
facet normal 0.000000 1.000000 0.000000
	outer loop
		vertex 6.487895 -0.683069 -1.077846
		vertex 6.400664 -0.667467 -1.049053
		vertex 6.400664 -0.667467 -1.049053
	endloop
endfacet
facet normal 0.000000 1.000000 0.000000
	outer loop
		vertex 6.487895 -0.683069 -1.077846
		vertex 6.487895 -0.683069 -1.077846
		vertex 6.400664 -0.667467 -1.049053
	endloop
endfacet
facet normal 0.000000 1.000000 0.000000
	outer loop
		vertex 6.551902 -0.694517 -1.103872
		vertex 6.487895 -0.683069 -1.077846
		vertex 6.487895 -0.683069 -1.077846
	endloop
endfacet
facet normal 0.000000 1.000000 0.000000
	outer loop
		vertex 6.551902 -0.694517 -1.103872
		vertex 6.551902 -0.694517 -1.103872
		vertex 6.487895 -0.683069 -1.077846
	endloop
endfacet
facet normal 0.000000 1.000000 0.000000
	outer loop
		vertex 6.579598 -0.699471 -1.122811
		vertex 6.551902 -0.694517 -1.103872
		vertex 6.551902 -0.694517 -1.103872
	endloop
endfacet
facet normal 0.000000 1.000000 0.000000
	outer loop
		vertex 6.579598 -0.699471 -1.122811
		vertex 6.579598 -0.699471 -1.122811
		vertex 6.551902 -0.694517 -1.103872
	endloop
endfacet
facet normal 0.000000 1.000000 0.000000
	outer loop
		vertex 6.589849 -0.701304 -1.135991
		vertex 6.579598 -0.699471 -1.122811
		vertex 6.579598 -0.699471 -1.122811
	endloop
endfacet
facet normal 0.000000 1.000000 0.000000
	outer loop
		vertex 6.589849 -0.701304 -1.135991
		vertex 6.589849 -0.701304 -1.135991
		vertex 6.579598 -0.699471 -1.122811
	endloop
endfacet
facet normal -0.265051 0.054034 0.962719
	outer loop
		vertex 6.530663 -0.924022 -1.139786
		vertex 6.589849 -0.701304 -1.135991
		vertex 6.546288 -0.926817 -1.135327
	endloop
endfacet
facet normal -0.265050 0.054033 0.962719
	outer loop
		vertex 6.530663 -0.924022 -1.139786
		vertex 6.573930 -0.698457 -1.140534
		vertex 6.589849 -0.701304 -1.135991
	endloop
endfacet
facet normal 0.035785 -0.003551 0.999353
	outer loop
		vertex 6.497913 -0.918164 -1.138592
		vertex 6.573930 -0.698457 -1.140534
		vertex 6.530663 -0.924022 -1.139786
	endloop
endfacet
facet normal 0.035785 -0.003550 0.999353
	outer loop
		vertex 6.497913 -0.918164 -1.138592
		vertex 6.540565 -0.692489 -1.139318
		vertex 6.573930 -0.698457 -1.140534
	endloop
endfacet
facet normal 0.241358 -0.042499 0.969505
	outer loop
		vertex 6.432306 -0.906430 -1.121745
		vertex 6.540565 -0.692489 -1.139318
		vertex 6.497913 -0.918164 -1.138592
	endloop
endfacet
facet normal 0.241359 -0.042499 0.969505
	outer loop
		vertex 6.432306 -0.906430 -1.121745
		vertex 6.473724 -0.680534 -1.122154
		vertex 6.540565 -0.692489 -1.139318
	endloop
endfacet
facet normal 0.304251 -0.054064 0.951057
	outer loop
		vertex 6.346684 -0.891116 -1.093483
		vertex 6.473724 -0.680534 -1.122154
		vertex 6.432306 -0.906430 -1.121745
	endloop
endfacet
facet normal 0.304249 -0.054063 0.951057
	outer loop
		vertex 6.346684 -0.891116 -1.093483
		vertex 6.386493 -0.664932 -1.093361
		vertex 6.473724 -0.680534 -1.122154
	endloop
endfacet
facet normal 0.387805 -0.068752 0.919174
	outer loop
		vertex 6.222045 -0.868823 -1.039230
		vertex 6.386493 -0.664932 -1.093361
		vertex 6.346684 -0.891116 -1.093483
	endloop
endfacet
facet normal 0.387806 -0.068753 0.919173
	outer loop
		vertex 6.222045 -0.868823 -1.039230
		vertex 6.259511 -0.642220 -1.038088
		vertex 6.386493 -0.664932 -1.093361
	endloop
endfacet
facet normal 0.387806 -0.068753 0.919173
	outer loop
		vertex 6.118179 -0.850245 -0.994019
		vertex 6.259511 -0.642220 -1.038088
		vertex 6.222045 -0.868823 -1.039230
	endloop
endfacet
facet normal 0.387805 -0.068752 0.919174
	outer loop
		vertex 6.118179 -0.850245 -0.994019
		vertex 6.153693 -0.623294 -0.992027
		vertex 6.259511 -0.642220 -1.038088
	endloop
endfacet
facet normal 0.000000 1.000000 0.000000
	outer loop
		vertex 6.118179 -0.850245 -0.994019
		vertex 6.153693 -0.623294 -0.992027
		vertex 6.118179 -0.850245 -0.994019
	endloop
endfacet
facet normal 0.000000 1.000000 0.000000
	outer loop
		vertex 6.118179 -0.850245 -0.994019
		vertex 6.153693 -0.623294 -0.992027
		vertex 6.153693 -0.623294 -0.992027
	endloop
endfacet
facet normal -0.217539 0.042600 -0.975121
	outer loop
		vertex 6.228368 -0.869954 -1.019462
		vertex 6.153693 -0.623294 -0.992027
		vertex 6.118179 -0.850245 -0.994019
	endloop
endfacet
facet normal -0.217540 0.042600 -0.975121
	outer loop
		vertex 6.228368 -0.869954 -1.019462
		vertex 6.265953 -0.643372 -1.017948
		vertex 6.153693 -0.623294 -0.992027
	endloop
endfacet
facet normal -0.217540 0.042600 -0.975121
	outer loop
		vertex 6.360594 -0.893604 -1.049993
		vertex 6.265953 -0.643372 -1.017948
		vertex 6.228368 -0.869954 -1.019462
	endloop
endfacet
facet normal -0.217539 0.042600 -0.975121
	outer loop
		vertex 6.360594 -0.893604 -1.049993
		vertex 6.400664 -0.667467 -1.049053
		vertex 6.265953 -0.643372 -1.017948
	endloop
endfacet
facet normal -0.303591 0.057748 -0.951051
	outer loop
		vertex 6.446216 -0.908918 -1.078255
		vertex 6.400664 -0.667467 -1.049053
		vertex 6.360594 -0.893604 -1.049993
	endloop
endfacet
facet normal -0.303591 0.057748 -0.951051
	outer loop
		vertex 6.446216 -0.908918 -1.078255
		vertex 6.487895 -0.683069 -1.077846
		vertex 6.400664 -0.667467 -1.049053
	endloop
endfacet
facet normal -0.365135 0.069065 -0.928389
	outer loop
		vertex 6.509041 -0.920155 -1.103800
		vertex 6.487895 -0.683069 -1.077846
		vertex 6.446216 -0.908918 -1.078255
	endloop
endfacet
facet normal -0.365136 0.069065 -0.928389
	outer loop
		vertex 6.509041 -0.920155 -1.103800
		vertex 6.551902 -0.694517 -1.103872
		vertex 6.487895 -0.683069 -1.077846
	endloop
endfacet
facet normal -0.548662 0.103958 -0.829555
	outer loop
		vertex 6.536227 -0.925017 -1.122390
		vertex 6.551902 -0.694517 -1.103872
		vertex 6.509041 -0.920155 -1.103800
	endloop
endfacet
facet normal -0.548662 0.103958 -0.829556
	outer loop
		vertex 6.536227 -0.925017 -1.122390
		vertex 6.579598 -0.699471 -1.122811
		vertex 6.551902 -0.694517 -1.103872
	endloop
endfacet
facet normal -0.770785 0.147062 -0.619890
	outer loop
		vertex 6.546288 -0.926817 -1.135327
		vertex 6.579598 -0.699471 -1.122811
		vertex 6.536227 -0.925017 -1.122390
	endloop
endfacet
facet normal -0.770779 0.147062 -0.619897
	outer loop
		vertex 6.546288 -0.926817 -1.135327
		vertex 6.589849 -0.701304 -1.135991
		vertex 6.579598 -0.699471 -1.122811
	endloop
endfacet
facet normal 0.000000 1.000000 0.000000
	outer loop
		vertex 6.530663 -0.924022 -1.139786
		vertex 6.546288 -0.926817 -1.135327
		vertex 6.546288 -0.926817 -1.135327
	endloop
endfacet
facet normal 0.000000 1.000000 0.000000
	outer loop
		vertex 6.530663 -0.924022 -1.139786
		vertex 6.530663 -0.924022 -1.139786
		vertex 6.546288 -0.926817 -1.135327
	endloop
endfacet
facet normal 0.000000 1.000000 0.000000
	outer loop
		vertex 6.497913 -0.918164 -1.138592
		vertex 6.530663 -0.924022 -1.139786
		vertex 6.530663 -0.924022 -1.139786
	endloop
endfacet
facet normal 0.000000 1.000000 0.000000
	outer loop
		vertex 6.497913 -0.918164 -1.138592
		vertex 6.497913 -0.918164 -1.138592
		vertex 6.530663 -0.924022 -1.139786
	endloop
endfacet
facet normal 0.000000 1.000000 0.000000
	outer loop
		vertex 6.432306 -0.906430 -1.121745
		vertex 6.497913 -0.918164 -1.138592
		vertex 6.497913 -0.918164 -1.138592
	endloop
endfacet
facet normal 0.000000 1.000000 0.000000
	outer loop
		vertex 6.432306 -0.906430 -1.121745
		vertex 6.432306 -0.906430 -1.121745
		vertex 6.497913 -0.918164 -1.138592
	endloop
endfacet
facet normal 0.000000 1.000000 0.000000
	outer loop
		vertex 6.346684 -0.891116 -1.093483
		vertex 6.432306 -0.906430 -1.121745
		vertex 6.432306 -0.906430 -1.121745
	endloop
endfacet
facet normal 0.000000 1.000000 0.000000
	outer loop
		vertex 6.346684 -0.891116 -1.093483
		vertex 6.346684 -0.891116 -1.093483
		vertex 6.432306 -0.906430 -1.121745
	endloop
endfacet
facet normal 0.000000 1.000000 0.000000
	outer loop
		vertex 6.222045 -0.868823 -1.039230
		vertex 6.346684 -0.891116 -1.093483
		vertex 6.346684 -0.891116 -1.093483
	endloop
endfacet
facet normal 0.000000 1.000000 0.000000
	outer loop
		vertex 6.222045 -0.868823 -1.039230
		vertex 6.222045 -0.868823 -1.039230
		vertex 6.346684 -0.891116 -1.093483
	endloop
endfacet
facet normal 0.000000 1.000000 0.000000
	outer loop
		vertex 6.118179 -0.850245 -0.994019
		vertex 6.222045 -0.868823 -1.039230
		vertex 6.222045 -0.868823 -1.039230
	endloop
endfacet
facet normal 0.000000 1.000000 0.000000
	outer loop
		vertex 6.118179 -0.850245 -0.994019
		vertex 6.118179 -0.850245 -0.994019
		vertex 6.222045 -0.868823 -1.039230
	endloop
endfacet
facet normal 0.000000 1.000000 0.000000
	outer loop
		vertex 6.118179 -0.850245 -0.994019
		vertex 6.118179 -0.850245 -0.994019
		vertex 6.118179 -0.850245 -0.994019
	endloop
endfacet
facet normal 0.000000 1.000000 0.000000
	outer loop
		vertex 6.118179 -0.850245 -0.994019
		vertex 6.118179 -0.850245 -0.994019
		vertex 6.118179 -0.850245 -0.994019
	endloop
endfacet
facet normal 0.000000 1.000000 0.000000
	outer loop
		vertex 6.228368 -0.869954 -1.019462
		vertex 6.118179 -0.850245 -0.994019
		vertex 6.118179 -0.850245 -0.994019
	endloop
endfacet
facet normal 0.000000 1.000000 0.000000
	outer loop
		vertex 6.228368 -0.869954 -1.019462
		vertex 6.228368 -0.869954 -1.019462
		vertex 6.118179 -0.850245 -0.994019
	endloop
endfacet
facet normal 0.000000 1.000000 0.000000
	outer loop
		vertex 6.360594 -0.893604 -1.049993
		vertex 6.228368 -0.869954 -1.019462
		vertex 6.228368 -0.869954 -1.019462
	endloop
endfacet
facet normal 0.000000 1.000000 0.000000
	outer loop
		vertex 6.360594 -0.893604 -1.049993
		vertex 6.360594 -0.893604 -1.049993
		vertex 6.228368 -0.869954 -1.019462
	endloop
endfacet
facet normal 0.000000 1.000000 0.000000
	outer loop
		vertex 6.446216 -0.908918 -1.078255
		vertex 6.360594 -0.893604 -1.049993
		vertex 6.360594 -0.893604 -1.049993
	endloop
endfacet
facet normal 0.000000 1.000000 0.000000
	outer loop
		vertex 6.446216 -0.908918 -1.078255
		vertex 6.446216 -0.908918 -1.078255
		vertex 6.360594 -0.893604 -1.049993
	endloop
endfacet
facet normal 0.000000 1.000000 0.000000
	outer loop
		vertex 6.509041 -0.920155 -1.103800
		vertex 6.446216 -0.908918 -1.078255
		vertex 6.446216 -0.908918 -1.078255
	endloop
endfacet
facet normal 0.000000 1.000000 0.000000
	outer loop
		vertex 6.509041 -0.920155 -1.103800
		vertex 6.509041 -0.920155 -1.103800
		vertex 6.446216 -0.908918 -1.078255
	endloop
endfacet
facet normal 0.000000 1.000000 0.000000
	outer loop
		vertex 6.536227 -0.925017 -1.122390
		vertex 6.509041 -0.920155 -1.103800
		vertex 6.509041 -0.920155 -1.103800
	endloop
endfacet
facet normal 0.000000 1.000000 0.000000
	outer loop
		vertex 6.536227 -0.925017 -1.122390
		vertex 6.536227 -0.925017 -1.122390
		vertex 6.509041 -0.920155 -1.103800
	endloop
endfacet
facet normal 0.000000 1.000000 0.000000
	outer loop
		vertex 6.546288 -0.926817 -1.135327
		vertex 6.536227 -0.925017 -1.122390
		vertex 6.536227 -0.925017 -1.122390
	endloop
endfacet
facet normal 0.000000 1.000000 0.000000
	outer loop
		vertex 6.546288 -0.926817 -1.135327
		vertex 6.546288 -0.926817 -1.135327
		vertex 6.536227 -0.925017 -1.122390
	endloop
endfacet
facet normal -0.264558 0.056791 0.962696
	outer loop
		vertex 6.487814 -1.149662 -1.138250
		vertex 6.546288 -0.926817 -1.135327
		vertex 6.502836 -1.152348 -1.133963
	endloop
endfacet
facet normal -0.264552 0.056790 0.962698
	outer loop
		vertex 6.487814 -1.149662 -1.138250
		vertex 6.530663 -0.924022 -1.139786
		vertex 6.546288 -0.926817 -1.135327
	endloop
endfacet
facet normal 0.036401 -0.000111 0.999337
	outer loop
		vertex 6.456328 -1.144030 -1.137103
		vertex 6.530663 -0.924022 -1.139786
		vertex 6.487814 -1.149662 -1.138250
	endloop
endfacet
facet normal 0.036400 -0.000111 0.999337
	outer loop
		vertex 6.456328 -1.144030 -1.137103
		vertex 6.497913 -0.918164 -1.138592
		vertex 6.530663 -0.924022 -1.139786
	endloop
endfacet
facet normal 0.242125 -0.038184 0.969493
	outer loop
		vertex 6.393253 -1.132748 -1.120906
		vertex 6.497913 -0.918164 -1.138592
		vertex 6.456328 -1.144030 -1.137103
	endloop
endfacet
facet normal 0.242127 -0.038185 0.969493
	outer loop
		vertex 6.393253 -1.132748 -1.120906
		vertex 6.432306 -0.906430 -1.121745
		vertex 6.497913 -0.918164 -1.138592
	endloop
endfacet
facet normal 0.305131 -0.049125 0.951042
	outer loop
		vertex 6.310937 -1.118025 -1.093735
		vertex 6.432306 -0.906430 -1.121745
		vertex 6.393253 -1.132748 -1.120906
	endloop
endfacet
facet normal 0.305130 -0.049124 0.951043
	outer loop
		vertex 6.310937 -1.118025 -1.093735
		vertex 6.346684 -0.891116 -1.093483
		vertex 6.432306 -0.906430 -1.121745
	endloop
endfacet
facet normal 0.388950 -0.062293 0.919150
	outer loop
		vertex 6.191109 -1.096593 -1.041576
		vertex 6.346684 -0.891116 -1.093483
		vertex 6.310937 -1.118025 -1.093735
	endloop
endfacet
facet normal 0.388950 -0.062294 0.919150
	outer loop
		vertex 6.191109 -1.096593 -1.041576
		vertex 6.222045 -0.868823 -1.039230
		vertex 6.346684 -0.891116 -1.093483
	endloop
endfacet
facet normal 0.388951 -0.062294 0.919150
	outer loop
		vertex 6.091252 -1.078733 -0.998110
		vertex 6.222045 -0.868823 -1.039230
		vertex 6.191109 -1.096593 -1.041576
	endloop
endfacet
facet normal 0.388951 -0.062294 0.919150
	outer loop
		vertex 6.091252 -1.078733 -0.998110
		vertex 6.118179 -0.850245 -0.994019
		vertex 6.222045 -0.868823 -1.039230
	endloop
endfacet
facet normal 0.000000 1.000000 0.000000
	outer loop
		vertex 6.091252 -1.078733 -0.998110
		vertex 6.118179 -0.850245 -0.994019
		vertex 6.091252 -1.078733 -0.998110
	endloop
endfacet
facet normal 0.000000 1.000000 0.000000
	outer loop
		vertex 6.091252 -1.078733 -0.998110
		vertex 6.118179 -0.850245 -0.994019
		vertex 6.118179 -0.850245 -0.994019
	endloop
endfacet
facet normal -0.217452 0.043085 -0.975120
	outer loop
		vertex 6.197187 -1.097680 -1.022570
		vertex 6.118179 -0.850245 -0.994019
		vertex 6.091252 -1.078733 -0.998110
	endloop
endfacet
facet normal -0.217452 0.043085 -0.975120
	outer loop
		vertex 6.197187 -1.097680 -1.022570
		vertex 6.228368 -0.869954 -1.019462
		vertex 6.118179 -0.850245 -0.994019
	endloop
endfacet
facet normal -0.217453 0.043085 -0.975119
	outer loop
		vertex 6.324310 -1.120417 -1.051924
		vertex 6.228368 -0.869954 -1.019462
		vertex 6.197187 -1.097680 -1.022570
	endloop
endfacet
facet normal -0.217453 0.043085 -0.975119
	outer loop
		vertex 6.324310 -1.120417 -1.051924
		vertex 6.360594 -0.893604 -1.049993
		vertex 6.228368 -0.869954 -1.019462
	endloop
endfacet
facet normal -0.303780 0.056691 -0.951054
	outer loop
		vertex 6.406627 -1.135140 -1.079094
		vertex 6.360594 -0.893604 -1.049993
		vertex 6.324310 -1.120417 -1.051924
	endloop
endfacet
facet normal -0.303782 0.056690 -0.951054
	outer loop
		vertex 6.406627 -1.135140 -1.079094
		vertex 6.446216 -0.908918 -1.078255
		vertex 6.360594 -0.893604 -1.049993
	endloop
endfacet
facet normal -0.365439 0.067396 -0.928392
	outer loop
		vertex 6.467027 -1.145944 -1.103654
		vertex 6.446216 -0.908918 -1.078255
		vertex 6.406627 -1.135140 -1.079094
	endloop
endfacet
facet normal -0.365435 0.067397 -0.928394
	outer loop
		vertex 6.467027 -1.145944 -1.103654
		vertex 6.509041 -0.920155 -1.103800
		vertex 6.446216 -0.908918 -1.078255
	endloop
endfacet
facet normal -0.549078 0.101633 -0.829569
	outer loop
		vertex 6.493163 -1.150618 -1.121526
		vertex 6.509041 -0.920155 -1.103800
		vertex 6.467027 -1.145944 -1.103654
	endloop
endfacet
facet normal -0.549084 0.101633 -0.829564
	outer loop
		vertex 6.493163 -1.150618 -1.121526
		vertex 6.536227 -0.925017 -1.122390
		vertex 6.509041 -0.920155 -1.103800
	endloop
endfacet
facet normal -0.771191 0.144833 -0.619909
	outer loop
		vertex 6.502836 -1.152348 -1.133963
		vertex 6.536227 -0.925017 -1.122390
		vertex 6.493163 -1.150618 -1.121526
	endloop
endfacet
facet normal -0.771197 0.144834 -0.619901
	outer loop
		vertex 6.502836 -1.152348 -1.133963
		vertex 6.546288 -0.926817 -1.135327
		vertex 6.536227 -0.925017 -1.122390
	endloop
endfacet
facet normal 0.000000 1.000000 0.000000
	outer loop
		vertex 6.487814 -1.149662 -1.138250
		vertex 6.502836 -1.152348 -1.133963
		vertex 6.502836 -1.152348 -1.133963
	endloop
endfacet
facet normal 0.000000 1.000000 0.000000
	outer loop
		vertex 6.487814 -1.149662 -1.138250
		vertex 6.487814 -1.149662 -1.138250
		vertex 6.502836 -1.152348 -1.133963
	endloop
endfacet
facet normal 0.000000 1.000000 0.000000
	outer loop
		vertex 6.456328 -1.144030 -1.137103
		vertex 6.487814 -1.149662 -1.138250
		vertex 6.487814 -1.149662 -1.138250
	endloop
endfacet
facet normal 0.000000 1.000000 0.000000
	outer loop
		vertex 6.456328 -1.144030 -1.137103
		vertex 6.456328 -1.144030 -1.137103
		vertex 6.487814 -1.149662 -1.138250
	endloop
endfacet
facet normal 0.000000 1.000000 0.000000
	outer loop
		vertex 6.393253 -1.132748 -1.120906
		vertex 6.456328 -1.144030 -1.137103
		vertex 6.456328 -1.144030 -1.137103
	endloop
endfacet
facet normal 0.000000 1.000000 0.000000
	outer loop
		vertex 6.393253 -1.132748 -1.120906
		vertex 6.393253 -1.132748 -1.120906
		vertex 6.456328 -1.144030 -1.137103
	endloop
endfacet
facet normal 0.000000 1.000000 0.000000
	outer loop
		vertex 6.310937 -1.118025 -1.093735
		vertex 6.393253 -1.132748 -1.120906
		vertex 6.393253 -1.132748 -1.120906
	endloop
endfacet
facet normal 0.000000 1.000000 0.000000
	outer loop
		vertex 6.310937 -1.118025 -1.093735
		vertex 6.310937 -1.118025 -1.093735
		vertex 6.393253 -1.132748 -1.120906
	endloop
endfacet
facet normal 0.000000 1.000000 0.000000
	outer loop
		vertex 6.191109 -1.096593 -1.041576
		vertex 6.310937 -1.118025 -1.093735
		vertex 6.310937 -1.118025 -1.093735
	endloop
endfacet
facet normal 0.000000 1.000000 0.000000
	outer loop
		vertex 6.191109 -1.096593 -1.041576
		vertex 6.191109 -1.096593 -1.041576
		vertex 6.310937 -1.118025 -1.093735
	endloop
endfacet
facet normal 0.000000 1.000000 0.000000
	outer loop
		vertex 6.091252 -1.078733 -0.998110
		vertex 6.191109 -1.096593 -1.041576
		vertex 6.191109 -1.096593 -1.041576
	endloop
endfacet
facet normal 0.000000 1.000000 0.000000
	outer loop
		vertex 6.091252 -1.078733 -0.998110
		vertex 6.091252 -1.078733 -0.998110
		vertex 6.191109 -1.096593 -1.041576
	endloop
endfacet
facet normal 0.000000 1.000000 0.000000
	outer loop
		vertex 6.091252 -1.078733 -0.998110
		vertex 6.091252 -1.078733 -0.998110
		vertex 6.091252 -1.078733 -0.998110
	endloop
endfacet
facet normal 0.000000 1.000000 0.000000
	outer loop
		vertex 6.091252 -1.078733 -0.998110
		vertex 6.091252 -1.078733 -0.998110
		vertex 6.091252 -1.078733 -0.998110
	endloop
endfacet
facet normal 0.000000 1.000000 0.000000
	outer loop
		vertex 6.197187 -1.097680 -1.022570
		vertex 6.091252 -1.078733 -0.998110
		vertex 6.091252 -1.078733 -0.998110
	endloop
endfacet
facet normal 0.000000 1.000000 0.000000
	outer loop
		vertex 6.197187 -1.097680 -1.022570
		vertex 6.197187 -1.097680 -1.022570
		vertex 6.091252 -1.078733 -0.998110
	endloop
endfacet
facet normal 0.000000 1.000000 0.000000
	outer loop
		vertex 6.324310 -1.120417 -1.051924
		vertex 6.197187 -1.097680 -1.022570
		vertex 6.197187 -1.097680 -1.022570
	endloop
endfacet
facet normal 0.000000 1.000000 0.000000
	outer loop
		vertex 6.324310 -1.120417 -1.051924
		vertex 6.324310 -1.120417 -1.051924
		vertex 6.197187 -1.097680 -1.022570
	endloop
endfacet
facet normal 0.000000 1.000000 0.000000
	outer loop
		vertex 6.406627 -1.135140 -1.079094
		vertex 6.324310 -1.120417 -1.051924
		vertex 6.324310 -1.120417 -1.051924
	endloop
endfacet
facet normal 0.000000 1.000000 0.000000
	outer loop
		vertex 6.406627 -1.135140 -1.079094
		vertex 6.406627 -1.135140 -1.079094
		vertex 6.324310 -1.120417 -1.051924
	endloop
endfacet
facet normal 0.000000 1.000000 0.000000
	outer loop
		vertex 6.467027 -1.145944 -1.103654
		vertex 6.406627 -1.135140 -1.079094
		vertex 6.406627 -1.135140 -1.079094
	endloop
endfacet
facet normal 0.000000 1.000000 0.000000
	outer loop
		vertex 6.467027 -1.145944 -1.103654
		vertex 6.467027 -1.145944 -1.103654
		vertex 6.406627 -1.135140 -1.079094
	endloop
endfacet
facet normal 0.000000 1.000000 0.000000
	outer loop
		vertex 6.493163 -1.150618 -1.121526
		vertex 6.467027 -1.145944 -1.103654
		vertex 6.467027 -1.145944 -1.103654
	endloop
endfacet
facet normal 0.000000 1.000000 0.000000
	outer loop
		vertex 6.493163 -1.150618 -1.121526
		vertex 6.493163 -1.150618 -1.121526
		vertex 6.467027 -1.145944 -1.103654
	endloop
endfacet
facet normal 0.000000 1.000000 0.000000
	outer loop
		vertex 6.502836 -1.152348 -1.133963
		vertex 6.493163 -1.150618 -1.121526
		vertex 6.493163 -1.150618 -1.121526
	endloop
endfacet
facet normal 0.000000 1.000000 0.000000
	outer loop
		vertex 6.502836 -1.152348 -1.133963
		vertex 6.502836 -1.152348 -1.133963
		vertex 6.493163 -1.150618 -1.121526
	endloop
endfacet
facet normal -0.264808 0.055413 0.962708
	outer loop
		vertex 6.444756 -1.375264 -1.137108
		vertex 6.502836 -1.152348 -1.133963
		vertex 6.459330 -1.377871 -1.132950
	endloop
endfacet
facet normal -0.264808 0.055413 0.962708
	outer loop
		vertex 6.444756 -1.375264 -1.137108
		vertex 6.487814 -1.149662 -1.138250
		vertex 6.502836 -1.152348 -1.133963
	endloop
endfacet
facet normal 0.036096 -0.001831 0.999347
	outer loop
		vertex 6.414210 -1.369800 -1.135995
		vertex 6.487814 -1.149662 -1.138250
		vertex 6.444756 -1.375264 -1.137108
	endloop
endfacet
facet normal 0.036094 -0.001831 0.999347
	outer loop
		vertex 6.414210 -1.369800 -1.135995
		vertex 6.456328 -1.144030 -1.137103
		vertex 6.487814 -1.149662 -1.138250
	endloop
endfacet
facet normal 0.241742 -0.040342 0.969502
	outer loop
		vertex 6.353018 -1.358856 -1.120282
		vertex 6.456328 -1.144030 -1.137103
		vertex 6.414210 -1.369800 -1.135995
	endloop
endfacet
facet normal 0.241742 -0.040341 0.969502
	outer loop
		vertex 6.353018 -1.358856 -1.120282
		vertex 6.393253 -1.132748 -1.120906
		vertex 6.456328 -1.144030 -1.137103
	endloop
endfacet
facet normal 0.304691 -0.051594 0.951053
	outer loop
		vertex 6.273159 -1.344572 -1.093922
		vertex 6.393253 -1.132748 -1.120906
		vertex 6.353018 -1.358856 -1.120282
	endloop
endfacet
facet normal 0.304693 -0.051595 0.951052
	outer loop
		vertex 6.273159 -1.344572 -1.093922
		vertex 6.310937 -1.118025 -1.093735
		vertex 6.393253 -1.132748 -1.120906
	endloop
endfacet
facet normal 0.388380 -0.065524 0.919167
	outer loop
		vertex 6.156908 -1.323780 -1.043320
		vertex 6.310937 -1.118025 -1.093735
		vertex 6.273159 -1.344572 -1.093922
	endloop
endfacet
facet normal 0.388379 -0.065524 0.919167
	outer loop
		vertex 6.156908 -1.323780 -1.043320
		vertex 6.191109 -1.096593 -1.041576
		vertex 6.310937 -1.118025 -1.093735
	endloop
endfacet
facet normal 0.388381 -0.065524 0.919167
	outer loop
		vertex 6.060032 -1.306452 -1.001151
		vertex 6.191109 -1.096593 -1.041576
		vertex 6.156908 -1.323780 -1.043320
	endloop
endfacet
facet normal 0.388381 -0.065524 0.919166
	outer loop
		vertex 6.060032 -1.306452 -1.001151
		vertex 6.091252 -1.078733 -0.998110
		vertex 6.191109 -1.096593 -1.041576
	endloop
endfacet
facet normal 0.000000 1.000000 0.000000
	outer loop
		vertex 6.060032 -1.306452 -1.001151
		vertex 6.091252 -1.078733 -0.998110
		vertex 6.060032 -1.306452 -1.001151
	endloop
endfacet
facet normal 0.000000 1.000000 0.000000
	outer loop
		vertex 6.060032 -1.306452 -1.001151
		vertex 6.091252 -1.078733 -0.998110
		vertex 6.091252 -1.078733 -0.998110
	endloop
endfacet
facet normal -0.217495 0.042843 -0.975121
	outer loop
		vertex 6.162805 -1.324834 -1.024882
		vertex 6.091252 -1.078733 -0.998110
		vertex 6.060032 -1.306452 -1.001151
	endloop
endfacet
facet normal -0.217496 0.042843 -0.975121
	outer loop
		vertex 6.162805 -1.324834 -1.024882
		vertex 6.197187 -1.097680 -1.022570
		vertex 6.091252 -1.078733 -0.998110
	endloop
endfacet
facet normal -0.217497 0.042843 -0.975120
	outer loop
		vertex 6.286132 -1.346893 -1.053359
		vertex 6.197187 -1.097680 -1.022570
		vertex 6.162805 -1.324834 -1.024882
	endloop
endfacet
facet normal -0.217497 0.042843 -0.975120
	outer loop
		vertex 6.286132 -1.346893 -1.053359
		vertex 6.324310 -1.120417 -1.051924
		vertex 6.197187 -1.097680 -1.022570
	endloop
endfacet
facet normal -0.303686 0.057219 -0.951053
	outer loop
		vertex 6.365992 -1.361176 -1.079718
		vertex 6.324310 -1.120417 -1.051924
		vertex 6.286132 -1.346893 -1.053359
	endloop
endfacet
facet normal -0.303685 0.057219 -0.951053
	outer loop
		vertex 6.365992 -1.361176 -1.079718
		vertex 6.406627 -1.135140 -1.079094
		vertex 6.324310 -1.120417 -1.051924
	endloop
endfacet
facet normal -0.365288 0.068231 -0.928390
	outer loop
		vertex 6.424589 -1.371657 -1.103544
		vertex 6.406627 -1.135140 -1.079094
		vertex 6.365992 -1.361176 -1.079718
	endloop
endfacet
facet normal -0.365289 0.068231 -0.928390
	outer loop
		vertex 6.424589 -1.371657 -1.103544
		vertex 6.467027 -1.145944 -1.103654
		vertex 6.406627 -1.135140 -1.079094
	endloop
endfacet
facet normal -0.548867 0.102794 -0.829565
	outer loop
		vertex 6.449945 -1.376192 -1.120883
		vertex 6.467027 -1.145944 -1.103654
		vertex 6.424589 -1.371657 -1.103544
	endloop
endfacet
facet normal -0.548867 0.102794 -0.829565
	outer loop
		vertex 6.449945 -1.376192 -1.120883
		vertex 6.493163 -1.150618 -1.121526
		vertex 6.467027 -1.145944 -1.103654
	endloop
endfacet
facet normal -0.770993 0.145949 -0.619894
	outer loop
		vertex 6.459330 -1.377871 -1.132950
		vertex 6.493163 -1.150618 -1.121526
		vertex 6.449945 -1.376192 -1.120883
	endloop
endfacet
facet normal -0.770985 0.145948 -0.619904
	outer loop
		vertex 6.459330 -1.377871 -1.132950
		vertex 6.502836 -1.152348 -1.133963
		vertex 6.493163 -1.150618 -1.121526
	endloop
endfacet
facet normal 0.000000 1.000000 0.000000
	outer loop
		vertex 6.444756 -1.375264 -1.137108
		vertex 6.459330 -1.377871 -1.132950
		vertex 6.459330 -1.377871 -1.132950
	endloop
endfacet
facet normal 0.000000 1.000000 0.000000
	outer loop
		vertex 6.444756 -1.375264 -1.137108
		vertex 6.444756 -1.375264 -1.137108
		vertex 6.459330 -1.377871 -1.132950
	endloop
endfacet
facet normal 0.000000 1.000000 0.000000
	outer loop
		vertex 6.414210 -1.369800 -1.135995
		vertex 6.444756 -1.375264 -1.137108
		vertex 6.444756 -1.375264 -1.137108
	endloop
endfacet
facet normal 0.000000 1.000000 0.000000
	outer loop
		vertex 6.414210 -1.369800 -1.135995
		vertex 6.414210 -1.369800 -1.135995
		vertex 6.444756 -1.375264 -1.137108
	endloop
endfacet
facet normal 0.000000 1.000000 0.000000
	outer loop
		vertex 6.353018 -1.358856 -1.120282
		vertex 6.414210 -1.369800 -1.135995
		vertex 6.414210 -1.369800 -1.135995
	endloop
endfacet
facet normal 0.000000 1.000000 0.000000
	outer loop
		vertex 6.353018 -1.358856 -1.120282
		vertex 6.353018 -1.358856 -1.120282
		vertex 6.414210 -1.369800 -1.135995
	endloop
endfacet
facet normal 0.000000 1.000000 0.000000
	outer loop
		vertex 6.273159 -1.344572 -1.093922
		vertex 6.353018 -1.358856 -1.120282
		vertex 6.353018 -1.358856 -1.120282
	endloop
endfacet
facet normal 0.000000 1.000000 0.000000
	outer loop
		vertex 6.273159 -1.344572 -1.093922
		vertex 6.273159 -1.344572 -1.093922
		vertex 6.353018 -1.358856 -1.120282
	endloop
endfacet
facet normal 0.000000 1.000000 0.000000
	outer loop
		vertex 6.156908 -1.323780 -1.043320
		vertex 6.273159 -1.344572 -1.093922
		vertex 6.273159 -1.344572 -1.093922
	endloop
endfacet
facet normal 0.000000 1.000000 0.000000
	outer loop
		vertex 6.156908 -1.323780 -1.043320
		vertex 6.156908 -1.323780 -1.043320
		vertex 6.273159 -1.344572 -1.093922
	endloop
endfacet
facet normal 0.000000 1.000000 0.000000
	outer loop
		vertex 6.060032 -1.306452 -1.001151
		vertex 6.156908 -1.323780 -1.043320
		vertex 6.156908 -1.323780 -1.043320
	endloop
endfacet
facet normal 0.000000 1.000000 0.000000
	outer loop
		vertex 6.060032 -1.306452 -1.001151
		vertex 6.060032 -1.306452 -1.001151
		vertex 6.156908 -1.323780 -1.043320
	endloop
endfacet
facet normal 0.000000 1.000000 0.000000
	outer loop
		vertex 6.060032 -1.306452 -1.001151
		vertex 6.060032 -1.306452 -1.001151
		vertex 6.060032 -1.306452 -1.001151
	endloop
endfacet
facet normal 0.000000 1.000000 0.000000
	outer loop
		vertex 6.060032 -1.306452 -1.001151
		vertex 6.060032 -1.306452 -1.001151
		vertex 6.060032 -1.306452 -1.001151
	endloop
endfacet
facet normal 0.000000 1.000000 0.000000
	outer loop
		vertex 6.162805 -1.324834 -1.024882
		vertex 6.060032 -1.306452 -1.001151
		vertex 6.060032 -1.306452 -1.001151
	endloop
endfacet
facet normal 0.000000 1.000000 0.000000
	outer loop
		vertex 6.162805 -1.324834 -1.024882
		vertex 6.162805 -1.324834 -1.024882
		vertex 6.060032 -1.306452 -1.001151
	endloop
endfacet
facet normal 0.000000 1.000000 0.000000
	outer loop
		vertex 6.286132 -1.346893 -1.053359
		vertex 6.162805 -1.324834 -1.024882
		vertex 6.162805 -1.324834 -1.024882
	endloop
endfacet
facet normal 0.000000 1.000000 0.000000
	outer loop
		vertex 6.286132 -1.346893 -1.053359
		vertex 6.286132 -1.346893 -1.053359
		vertex 6.162805 -1.324834 -1.024882
	endloop
endfacet
facet normal 0.000000 1.000000 0.000000
	outer loop
		vertex 6.365992 -1.361176 -1.079718
		vertex 6.286132 -1.346893 -1.053359
		vertex 6.286132 -1.346893 -1.053359
	endloop
endfacet
facet normal 0.000000 1.000000 0.000000
	outer loop
		vertex 6.365992 -1.361176 -1.079718
		vertex 6.365992 -1.361176 -1.079718
		vertex 6.286132 -1.346893 -1.053359
	endloop
endfacet
facet normal 0.000000 1.000000 0.000000
	outer loop
		vertex 6.424589 -1.371657 -1.103544
		vertex 6.365992 -1.361176 -1.079718
		vertex 6.365992 -1.361176 -1.079718
	endloop
endfacet
facet normal 0.000000 1.000000 0.000000
	outer loop
		vertex 6.424589 -1.371657 -1.103544
		vertex 6.424589 -1.371657 -1.103544
		vertex 6.365992 -1.361176 -1.079718
	endloop
endfacet
facet normal 0.000000 1.000000 0.000000
	outer loop
		vertex 6.449945 -1.376192 -1.120883
		vertex 6.424589 -1.371657 -1.103544
		vertex 6.424589 -1.371657 -1.103544
	endloop
endfacet
facet normal 0.000000 1.000000 0.000000
	outer loop
		vertex 6.449945 -1.376192 -1.120883
		vertex 6.449945 -1.376192 -1.120883
		vertex 6.424589 -1.371657 -1.103544
	endloop
endfacet
facet normal 0.000000 1.000000 0.000000
	outer loop
		vertex 6.459330 -1.377871 -1.132950
		vertex 6.449945 -1.376192 -1.120883
		vertex 6.449945 -1.376192 -1.120883
	endloop
endfacet
facet normal 0.000000 1.000000 0.000000
	outer loop
		vertex 6.459330 -1.377871 -1.132950
		vertex 6.459330 -1.377871 -1.132950
		vertex 6.449945 -1.376192 -1.120883
	endloop
endfacet
facet normal -0.264808 0.055414 0.962708
	outer loop
		vertex 6.401698 -1.600866 -1.135967
		vertex 6.459330 -1.377871 -1.132950
		vertex 6.415823 -1.603393 -1.131936
	endloop
endfacet
facet normal -0.264808 0.055413 0.962708
	outer loop
		vertex 6.401698 -1.600866 -1.135967
		vertex 6.444756 -1.375264 -1.137108
		vertex 6.459330 -1.377871 -1.132950
	endloop
endfacet
facet normal 0.036093 -0.001831 0.999347
	outer loop
		vertex 6.372092 -1.595571 -1.134888
		vertex 6.444756 -1.375264 -1.137108
		vertex 6.401698 -1.600866 -1.135967
	endloop
endfacet
facet normal 0.036095 -0.001832 0.999347
	outer loop
		vertex 6.372092 -1.595571 -1.134888
		vertex 6.414210 -1.369800 -1.135995
		vertex 6.444756 -1.375264 -1.137108
	endloop
endfacet
facet normal 0.241744 -0.040343 0.969501
	outer loop
		vertex 6.312783 -1.584963 -1.119658
		vertex 6.414210 -1.369800 -1.135995
		vertex 6.372092 -1.595571 -1.134888
	endloop
endfacet
facet normal 0.241742 -0.040342 0.969502
	outer loop
		vertex 6.312783 -1.584963 -1.119658
		vertex 6.353018 -1.358856 -1.120282
		vertex 6.414210 -1.369800 -1.135995
	endloop
endfacet
facet normal 0.304691 -0.051595 0.951053
	outer loop
		vertex 6.235381 -1.571119 -1.094109
		vertex 6.353018 -1.358856 -1.120282
		vertex 6.312783 -1.584963 -1.119658
	endloop
endfacet
facet normal 0.304690 -0.051594 0.951053
	outer loop
		vertex 6.235381 -1.571119 -1.094109
		vertex 6.273159 -1.344572 -1.093922
		vertex 6.353018 -1.358856 -1.120282
	endloop
endfacet
facet normal 0.388380 -0.065523 0.919167
	outer loop
		vertex 6.122706 -1.550966 -1.045064
		vertex 6.273159 -1.344572 -1.093922
		vertex 6.235381 -1.571119 -1.094109
	endloop
endfacet
facet normal 0.388380 -0.065524 0.919167
	outer loop
		vertex 6.122706 -1.550966 -1.045064
		vertex 6.156908 -1.323780 -1.043320
		vertex 6.273159 -1.344572 -1.093922
	endloop
endfacet
facet normal 0.388381 -0.065524 0.919167
	outer loop
		vertex 6.028811 -1.534172 -1.004193
		vertex 6.156908 -1.323780 -1.043320
		vertex 6.122706 -1.550966 -1.045064
	endloop
endfacet
facet normal 0.388381 -0.065524 0.919167
	outer loop
		vertex 6.028811 -1.534172 -1.004193
		vertex 6.060032 -1.306452 -1.001151
		vertex 6.156908 -1.323780 -1.043320
	endloop
endfacet
facet normal 0.000000 1.000000 0.000000
	outer loop
		vertex 6.028811 -1.534172 -1.004193
		vertex 6.060032 -1.306452 -1.001151
		vertex 6.028811 -1.534172 -1.004193
	endloop
endfacet
facet normal 0.000000 1.000000 0.000000
	outer loop
		vertex 6.028811 -1.534172 -1.004193
		vertex 6.060032 -1.306452 -1.001151
		vertex 6.060032 -1.306452 -1.001151
	endloop
endfacet
facet normal -0.217496 0.042843 -0.975121
	outer loop
		vertex 6.128422 -1.551988 -1.027193
		vertex 6.060032 -1.306452 -1.001151
		vertex 6.028811 -1.534172 -1.004193
	endloop
endfacet
facet normal -0.217495 0.042843 -0.975121
	outer loop
		vertex 6.128422 -1.551988 -1.027193
		vertex 6.162805 -1.324834 -1.024882
		vertex 6.060032 -1.306452 -1.001151
	endloop
endfacet
facet normal -0.217496 0.042843 -0.975120
	outer loop
		vertex 6.247955 -1.573368 -1.054794
		vertex 6.162805 -1.324834 -1.024882
		vertex 6.128422 -1.551988 -1.027193
	endloop
endfacet
facet normal -0.217497 0.042843 -0.975120
	outer loop
		vertex 6.247955 -1.573368 -1.054794
		vertex 6.286132 -1.346893 -1.053359
		vertex 6.162805 -1.324834 -1.024882
	endloop
endfacet
facet normal -0.303687 0.057219 -0.951052
	outer loop
		vertex 6.325357 -1.587212 -1.080342
		vertex 6.286132 -1.346893 -1.053359
		vertex 6.247955 -1.573368 -1.054794
	endloop
endfacet
facet normal -0.303686 0.057220 -0.951053
	outer loop
		vertex 6.325357 -1.587212 -1.080342
		vertex 6.365992 -1.361176 -1.079718
		vertex 6.286132 -1.346893 -1.053359
	endloop
endfacet
facet normal -0.365288 0.068231 -0.928391
	outer loop
		vertex 6.382152 -1.597370 -1.103435
		vertex 6.365992 -1.361176 -1.079718
		vertex 6.325357 -1.587212 -1.080342
	endloop
endfacet
facet normal -0.365288 0.068231 -0.928390
	outer loop
		vertex 6.382152 -1.597370 -1.103435
		vertex 6.424589 -1.371657 -1.103544
		vertex 6.365992 -1.361176 -1.079718
	endloop
endfacet
facet normal -0.548866 0.102794 -0.829566
	outer loop
		vertex 6.406728 -1.601766 -1.120240
		vertex 6.424589 -1.371657 -1.103544
		vertex 6.382152 -1.597370 -1.103435
	endloop
endfacet
facet normal -0.548867 0.102794 -0.829565
	outer loop
		vertex 6.406728 -1.601766 -1.120240
		vertex 6.449945 -1.376192 -1.120883
		vertex 6.424589 -1.371657 -1.103544
	endloop
endfacet
facet normal -0.770999 0.145950 -0.619886
	outer loop
		vertex 6.415823 -1.603393 -1.131936
		vertex 6.449945 -1.376192 -1.120883
		vertex 6.406728 -1.601766 -1.120240
	endloop
endfacet
facet normal -0.770993 0.145949 -0.619894
	outer loop
		vertex 6.415823 -1.603393 -1.131936
		vertex 6.459330 -1.377871 -1.132950
		vertex 6.449945 -1.376192 -1.120883
	endloop
endfacet
facet normal 0.000000 1.000000 0.000000
	outer loop
		vertex 6.401698 -1.600866 -1.135967
		vertex 6.415823 -1.603393 -1.131936
		vertex 6.415823 -1.603393 -1.131936
	endloop
endfacet
facet normal 0.000000 1.000000 0.000000
	outer loop
		vertex 6.401698 -1.600866 -1.135967
		vertex 6.401698 -1.600866 -1.135967
		vertex 6.415823 -1.603393 -1.131936
	endloop
endfacet
facet normal 0.000000 1.000000 0.000000
	outer loop
		vertex 6.372092 -1.595571 -1.134888
		vertex 6.401698 -1.600866 -1.135967
		vertex 6.401698 -1.600866 -1.135967
	endloop
endfacet
facet normal 0.000000 1.000000 0.000000
	outer loop
		vertex 6.372092 -1.595571 -1.134888
		vertex 6.372092 -1.595571 -1.134888
		vertex 6.401698 -1.600866 -1.135967
	endloop
endfacet
facet normal 0.000000 1.000000 0.000000
	outer loop
		vertex 6.312783 -1.584963 -1.119658
		vertex 6.372092 -1.595571 -1.134888
		vertex 6.372092 -1.595571 -1.134888
	endloop
endfacet
facet normal 0.000000 1.000000 0.000000
	outer loop
		vertex 6.312783 -1.584963 -1.119658
		vertex 6.312783 -1.584963 -1.119658
		vertex 6.372092 -1.595571 -1.134888
	endloop
endfacet
facet normal 0.000000 1.000000 0.000000
	outer loop
		vertex 6.235381 -1.571119 -1.094109
		vertex 6.312783 -1.584963 -1.119658
		vertex 6.312783 -1.584963 -1.119658
	endloop
endfacet
facet normal 0.000000 1.000000 0.000000
	outer loop
		vertex 6.235381 -1.571119 -1.094109
		vertex 6.235381 -1.571119 -1.094109
		vertex 6.312783 -1.584963 -1.119658
	endloop
endfacet
facet normal 0.000000 1.000000 0.000000
	outer loop
		vertex 6.122706 -1.550966 -1.045064
		vertex 6.235381 -1.571119 -1.094109
		vertex 6.235381 -1.571119 -1.094109
	endloop
endfacet
facet normal 0.000000 1.000000 0.000000
	outer loop
		vertex 6.122706 -1.550966 -1.045064
		vertex 6.122706 -1.550966 -1.045064
		vertex 6.235381 -1.571119 -1.094109
	endloop
endfacet
facet normal 0.000000 1.000000 0.000000
	outer loop
		vertex 6.028811 -1.534172 -1.004193
		vertex 6.122706 -1.550966 -1.045064
		vertex 6.122706 -1.550966 -1.045064
	endloop
endfacet
facet normal 0.000000 1.000000 0.000000
	outer loop
		vertex 6.028811 -1.534172 -1.004193
		vertex 6.028811 -1.534172 -1.004193
		vertex 6.122706 -1.550966 -1.045064
	endloop
endfacet
facet normal 0.000000 1.000000 0.000000
	outer loop
		vertex 6.028811 -1.534172 -1.004193
		vertex 6.028811 -1.534172 -1.004193
		vertex 6.028811 -1.534172 -1.004193
	endloop
endfacet
facet normal 0.000000 1.000000 0.000000
	outer loop
		vertex 6.028811 -1.534172 -1.004193
		vertex 6.028811 -1.534172 -1.004193
		vertex 6.028811 -1.534172 -1.004193
	endloop
endfacet
facet normal 0.000000 1.000000 0.000000
	outer loop
		vertex 6.128422 -1.551988 -1.027193
		vertex 6.028811 -1.534172 -1.004193
		vertex 6.028811 -1.534172 -1.004193
	endloop
endfacet
facet normal 0.000000 1.000000 0.000000
	outer loop
		vertex 6.128422 -1.551988 -1.027193
		vertex 6.128422 -1.551988 -1.027193
		vertex 6.028811 -1.534172 -1.004193
	endloop
endfacet
facet normal 0.000000 1.000000 0.000000
	outer loop
		vertex 6.247955 -1.573368 -1.054794
		vertex 6.128422 -1.551988 -1.027193
		vertex 6.128422 -1.551988 -1.027193
	endloop
endfacet
facet normal 0.000000 1.000000 0.000000
	outer loop
		vertex 6.247955 -1.573368 -1.054794
		vertex 6.247955 -1.573368 -1.054794
		vertex 6.128422 -1.551988 -1.027193
	endloop
endfacet
facet normal 0.000000 1.000000 0.000000
	outer loop
		vertex 6.325357 -1.587212 -1.080342
		vertex 6.247955 -1.573368 -1.054794
		vertex 6.247955 -1.573368 -1.054794
	endloop
endfacet
facet normal 0.000000 1.000000 0.000000
	outer loop
		vertex 6.325357 -1.587212 -1.080342
		vertex 6.325357 -1.587212 -1.080342
		vertex 6.247955 -1.573368 -1.054794
	endloop
endfacet
facet normal 0.000000 1.000000 0.000000
	outer loop
		vertex 6.382152 -1.597370 -1.103435
		vertex 6.325357 -1.587212 -1.080342
		vertex 6.325357 -1.587212 -1.080342
	endloop
endfacet
facet normal 0.000000 1.000000 0.000000
	outer loop
		vertex 6.382152 -1.597370 -1.103435
		vertex 6.382152 -1.597370 -1.103435
		vertex 6.325357 -1.587212 -1.080342
	endloop
endfacet
facet normal 0.000000 1.000000 0.000000
	outer loop
		vertex 6.406728 -1.601766 -1.120240
		vertex 6.382152 -1.597370 -1.103435
		vertex 6.382152 -1.597370 -1.103435
	endloop
endfacet
facet normal 0.000000 1.000000 0.000000
	outer loop
		vertex 6.406728 -1.601766 -1.120240
		vertex 6.406728 -1.601766 -1.120240
		vertex 6.382152 -1.597370 -1.103435
	endloop
endfacet
facet normal 0.000000 1.000000 0.000000
	outer loop
		vertex 6.415823 -1.603393 -1.131936
		vertex 6.406728 -1.601766 -1.120240
		vertex 6.406728 -1.601766 -1.120240
	endloop
endfacet
facet normal 0.000000 1.000000 0.000000
	outer loop
		vertex 6.415823 -1.603393 -1.131936
		vertex 6.415823 -1.603393 -1.131936
		vertex 6.406728 -1.601766 -1.120240
	endloop
endfacet
facet normal -0.264808 0.055414 0.962708
	outer loop
		vertex 6.358640 -1.826468 -1.134825
		vertex 6.415823 -1.603393 -1.131936
		vertex 6.372316 -1.828915 -1.130922
	endloop
endfacet
facet normal -0.264808 0.055413 0.962708
	outer loop
		vertex 6.358640 -1.826468 -1.134825
		vertex 6.401698 -1.600866 -1.135967
		vertex 6.415823 -1.603393 -1.131936
	endloop
endfacet
facet normal 0.036090 -0.001830 0.999347
	outer loop
		vertex 6.329974 -1.821341 -1.133780
		vertex 6.401698 -1.600866 -1.135967
		vertex 6.358640 -1.826468 -1.134825
	endloop
endfacet
facet normal 0.036093 -0.001831 0.999347
	outer loop
		vertex 6.329974 -1.821341 -1.133780
		vertex 6.372092 -1.595571 -1.134888
		vertex 6.401698 -1.600866 -1.135967
	endloop
endfacet
facet normal 0.241743 -0.040342 0.969501
	outer loop
		vertex 6.272547 -1.811070 -1.119034
		vertex 6.372092 -1.595571 -1.134888
		vertex 6.329974 -1.821341 -1.133780
	endloop
endfacet
facet normal 0.241744 -0.040342 0.969501
	outer loop
		vertex 6.272547 -1.811070 -1.119034
		vertex 6.312783 -1.584963 -1.119658
		vertex 6.372092 -1.595571 -1.134888
	endloop
endfacet
facet normal 0.304691 -0.051594 0.951053
	outer loop
		vertex 6.197602 -1.797665 -1.094296
		vertex 6.312783 -1.584963 -1.119658
		vertex 6.272547 -1.811070 -1.119034
	endloop
endfacet
facet normal 0.304691 -0.051595 0.951053
	outer loop
		vertex 6.197602 -1.797665 -1.094296
		vertex 6.235381 -1.571119 -1.094109
		vertex 6.312783 -1.584963 -1.119658
	endloop
endfacet
facet normal 0.388380 -0.065524 0.919167
	outer loop
		vertex 6.088505 -1.778152 -1.046808
		vertex 6.235381 -1.571119 -1.094109
		vertex 6.197602 -1.797665 -1.094296
	endloop
endfacet
facet normal 0.388379 -0.065524 0.919167
	outer loop
		vertex 6.088505 -1.778152 -1.046808
		vertex 6.122706 -1.550966 -1.045064
		vertex 6.235381 -1.571119 -1.094109
	endloop
endfacet
facet normal 0.388381 -0.065524 0.919167
	outer loop
		vertex 5.997591 -1.761892 -1.007234
		vertex 6.122706 -1.550966 -1.045064
		vertex 6.088505 -1.778152 -1.046808
	endloop
endfacet
facet normal 0.388381 -0.065524 0.919167
	outer loop
		vertex 5.997591 -1.761892 -1.007234
		vertex 6.028811 -1.534172 -1.004193
		vertex 6.122706 -1.550966 -1.045064
	endloop
endfacet
facet normal 0.000000 1.000000 0.000000
	outer loop
		vertex 5.997591 -1.761892 -1.007234
		vertex 6.028811 -1.534172 -1.004193
		vertex 5.997591 -1.761892 -1.007234
	endloop
endfacet
facet normal 0.000000 1.000000 0.000000
	outer loop
		vertex 5.997591 -1.761892 -1.007234
		vertex 6.028811 -1.534172 -1.004193
		vertex 6.028811 -1.534172 -1.004193
	endloop
endfacet
facet normal -0.217496 0.042843 -0.975120
	outer loop
		vertex 6.094039 -1.779142 -1.029504
		vertex 6.028811 -1.534172 -1.004193
		vertex 5.997591 -1.761892 -1.007234
	endloop
endfacet
facet normal -0.217496 0.042843 -0.975120
	outer loop
		vertex 6.094039 -1.779142 -1.029504
		vertex 6.128422 -1.551988 -1.027193
		vertex 6.028811 -1.534172 -1.004193
	endloop
endfacet
facet normal -0.217496 0.042843 -0.975120
	outer loop
		vertex 6.209778 -1.799843 -1.056229
		vertex 6.128422 -1.551988 -1.027193
		vertex 6.094039 -1.779142 -1.029504
	endloop
endfacet
facet normal -0.217496 0.042843 -0.975120
	outer loop
		vertex 6.209778 -1.799843 -1.056229
		vertex 6.247955 -1.573368 -1.054794
		vertex 6.128422 -1.551988 -1.027193
	endloop
endfacet
facet normal -0.303686 0.057220 -0.951052
	outer loop
		vertex 6.284723 -1.813248 -1.080966
		vertex 6.247955 -1.573368 -1.054794
		vertex 6.209778 -1.799843 -1.056229
	endloop
endfacet
facet normal -0.303687 0.057220 -0.951052
	outer loop
		vertex 6.284723 -1.813248 -1.080966
		vertex 6.325357 -1.587212 -1.080342
		vertex 6.247955 -1.573368 -1.054794
	endloop
endfacet
facet normal -0.365287 0.068231 -0.928391
	outer loop
		vertex 6.339714 -1.823084 -1.103326
		vertex 6.325357 -1.587212 -1.080342
		vertex 6.284723 -1.813248 -1.080966
	endloop
endfacet
facet normal -0.365288 0.068231 -0.928391
	outer loop
		vertex 6.339714 -1.823084 -1.103326
		vertex 6.382152 -1.597370 -1.103435
		vertex 6.325357 -1.587212 -1.080342
	endloop
endfacet
facet normal -0.548866 0.102794 -0.829566
	outer loop
		vertex 6.363510 -1.827340 -1.119598
		vertex 6.382152 -1.597370 -1.103435
		vertex 6.339714 -1.823084 -1.103326
	endloop
endfacet
facet normal -0.548866 0.102794 -0.829566
	outer loop
		vertex 6.363510 -1.827340 -1.119598
		vertex 6.406728 -1.601766 -1.120240
		vertex 6.382152 -1.597370 -1.103435
	endloop
endfacet
facet normal -0.771004 0.145951 -0.619880
	outer loop
		vertex 6.372316 -1.828915 -1.130922
		vertex 6.406728 -1.601766 -1.120240
		vertex 6.363510 -1.827340 -1.119598
	endloop
endfacet
facet normal -0.770999 0.145951 -0.619886
	outer loop
		vertex 6.372316 -1.828915 -1.130922
		vertex 6.415823 -1.603393 -1.131936
		vertex 6.406728 -1.601766 -1.120240
	endloop
endfacet
facet normal 0.000000 1.000000 0.000000
	outer loop
		vertex 6.358640 -1.826468 -1.134825
		vertex 6.372316 -1.828915 -1.130922
		vertex 6.372316 -1.828915 -1.130922
	endloop
endfacet
facet normal 0.000000 1.000000 0.000000
	outer loop
		vertex 6.358640 -1.826468 -1.134825
		vertex 6.358640 -1.826468 -1.134825
		vertex 6.372316 -1.828915 -1.130922
	endloop
endfacet
facet normal 0.000000 1.000000 0.000000
	outer loop
		vertex 6.329974 -1.821341 -1.133780
		vertex 6.358640 -1.826468 -1.134825
		vertex 6.358640 -1.826468 -1.134825
	endloop
endfacet
facet normal 0.000000 1.000000 0.000000
	outer loop
		vertex 6.329974 -1.821341 -1.133780
		vertex 6.329974 -1.821341 -1.133780
		vertex 6.358640 -1.826468 -1.134825
	endloop
endfacet
facet normal 0.000000 1.000000 0.000000
	outer loop
		vertex 6.272547 -1.811070 -1.119034
		vertex 6.329974 -1.821341 -1.133780
		vertex 6.329974 -1.821341 -1.133780
	endloop
endfacet
facet normal 0.000000 1.000000 0.000000
	outer loop
		vertex 6.272547 -1.811070 -1.119034
		vertex 6.272547 -1.811070 -1.119034
		vertex 6.329974 -1.821341 -1.133780
	endloop
endfacet
facet normal 0.000000 1.000000 0.000000
	outer loop
		vertex 6.197602 -1.797665 -1.094296
		vertex 6.272547 -1.811070 -1.119034
		vertex 6.272547 -1.811070 -1.119034
	endloop
endfacet
facet normal 0.000000 1.000000 0.000000
	outer loop
		vertex 6.197602 -1.797665 -1.094296
		vertex 6.197602 -1.797665 -1.094296
		vertex 6.272547 -1.811070 -1.119034
	endloop
endfacet
facet normal 0.000000 1.000000 0.000000
	outer loop
		vertex 6.088505 -1.778152 -1.046808
		vertex 6.197602 -1.797665 -1.094296
		vertex 6.197602 -1.797665 -1.094296
	endloop
endfacet
facet normal 0.000000 1.000000 0.000000
	outer loop
		vertex 6.088505 -1.778152 -1.046808
		vertex 6.088505 -1.778152 -1.046808
		vertex 6.197602 -1.797665 -1.094296
	endloop
endfacet
facet normal 0.000000 1.000000 0.000000
	outer loop
		vertex 5.997591 -1.761892 -1.007234
		vertex 6.088505 -1.778152 -1.046808
		vertex 6.088505 -1.778152 -1.046808
	endloop
endfacet
facet normal 0.000000 1.000000 0.000000
	outer loop
		vertex 5.997591 -1.761892 -1.007234
		vertex 5.997591 -1.761892 -1.007234
		vertex 6.088505 -1.778152 -1.046808
	endloop
endfacet
facet normal 0.000000 1.000000 0.000000
	outer loop
		vertex 5.997591 -1.761892 -1.007234
		vertex 5.997591 -1.761892 -1.007234
		vertex 5.997591 -1.761892 -1.007234
	endloop
endfacet
facet normal 0.000000 1.000000 0.000000
	outer loop
		vertex 5.997591 -1.761892 -1.007234
		vertex 5.997591 -1.761892 -1.007234
		vertex 5.997591 -1.761892 -1.007234
	endloop
endfacet
facet normal 0.000000 1.000000 0.000000
	outer loop
		vertex 6.094039 -1.779142 -1.029504
		vertex 5.997591 -1.761892 -1.007234
		vertex 5.997591 -1.761892 -1.007234
	endloop
endfacet
facet normal 0.000000 1.000000 0.000000
	outer loop
		vertex 6.094039 -1.779142 -1.029504
		vertex 6.094039 -1.779142 -1.029504
		vertex 5.997591 -1.761892 -1.007234
	endloop
endfacet
facet normal 0.000000 1.000000 0.000000
	outer loop
		vertex 6.209778 -1.799843 -1.056229
		vertex 6.094039 -1.779142 -1.029504
		vertex 6.094039 -1.779142 -1.029504
	endloop
endfacet
facet normal 0.000000 1.000000 0.000000
	outer loop
		vertex 6.209778 -1.799843 -1.056229
		vertex 6.209778 -1.799843 -1.056229
		vertex 6.094039 -1.779142 -1.029504
	endloop
endfacet
facet normal 0.000000 1.000000 0.000000
	outer loop
		vertex 6.284723 -1.813248 -1.080966
		vertex 6.209778 -1.799843 -1.056229
		vertex 6.209778 -1.799843 -1.056229
	endloop
endfacet
facet normal 0.000000 1.000000 0.000000
	outer loop
		vertex 6.284723 -1.813248 -1.080966
		vertex 6.284723 -1.813248 -1.080966
		vertex 6.209778 -1.799843 -1.056229
	endloop
endfacet
facet normal 0.000000 1.000000 0.000000
	outer loop
		vertex 6.339714 -1.823084 -1.103326
		vertex 6.284723 -1.813248 -1.080966
		vertex 6.284723 -1.813248 -1.080966
	endloop
endfacet
facet normal 0.000000 1.000000 0.000000
	outer loop
		vertex 6.339714 -1.823084 -1.103326
		vertex 6.339714 -1.823084 -1.103326
		vertex 6.284723 -1.813248 -1.080966
	endloop
endfacet
facet normal 0.000000 1.000000 0.000000
	outer loop
		vertex 6.363510 -1.827340 -1.119598
		vertex 6.339714 -1.823084 -1.103326
		vertex 6.339714 -1.823084 -1.103326
	endloop
endfacet
facet normal 0.000000 1.000000 0.000000
	outer loop
		vertex 6.363510 -1.827340 -1.119598
		vertex 6.363510 -1.827340 -1.119598
		vertex 6.339714 -1.823084 -1.103326
	endloop
endfacet
facet normal 0.000000 1.000000 0.000000
	outer loop
		vertex 6.372316 -1.828915 -1.130922
		vertex 6.363510 -1.827340 -1.119598
		vertex 6.363510 -1.827340 -1.119598
	endloop
endfacet
facet normal 0.000000 1.000000 0.000000
	outer loop
		vertex 6.372316 -1.828915 -1.130922
		vertex 6.372316 -1.828915 -1.130922
		vertex 6.363510 -1.827340 -1.119598
	endloop
endfacet
facet normal -0.264801 0.055411 0.962710
	outer loop
		vertex 6.315582 -2.052071 -1.133683
		vertex 6.372316 -1.828915 -1.130922
		vertex 6.328810 -2.054437 -1.129908
	endloop
endfacet
facet normal -0.264809 0.055413 0.962708
	outer loop
		vertex 6.315582 -2.052071 -1.133683
		vertex 6.358640 -1.826468 -1.134825
		vertex 6.372316 -1.828915 -1.130922
	endloop
endfacet
facet normal 0.036092 -0.001831 0.999347
	outer loop
		vertex 6.287856 -2.047112 -1.132673
		vertex 6.358640 -1.826468 -1.134825
		vertex 6.315582 -2.052071 -1.133683
	endloop
endfacet
facet normal 0.036090 -0.001830 0.999347
	outer loop
		vertex 6.287856 -2.047112 -1.132673
		vertex 6.329974 -1.821341 -1.133780
		vertex 6.358640 -1.826468 -1.134825
	endloop
endfacet
facet normal 0.241742 -0.040341 0.969502
	outer loop
		vertex 6.232312 -2.037177 -1.118410
		vertex 6.329974 -1.821341 -1.133780
		vertex 6.287856 -2.047112 -1.132673
	endloop
endfacet
facet normal 0.241743 -0.040342 0.969501
	outer loop
		vertex 6.232312 -2.037177 -1.118410
		vertex 6.272547 -1.811070 -1.119034
		vertex 6.329974 -1.821341 -1.133780
	endloop
endfacet
facet normal 0.304693 -0.051595 0.951052
	outer loop
		vertex 6.159824 -2.024212 -1.094483
		vertex 6.272547 -1.811070 -1.119034
		vertex 6.232312 -2.037177 -1.118410
	endloop
endfacet
facet normal 0.304691 -0.051594 0.951053
	outer loop
		vertex 6.159824 -2.024212 -1.094483
		vertex 6.197602 -1.797665 -1.094296
		vertex 6.272547 -1.811070 -1.119034
	endloop
endfacet
facet normal 0.388380 -0.065523 0.919167
	outer loop
		vertex 6.054304 -2.005339 -1.048552
		vertex 6.197602 -1.797665 -1.094296
		vertex 6.159824 -2.024212 -1.094483
	endloop
endfacet
facet normal 0.388380 -0.065523 0.919167
	outer loop
		vertex 6.054304 -2.005339 -1.048552
		vertex 6.088505 -1.778152 -1.046808
		vertex 6.197602 -1.797665 -1.094296
	endloop
endfacet
facet normal 0.388379 -0.065523 0.919167
	outer loop
		vertex 5.966371 -1.989611 -1.010276
		vertex 6.088505 -1.778152 -1.046808
		vertex 6.054304 -2.005339 -1.048552
	endloop
endfacet
facet normal 0.388381 -0.065524 0.919167
	outer loop
		vertex 5.966371 -1.989611 -1.010276
		vertex 5.997591 -1.761892 -1.007234
		vertex 6.088505 -1.778152 -1.046808
	endloop
endfacet
facet normal 0.000000 1.000000 0.000000
	outer loop
		vertex 5.966371 -1.989611 -1.010276
		vertex 5.997591 -1.761892 -1.007234
		vertex 5.966371 -1.989611 -1.010276
	endloop
endfacet
facet normal 0.000000 1.000000 0.000000
	outer loop
		vertex 5.966371 -1.989611 -1.010276
		vertex 5.997591 -1.761892 -1.007234
		vertex 5.997591 -1.761892 -1.007234
	endloop
endfacet
facet normal -0.217496 0.042843 -0.975121
	outer loop
		vertex 6.059657 -2.006296 -1.031816
		vertex 5.997591 -1.761892 -1.007234
		vertex 5.966371 -1.989611 -1.010276
	endloop
endfacet
facet normal -0.217496 0.042843 -0.975120
	outer loop
		vertex 6.059657 -2.006296 -1.031816
		vertex 6.094039 -1.779142 -1.029504
		vertex 5.997591 -1.761892 -1.007234
	endloop
endfacet
facet normal -0.217496 0.042843 -0.975120
	outer loop
		vertex 6.171600 -2.026318 -1.057664
		vertex 6.094039 -1.779142 -1.029504
		vertex 6.059657 -2.006296 -1.031816
	endloop
endfacet
facet normal -0.217496 0.042843 -0.975120
	outer loop
		vertex 6.171600 -2.026318 -1.057664
		vertex 6.209778 -1.799843 -1.056229
		vertex 6.094039 -1.779142 -1.029504
	endloop
endfacet
facet normal -0.303684 0.057219 -0.951053
	outer loop
		vertex 6.244089 -2.039284 -1.081590
		vertex 6.209778 -1.799843 -1.056229
		vertex 6.171600 -2.026318 -1.057664
	endloop
endfacet
facet normal -0.303686 0.057219 -0.951052
	outer loop
		vertex 6.244089 -2.039284 -1.081590
		vertex 6.284723 -1.813248 -1.080966
		vertex 6.209778 -1.799843 -1.056229
	endloop
endfacet
facet normal -0.365291 0.068231 -0.928390
	outer loop
		vertex 6.297276 -2.048797 -1.103217
		vertex 6.284723 -1.813248 -1.080966
		vertex 6.244089 -2.039284 -1.081590
	endloop
endfacet
facet normal -0.365287 0.068231 -0.928391
	outer loop
		vertex 6.297276 -2.048797 -1.103217
		vertex 6.339714 -1.823084 -1.103326
		vertex 6.284723 -1.813248 -1.080966
	endloop
endfacet
facet normal -0.548873 0.102796 -0.829561
	outer loop
		vertex 6.320292 -2.052913 -1.118955
		vertex 6.339714 -1.823084 -1.103326
		vertex 6.297276 -2.048797 -1.103217
	endloop
endfacet
facet normal -0.548866 0.102795 -0.829566
	outer loop
		vertex 6.320292 -2.052913 -1.118955
		vertex 6.363510 -1.827340 -1.119598
		vertex 6.339714 -1.823084 -1.103326
	endloop
endfacet
facet normal -0.770982 0.145948 -0.619908
	outer loop
		vertex 6.328810 -2.054437 -1.129908
		vertex 6.363510 -1.827340 -1.119598
		vertex 6.320292 -2.052913 -1.118955
	endloop
endfacet
facet normal -0.771004 0.145950 -0.619880
	outer loop
		vertex 6.328810 -2.054437 -1.129908
		vertex 6.372316 -1.828915 -1.130922
		vertex 6.363510 -1.827340 -1.119598
	endloop
endfacet
facet normal 0.000000 1.000000 0.000000
	outer loop
		vertex 6.315582 -2.052071 -1.133683
		vertex 6.328810 -2.054437 -1.129908
		vertex 6.328810 -2.054437 -1.129908
	endloop
endfacet
facet normal 0.000000 1.000000 0.000000
	outer loop
		vertex 6.315582 -2.052071 -1.133683
		vertex 6.315582 -2.052071 -1.133683
		vertex 6.328810 -2.054437 -1.129908
	endloop
endfacet
facet normal 0.000000 1.000000 0.000000
	outer loop
		vertex 6.287856 -2.047112 -1.132673
		vertex 6.315582 -2.052071 -1.133683
		vertex 6.315582 -2.052071 -1.133683
	endloop
endfacet
facet normal 0.000000 1.000000 0.000000
	outer loop
		vertex 6.287856 -2.047112 -1.132673
		vertex 6.287856 -2.047112 -1.132673
		vertex 6.315582 -2.052071 -1.133683
	endloop
endfacet
facet normal 0.000000 1.000000 0.000000
	outer loop
		vertex 6.232312 -2.037177 -1.118410
		vertex 6.287856 -2.047112 -1.132673
		vertex 6.287856 -2.047112 -1.132673
	endloop
endfacet
facet normal 0.000000 1.000000 0.000000
	outer loop
		vertex 6.232312 -2.037177 -1.118410
		vertex 6.232312 -2.037177 -1.118410
		vertex 6.287856 -2.047112 -1.132673
	endloop
endfacet
facet normal 0.000000 1.000000 0.000000
	outer loop
		vertex 6.159824 -2.024212 -1.094483
		vertex 6.232312 -2.037177 -1.118410
		vertex 6.232312 -2.037177 -1.118410
	endloop
endfacet
facet normal 0.000000 1.000000 0.000000
	outer loop
		vertex 6.159824 -2.024212 -1.094483
		vertex 6.159824 -2.024212 -1.094483
		vertex 6.232312 -2.037177 -1.118410
	endloop
endfacet
facet normal 0.000000 1.000000 0.000000
	outer loop
		vertex 6.054304 -2.005339 -1.048552
		vertex 6.159824 -2.024212 -1.094483
		vertex 6.159824 -2.024212 -1.094483
	endloop
endfacet
facet normal 0.000000 1.000000 0.000000
	outer loop
		vertex 6.054304 -2.005339 -1.048552
		vertex 6.054304 -2.005339 -1.048552
		vertex 6.159824 -2.024212 -1.094483
	endloop
endfacet
facet normal 0.000000 1.000000 0.000000
	outer loop
		vertex 5.966371 -1.989611 -1.010276
		vertex 6.054304 -2.005339 -1.048552
		vertex 6.054304 -2.005339 -1.048552
	endloop
endfacet
facet normal 0.000000 1.000000 0.000000
	outer loop
		vertex 5.966371 -1.989611 -1.010276
		vertex 5.966371 -1.989611 -1.010276
		vertex 6.054304 -2.005339 -1.048552
	endloop
endfacet
facet normal 0.000000 1.000000 0.000000
	outer loop
		vertex 5.966371 -1.989611 -1.010276
		vertex 5.966371 -1.989611 -1.010276
		vertex 5.966371 -1.989611 -1.010276
	endloop
endfacet
facet normal 0.000000 1.000000 0.000000
	outer loop
		vertex 5.966371 -1.989611 -1.010276
		vertex 5.966371 -1.989611 -1.010276
		vertex 5.966371 -1.989611 -1.010276
	endloop
endfacet
facet normal 0.000000 1.000000 0.000000
	outer loop
		vertex 6.059657 -2.006296 -1.031816
		vertex 5.966371 -1.989611 -1.010276
		vertex 5.966371 -1.989611 -1.010276
	endloop
endfacet
facet normal 0.000000 1.000000 0.000000
	outer loop
		vertex 6.059657 -2.006296 -1.031816
		vertex 6.059657 -2.006296 -1.031816
		vertex 5.966371 -1.989611 -1.010276
	endloop
endfacet
facet normal 0.000000 1.000000 0.000000
	outer loop
		vertex 6.171600 -2.026318 -1.057664
		vertex 6.059657 -2.006296 -1.031816
		vertex 6.059657 -2.006296 -1.031816
	endloop
endfacet
facet normal 0.000000 1.000000 0.000000
	outer loop
		vertex 6.171600 -2.026318 -1.057664
		vertex 6.171600 -2.026318 -1.057664
		vertex 6.059657 -2.006296 -1.031816
	endloop
endfacet
facet normal 0.000000 1.000000 0.000000
	outer loop
		vertex 6.244089 -2.039284 -1.081590
		vertex 6.171600 -2.026318 -1.057664
		vertex 6.171600 -2.026318 -1.057664
	endloop
endfacet
facet normal 0.000000 1.000000 0.000000
	outer loop
		vertex 6.244089 -2.039284 -1.081590
		vertex 6.244089 -2.039284 -1.081590
		vertex 6.171600 -2.026318 -1.057664
	endloop
endfacet
facet normal 0.000000 1.000000 0.000000
	outer loop
		vertex 6.297276 -2.048797 -1.103217
		vertex 6.244089 -2.039284 -1.081590
		vertex 6.244089 -2.039284 -1.081590
	endloop
endfacet
facet normal 0.000000 1.000000 0.000000
	outer loop
		vertex 6.297276 -2.048797 -1.103217
		vertex 6.297276 -2.048797 -1.103217
		vertex 6.244089 -2.039284 -1.081590
	endloop
endfacet
facet normal 0.000000 1.000000 0.000000
	outer loop
		vertex 6.320292 -2.052913 -1.118955
		vertex 6.297276 -2.048797 -1.103217
		vertex 6.297276 -2.048797 -1.103217
	endloop
endfacet
facet normal 0.000000 1.000000 0.000000
	outer loop
		vertex 6.320292 -2.052913 -1.118955
		vertex 6.320292 -2.052913 -1.118955
		vertex 6.297276 -2.048797 -1.103217
	endloop
endfacet
facet normal 0.000000 1.000000 0.000000
	outer loop
		vertex 6.328810 -2.054437 -1.129908
		vertex 6.320292 -2.052913 -1.118955
		vertex 6.320292 -2.052913 -1.118955
	endloop
endfacet
facet normal 0.000000 1.000000 0.000000
	outer loop
		vertex 6.328810 -2.054437 -1.129908
		vertex 6.328810 -2.054437 -1.129908
		vertex 6.320292 -2.052913 -1.118955
	endloop
endfacet
facet normal -0.264809 0.055414 0.962707
	outer loop
		vertex 6.272524 -2.277673 -1.132541
		vertex 6.328810 -2.054437 -1.129908
		vertex 6.285304 -2.279959 -1.128894
	endloop
endfacet
facet normal -0.264801 0.055412 0.962710
	outer loop
		vertex 6.272524 -2.277673 -1.132541
		vertex 6.315582 -2.052071 -1.133683
		vertex 6.328810 -2.054437 -1.129908
	endloop
endfacet
facet normal 0.036093 -0.001831 0.999347
	outer loop
		vertex 6.245738 -2.272882 -1.131565
		vertex 6.315582 -2.052071 -1.133683
		vertex 6.272524 -2.277673 -1.132541
	endloop
endfacet
facet normal 0.036092 -0.001830 0.999347
	outer loop
		vertex 6.245738 -2.272882 -1.131565
		vertex 6.287856 -2.047112 -1.132673
		vertex 6.315582 -2.052071 -1.133683
	endloop
endfacet
facet normal 0.241740 -0.040341 0.969502
	outer loop
		vertex 6.192077 -2.263284 -1.117786
		vertex 6.287856 -2.047112 -1.132673
		vertex 6.245738 -2.272882 -1.131565
	endloop
endfacet
facet normal 0.241741 -0.040342 0.969502
	outer loop
		vertex 6.192077 -2.263284 -1.117786
		vertex 6.232312 -2.037177 -1.118410
		vertex 6.287856 -2.047112 -1.132673
	endloop
endfacet
facet normal 0.304692 -0.051595 0.951052
	outer loop
		vertex 6.122046 -2.250759 -1.094670
		vertex 6.232312 -2.037177 -1.118410
		vertex 6.192077 -2.263284 -1.117786
	endloop
endfacet
facet normal 0.304693 -0.051595 0.951052
	outer loop
		vertex 6.122046 -2.250759 -1.094670
		vertex 6.159824 -2.024212 -1.094483
		vertex 6.232312 -2.037177 -1.118410
	endloop
endfacet
facet normal 0.388380 -0.065524 0.919167
	outer loop
		vertex 6.020103 -2.232525 -1.050296
		vertex 6.159824 -2.024212 -1.094483
		vertex 6.122046 -2.250759 -1.094670
	endloop
endfacet
facet normal 0.388380 -0.065524 0.919167
	outer loop
		vertex 6.020103 -2.232525 -1.050296
		vertex 6.054304 -2.005339 -1.048552
		vertex 6.159824 -2.024212 -1.094483
	endloop
endfacet
facet normal 0.388379 -0.065524 0.919167
	outer loop
		vertex 5.935150 -2.217331 -1.013317
		vertex 6.054304 -2.005339 -1.048552
		vertex 6.020103 -2.232525 -1.050296
	endloop
endfacet
facet normal 0.388379 -0.065524 0.919167
	outer loop
		vertex 5.935150 -2.217331 -1.013317
		vertex 5.966371 -1.989611 -1.010276
		vertex 6.054304 -2.005339 -1.048552
	endloop
endfacet
facet normal 0.000000 1.000000 0.000000
	outer loop
		vertex 5.935150 -2.217331 -1.013317
		vertex 5.966371 -1.989611 -1.010276
		vertex 5.935150 -2.217331 -1.013317
	endloop
endfacet
facet normal 0.000000 1.000000 0.000000
	outer loop
		vertex 5.935150 -2.217331 -1.013317
		vertex 5.966371 -1.989611 -1.010276
		vertex 5.966371 -1.989611 -1.010276
	endloop
endfacet
facet normal -0.217496 0.042843 -0.975120
	outer loop
		vertex 6.025274 -2.233450 -1.034127
		vertex 5.966371 -1.989611 -1.010276
		vertex 5.935150 -2.217331 -1.013317
	endloop
endfacet
facet normal -0.217496 0.042843 -0.975121
	outer loop
		vertex 6.025274 -2.233450 -1.034127
		vertex 6.059657 -2.006296 -1.031816
		vertex 5.966371 -1.989611 -1.010276
	endloop
endfacet
facet normal -0.217496 0.042843 -0.975121
	outer loop
		vertex 6.133423 -2.252794 -1.059099
		vertex 6.059657 -2.006296 -1.031816
		vertex 6.025274 -2.233450 -1.034127
	endloop
endfacet
facet normal -0.217496 0.042843 -0.975120
	outer loop
		vertex 6.133423 -2.252794 -1.059099
		vertex 6.171600 -2.026318 -1.057664
		vertex 6.059657 -2.006296 -1.031816
	endloop
endfacet
facet normal -0.303685 0.057219 -0.951053
	outer loop
		vertex 6.203454 -2.265319 -1.082214
		vertex 6.171600 -2.026318 -1.057664
		vertex 6.133423 -2.252794 -1.059099
	endloop
endfacet
facet normal -0.303684 0.057219 -0.951053
	outer loop
		vertex 6.203454 -2.265319 -1.082214
		vertex 6.244089 -2.039284 -1.081590
		vertex 6.171600 -2.026318 -1.057664
	endloop
endfacet
facet normal -0.365290 0.068232 -0.928390
	outer loop
		vertex 6.254839 -2.274510 -1.103108
		vertex 6.244089 -2.039284 -1.081590
		vertex 6.203454 -2.265319 -1.082214
	endloop
endfacet
facet normal -0.365291 0.068232 -0.928390
	outer loop
		vertex 6.254839 -2.274510 -1.103108
		vertex 6.297276 -2.048797 -1.103217
		vertex 6.244089 -2.039284 -1.081590
	endloop
endfacet
facet normal -0.548872 0.102795 -0.829562
	outer loop
		vertex 6.277074 -2.278487 -1.118313
		vertex 6.297276 -2.048797 -1.103217
		vertex 6.254839 -2.274510 -1.103108
	endloop
endfacet
facet normal -0.548873 0.102796 -0.829561
	outer loop
		vertex 6.277074 -2.278487 -1.118313
		vertex 6.320292 -2.052913 -1.118955
		vertex 6.297276 -2.048797 -1.103217
	endloop
endfacet
facet normal -0.770989 0.145948 -0.619900
	outer loop
		vertex 6.285304 -2.279959 -1.128894
		vertex 6.320292 -2.052913 -1.118955
		vertex 6.277074 -2.278487 -1.118313
	endloop
endfacet
facet normal -0.770982 0.145947 -0.619908
	outer loop
		vertex 6.285304 -2.279959 -1.128894
		vertex 6.328810 -2.054437 -1.129908
		vertex 6.320292 -2.052913 -1.118955
	endloop
endfacet
facet normal 0.000000 1.000000 0.000000
	outer loop
		vertex 6.272524 -2.277673 -1.132541
		vertex 6.285304 -2.279959 -1.128894
		vertex 6.285304 -2.279959 -1.128894
	endloop
endfacet
facet normal 0.000000 1.000000 0.000000
	outer loop
		vertex 6.272524 -2.277673 -1.132541
		vertex 6.272524 -2.277673 -1.132541
		vertex 6.285304 -2.279959 -1.128894
	endloop
endfacet
facet normal 0.000000 1.000000 0.000000
	outer loop
		vertex 6.245738 -2.272882 -1.131565
		vertex 6.272524 -2.277673 -1.132541
		vertex 6.272524 -2.277673 -1.132541
	endloop
endfacet
facet normal 0.000000 1.000000 0.000000
	outer loop
		vertex 6.245738 -2.272882 -1.131565
		vertex 6.245738 -2.272882 -1.131565
		vertex 6.272524 -2.277673 -1.132541
	endloop
endfacet
facet normal 0.000000 1.000000 0.000000
	outer loop
		vertex 6.192077 -2.263284 -1.117786
		vertex 6.245738 -2.272882 -1.131565
		vertex 6.245738 -2.272882 -1.131565
	endloop
endfacet
facet normal 0.000000 1.000000 0.000000
	outer loop
		vertex 6.192077 -2.263284 -1.117786
		vertex 6.192077 -2.263284 -1.117786
		vertex 6.245738 -2.272882 -1.131565
	endloop
endfacet
facet normal 0.000000 1.000000 0.000000
	outer loop
		vertex 6.122046 -2.250759 -1.094670
		vertex 6.192077 -2.263284 -1.117786
		vertex 6.192077 -2.263284 -1.117786
	endloop
endfacet
facet normal 0.000000 1.000000 0.000000
	outer loop
		vertex 6.122046 -2.250759 -1.094670
		vertex 6.122046 -2.250759 -1.094670
		vertex 6.192077 -2.263284 -1.117786
	endloop
endfacet
facet normal 0.000000 1.000000 0.000000
	outer loop
		vertex 6.020103 -2.232525 -1.050296
		vertex 6.122046 -2.250759 -1.094670
		vertex 6.122046 -2.250759 -1.094670
	endloop
endfacet
facet normal 0.000000 1.000000 0.000000
	outer loop
		vertex 6.020103 -2.232525 -1.050296
		vertex 6.020103 -2.232525 -1.050296
		vertex 6.122046 -2.250759 -1.094670
	endloop
endfacet
facet normal 0.000000 1.000000 0.000000
	outer loop
		vertex 5.935150 -2.217331 -1.013317
		vertex 6.020103 -2.232525 -1.050296
		vertex 6.020103 -2.232525 -1.050296
	endloop
endfacet
facet normal 0.000000 1.000000 0.000000
	outer loop
		vertex 5.935150 -2.217331 -1.013317
		vertex 5.935150 -2.217331 -1.013317
		vertex 6.020103 -2.232525 -1.050296
	endloop
endfacet
facet normal 0.000000 1.000000 0.000000
	outer loop
		vertex 5.935150 -2.217331 -1.013317
		vertex 5.935150 -2.217331 -1.013317
		vertex 5.935150 -2.217331 -1.013317
	endloop
endfacet
facet normal 0.000000 1.000000 0.000000
	outer loop
		vertex 5.935150 -2.217331 -1.013317
		vertex 5.935150 -2.217331 -1.013317
		vertex 5.935150 -2.217331 -1.013317
	endloop
endfacet
facet normal 0.000000 1.000000 0.000000
	outer loop
		vertex 6.025274 -2.233450 -1.034127
		vertex 5.935150 -2.217331 -1.013317
		vertex 5.935150 -2.217331 -1.013317
	endloop
endfacet
facet normal 0.000000 1.000000 0.000000
	outer loop
		vertex 6.025274 -2.233450 -1.034127
		vertex 6.025274 -2.233450 -1.034127
		vertex 5.935150 -2.217331 -1.013317
	endloop
endfacet
facet normal 0.000000 1.000000 0.000000
	outer loop
		vertex 6.133423 -2.252794 -1.059099
		vertex 6.025274 -2.233450 -1.034127
		vertex 6.025274 -2.233450 -1.034127
	endloop
endfacet
facet normal 0.000000 1.000000 0.000000
	outer loop
		vertex 6.133423 -2.252794 -1.059099
		vertex 6.133423 -2.252794 -1.059099
		vertex 6.025274 -2.233450 -1.034127
	endloop
endfacet
facet normal 0.000000 1.000000 0.000000
	outer loop
		vertex 6.203454 -2.265319 -1.082214
		vertex 6.133423 -2.252794 -1.059099
		vertex 6.133423 -2.252794 -1.059099
	endloop
endfacet
facet normal 0.000000 1.000000 0.000000
	outer loop
		vertex 6.203454 -2.265319 -1.082214
		vertex 6.203454 -2.265319 -1.082214
		vertex 6.133423 -2.252794 -1.059099
	endloop
endfacet
facet normal 0.000000 1.000000 0.000000
	outer loop
		vertex 6.254839 -2.274510 -1.103108
		vertex 6.203454 -2.265319 -1.082214
		vertex 6.203454 -2.265319 -1.082214
	endloop
endfacet
facet normal 0.000000 1.000000 0.000000
	outer loop
		vertex 6.254839 -2.274510 -1.103108
		vertex 6.254839 -2.274510 -1.103108
		vertex 6.203454 -2.265319 -1.082214
	endloop
endfacet
facet normal 0.000000 1.000000 0.000000
	outer loop
		vertex 6.277074 -2.278487 -1.118313
		vertex 6.254839 -2.274510 -1.103108
		vertex 6.254839 -2.274510 -1.103108
	endloop
endfacet
facet normal 0.000000 1.000000 0.000000
	outer loop
		vertex 6.277074 -2.278487 -1.118313
		vertex 6.277074 -2.278487 -1.118313
		vertex 6.254839 -2.274510 -1.103108
	endloop
endfacet
facet normal 0.000000 1.000000 0.000000
	outer loop
		vertex 6.285304 -2.279959 -1.128894
		vertex 6.277074 -2.278487 -1.118313
		vertex 6.277074 -2.278487 -1.118313
	endloop
endfacet
facet normal 0.000000 1.000000 0.000000
	outer loop
		vertex 6.285304 -2.279959 -1.128894
		vertex 6.285304 -2.279959 -1.128894
		vertex 6.277074 -2.278487 -1.118313
	endloop
endfacet
facet normal -0.264809 0.055414 0.962707
	outer loop
		vertex 6.229465 -2.503275 -1.131399
		vertex 6.285304 -2.279959 -1.128894
		vertex 6.241797 -2.505481 -1.127880
	endloop
endfacet
facet normal -0.264809 0.055414 0.962707
	outer loop
		vertex 6.229465 -2.503275 -1.131399
		vertex 6.272524 -2.277673 -1.132541
		vertex 6.285304 -2.279959 -1.128894
	endloop
endfacet
facet normal 0.036091 -0.001830 0.999347
	outer loop
		vertex 6.203619 -2.498652 -1.130458
		vertex 6.272524 -2.277673 -1.132541
		vertex 6.229465 -2.503275 -1.131399
	endloop
endfacet
facet normal 0.036093 -0.001831 0.999347
	outer loop
		vertex 6.203619 -2.498652 -1.130458
		vertex 6.245738 -2.272882 -1.131565
		vertex 6.272524 -2.277673 -1.132541
	endloop
endfacet
facet normal 0.241740 -0.040342 0.969502
	outer loop
		vertex 6.151841 -2.489391 -1.117162
		vertex 6.245738 -2.272882 -1.131565
		vertex 6.203619 -2.498652 -1.130458
	endloop
endfacet
facet normal 0.241740 -0.040342 0.969502
	outer loop
		vertex 6.151841 -2.489391 -1.117162
		vertex 6.192077 -2.263284 -1.117786
		vertex 6.245738 -2.272882 -1.131565
	endloop
endfacet
facet normal 0.304693 -0.051595 0.951052
	outer loop
		vertex 6.084268 -2.477305 -1.094857
		vertex 6.192077 -2.263284 -1.117786
		vertex 6.151841 -2.489391 -1.117162
	endloop
endfacet
facet normal 0.304692 -0.051594 0.951052
	outer loop
		vertex 6.084268 -2.477305 -1.094857
		vertex 6.122046 -2.250759 -1.094670
		vertex 6.192077 -2.263284 -1.117786
	endloop
endfacet
facet normal 0.388380 -0.065523 0.919167
	outer loop
		vertex 5.985902 -2.459712 -1.052040
		vertex 6.122046 -2.250759 -1.094670
		vertex 6.084268 -2.477305 -1.094857
	endloop
endfacet
facet normal 0.388381 -0.065524 0.919167
	outer loop
		vertex 5.985902 -2.459712 -1.052040
		vertex 6.020103 -2.232525 -1.050296
		vertex 6.122046 -2.250759 -1.094670
	endloop
endfacet
facet normal 0.388379 -0.065524 0.919167
	outer loop
		vertex 5.903930 -2.445050 -1.016359
		vertex 6.020103 -2.232525 -1.050296
		vertex 5.985902 -2.459712 -1.052040
	endloop
endfacet
facet normal 0.388379 -0.065524 0.919167
	outer loop
		vertex 5.903930 -2.445050 -1.016359
		vertex 5.935150 -2.217331 -1.013317
		vertex 6.020103 -2.232525 -1.050296
	endloop
endfacet
facet normal 0.000000 1.000000 0.000000
	outer loop
		vertex 5.903930 -2.445050 -1.016359
		vertex 5.935150 -2.217331 -1.013317
		vertex 5.903930 -2.445050 -1.016359
	endloop
endfacet
facet normal 0.000000 1.000000 0.000000
	outer loop
		vertex 5.903930 -2.445050 -1.016359
		vertex 5.935150 -2.217331 -1.013317
		vertex 5.935150 -2.217331 -1.013317
	endloop
endfacet
facet normal -0.217497 0.042843 -0.975120
	outer loop
		vertex 5.990891 -2.460604 -1.036438
		vertex 5.935150 -2.217331 -1.013317
		vertex 5.903930 -2.445050 -1.016359
	endloop
endfacet
facet normal -0.217496 0.042843 -0.975120
	outer loop
		vertex 5.990891 -2.460604 -1.036438
		vertex 6.025274 -2.233450 -1.034127
		vertex 5.935150 -2.217331 -1.013317
	endloop
endfacet
facet normal -0.217496 0.042843 -0.975121
	outer loop
		vertex 6.095246 -2.479269 -1.060534
		vertex 6.025274 -2.233450 -1.034127
		vertex 5.990891 -2.460604 -1.036438
	endloop
endfacet
facet normal -0.217496 0.042843 -0.975121
	outer loop
		vertex 6.095246 -2.479269 -1.060534
		vertex 6.133423 -2.252794 -1.059099
		vertex 6.025274 -2.233450 -1.034127
	endloop
endfacet
facet normal -0.303684 0.057220 -0.951053
	outer loop
		vertex 6.162819 -2.491355 -1.082839
		vertex 6.133423 -2.252794 -1.059099
		vertex 6.095246 -2.479269 -1.060534
	endloop
endfacet
facet normal -0.303685 0.057219 -0.951053
	outer loop
		vertex 6.162819 -2.491355 -1.082839
		vertex 6.203454 -2.265319 -1.082214
		vertex 6.133423 -2.252794 -1.059099
	endloop
endfacet
facet normal -0.365286 0.068231 -0.928391
	outer loop
		vertex 6.212402 -2.500223 -1.102999
		vertex 6.203454 -2.265319 -1.082214
		vertex 6.162819 -2.491355 -1.082839
	endloop
endfacet
facet normal -0.365290 0.068231 -0.928390
	outer loop
		vertex 6.212402 -2.500223 -1.102999
		vertex 6.254839 -2.274510 -1.103108
		vertex 6.203454 -2.265319 -1.082214
	endloop
endfacet
facet normal -0.548880 0.102796 -0.829556
	outer loop
		vertex 6.233857 -2.504061 -1.117670
		vertex 6.254839 -2.274510 -1.103108
		vertex 6.212402 -2.500223 -1.102999
	endloop
endfacet
facet normal -0.548872 0.102795 -0.829562
	outer loop
		vertex 6.233857 -2.504061 -1.117670
		vertex 6.277074 -2.278487 -1.118313
		vertex 6.254839 -2.274510 -1.103108
	endloop
endfacet
facet normal -0.770994 0.145949 -0.619893
	outer loop
		vertex 6.241797 -2.505481 -1.127880
		vertex 6.277074 -2.278487 -1.118313
		vertex 6.233857 -2.504061 -1.117670
	endloop
endfacet
facet normal -0.770989 0.145949 -0.619900
	outer loop
		vertex 6.241797 -2.505481 -1.127880
		vertex 6.285304 -2.279959 -1.128894
		vertex 6.277074 -2.278487 -1.118313
	endloop
endfacet
facet normal 0.176070 0.984378 -0.000014
	outer loop
		vertex 6.203619 -2.498652 -1.130458
		vertex 6.229465 -2.503275 -1.131399
		vertex 6.241797 -2.505481 -1.127880
	endloop
endfacet
facet normal 0.176068 0.984378 0.000020
	outer loop
		vertex 6.151841 -2.489391 -1.117162
		vertex 6.203619 -2.498652 -1.130458
		vertex 6.241797 -2.505481 -1.127880
	endloop
endfacet
facet normal 0.176065 0.984379 -0.000005
	outer loop
		vertex 6.084268 -2.477305 -1.094857
		vertex 6.151841 -2.489391 -1.117162
		vertex 6.241797 -2.505481 -1.127880
	endloop
endfacet
facet normal 0.176068 0.984378 0.000009
	outer loop
		vertex 5.903930 -2.445050 -1.016359
		vertex 6.084268 -2.477305 -1.094857
		vertex 6.241797 -2.505481 -1.127880
	endloop
endfacet
facet normal 0.000000 1.000000 0.000000
	outer loop
		vertex 5.903930 -2.445050 -1.016359
		vertex 5.903930 -2.445050 -1.016359
		vertex 6.241797 -2.505481 -1.127880
	endloop
endfacet
facet normal 0.176064 0.984379 -0.000001
	outer loop
		vertex 6.095246 -2.479269 -1.060534
		vertex 5.903930 -2.445050 -1.016359
		vertex 6.241797 -2.505481 -1.127880
	endloop
endfacet
facet normal 0.176066 0.984378 0.000002
	outer loop
		vertex 6.162819 -2.491355 -1.082839
		vertex 6.095246 -2.479269 -1.060534
		vertex 6.241797 -2.505481 -1.127880
	endloop
endfacet
facet normal 0.176062 0.984379 -0.000005
	outer loop
		vertex 6.212402 -2.500223 -1.102999
		vertex 6.162819 -2.491355 -1.082839
		vertex 6.241797 -2.505481 -1.127880
	endloop
endfacet
facet normal 0.176052 0.984381 -0.000017
	outer loop
		vertex 6.233857 -2.504061 -1.117670
		vertex 6.212402 -2.500223 -1.102999
		vertex 6.241797 -2.505481 -1.127880
	endloop
endfacet
facet normal -0.084420 -0.257036 0.962707
	outer loop
		vertex -6.738987 -0.044520 -1.137005
		vertex -6.521928 -0.119608 -1.138019
		vertex -6.744636 -0.060159 -1.141676
	endloop
endfacet
facet normal -0.084419 -0.257032 0.962709
	outer loop
		vertex -6.521928 -0.119608 -1.138019
		vertex -6.527731 -0.135675 -1.142817
		vertex -6.744636 -0.060159 -1.141676
	endloop
endfacet
facet normal 0.016462 0.032174 0.999347
	outer loop
		vertex -6.744636 -0.060159 -1.141676
		vertex -6.527731 -0.135675 -1.142817
		vertex -6.756475 -0.092935 -1.140425
	endloop
endfacet
facet normal 0.016462 0.032173 0.999347
	outer loop
		vertex -6.527731 -0.135675 -1.142817
		vertex -6.539895 -0.169350 -1.141533
		vertex -6.756475 -0.092935 -1.140425
	endloop
endfacet
facet normal 0.085939 0.229523 0.969502
	outer loop
		vertex -6.756475 -0.092935 -1.140425
		vertex -6.539895 -0.169350 -1.141533
		vertex -6.780194 -0.158597 -1.122778
	endloop
endfacet
facet normal 0.085939 0.229524 0.969502
	outer loop
		vertex -6.539895 -0.169350 -1.141533
		vertex -6.564263 -0.236810 -1.123402
		vertex -6.780194 -0.158597 -1.122778
	endloop
endfacet
facet normal 0.107670 0.289665 0.951053
	outer loop
		vertex -6.780194 -0.158597 -1.122778
		vertex -6.564263 -0.236810 -1.123402
		vertex -6.811147 -0.244290 -1.093174
	endloop
endfacet
facet normal 0.107670 0.289665 0.951053
	outer loop
		vertex -6.564263 -0.236810 -1.123402
		vertex -6.596065 -0.324851 -1.092987
		vertex -6.811147 -0.244290 -1.093174
	endloop
endfacet
facet normal 0.137453 0.369106 0.919167
	outer loop
		vertex -6.811147 -0.244290 -1.093174
		vertex -6.596065 -0.324851 -1.092987
		vertex -6.856206 -0.369032 -1.036344
	endloop
endfacet
facet normal 0.137453 0.369106 0.919167
	outer loop
		vertex -6.596065 -0.324851 -1.092987
		vertex -6.642358 -0.453010 -1.034600
		vertex -6.856206 -0.369032 -1.036344
	endloop
endfacet
facet normal 0.137453 0.369106 0.919167
	outer loop
		vertex -6.856206 -0.369032 -1.036344
		vertex -6.642358 -0.453010 -1.034600
		vertex -6.893755 -0.472983 -0.988985
	endloop
endfacet
facet normal 0.137453 0.369106 0.919167
	outer loop
		vertex -6.642358 -0.453010 -1.034600
		vertex -6.680936 -0.559810 -0.985944
		vertex -6.893755 -0.472983 -0.988985
	endloop
endfacet
facet normal 0.000000 1.000000 0.000000
	outer loop
		vertex -6.893755 -0.472983 -0.988985
		vertex -6.680936 -0.559810 -0.985944
		vertex -6.893755 -0.472983 -0.988985
	endloop
endfacet
facet normal 0.000000 1.000000 0.000000
	outer loop
		vertex -6.680936 -0.559810 -0.985944
		vertex -6.680936 -0.559810 -0.985944
		vertex -6.893755 -0.472983 -0.988985
	endloop
endfacet
facet normal -0.071649 -0.209777 -0.975120
	outer loop
		vertex -6.893755 -0.472983 -0.988985
		vertex -6.680936 -0.559810 -0.985944
		vertex -6.853920 -0.362704 -1.015636
	endloop
endfacet
facet normal -0.071649 -0.209777 -0.975120
	outer loop
		vertex -6.680936 -0.559810 -0.985944
		vertex -6.640010 -0.446509 -1.013325
		vertex -6.853920 -0.362704 -1.015636
	endloop
endfacet
facet normal -0.071650 -0.209777 -0.975120
	outer loop
		vertex -6.853920 -0.362704 -1.015636
		vertex -6.640010 -0.446509 -1.013325
		vertex -6.806118 -0.230368 -1.047618
	endloop
endfacet
facet normal -0.071649 -0.209777 -0.975120
	outer loop
		vertex -6.640010 -0.446509 -1.013325
		vertex -6.590898 -0.310548 -1.046183
		vertex -6.806118 -0.230368 -1.047618
	endloop
endfacet
facet normal -0.102295 -0.291607 -0.951053
	outer loop
		vertex -6.806118 -0.230368 -1.047618
		vertex -6.590898 -0.310548 -1.046183
		vertex -6.775165 -0.144675 -1.077222
	endloop
endfacet
facet normal -0.102296 -0.291607 -0.951052
	outer loop
		vertex -6.590898 -0.310548 -1.046183
		vertex -6.559097 -0.222507 -1.076598
		vertex -6.775165 -0.144675 -1.077222
	endloop
endfacet
facet normal -0.123561 -0.350460 -0.928391
	outer loop
		vertex -6.775165 -0.144675 -1.077222
		vertex -6.559097 -0.222507 -1.076598
		vertex -6.752452 -0.081798 -1.103981
	endloop
endfacet
facet normal -0.123561 -0.350461 -0.928391
	outer loop
		vertex -6.559097 -0.222507 -1.076598
		vertex -6.535762 -0.157907 -1.104090
		vertex -6.752452 -0.081798 -1.103981
	endloop
endfacet
facet normal -0.185425 -0.526733 -0.829560
	outer loop
		vertex -6.752452 -0.081798 -1.103981
		vertex -6.535762 -0.157907 -1.104090
		vertex -6.742625 -0.054590 -1.123453
	endloop
endfacet
facet normal -0.185424 -0.526732 -0.829561
	outer loop
		vertex -6.535762 -0.157907 -1.104090
		vertex -6.525665 -0.129954 -1.124096
		vertex -6.742625 -0.054590 -1.123453
	endloop
endfacet
facet normal -0.259116 -0.740666 -0.619897
	outer loop
		vertex -6.742625 -0.054590 -1.123453
		vertex -6.525665 -0.129954 -1.124096
		vertex -6.738987 -0.044520 -1.137005
	endloop
endfacet
facet normal -0.259116 -0.740667 -0.619896
	outer loop
		vertex -6.525665 -0.129954 -1.124096
		vertex -6.521928 -0.119608 -1.138019
		vertex -6.738987 -0.044520 -1.137005
	endloop
endfacet
facet normal 0.000000 1.000000 0.000000
	outer loop
		vertex -6.738987 -0.044520 -1.137005
		vertex -6.738987 -0.044520 -1.137005
		vertex -6.744636 -0.060159 -1.141676
	endloop
endfacet
facet normal 0.000000 1.000000 0.000000
	outer loop
		vertex -6.738987 -0.044520 -1.137005
		vertex -6.744636 -0.060159 -1.141676
		vertex -6.744636 -0.060159 -1.141676
	endloop
endfacet
facet normal 0.000000 1.000000 0.000000
	outer loop
		vertex -6.744636 -0.060159 -1.141676
		vertex -6.744636 -0.060159 -1.141676
		vertex -6.756475 -0.092935 -1.140425
	endloop
endfacet
facet normal 0.000000 1.000000 0.000000
	outer loop
		vertex -6.744636 -0.060159 -1.141676
		vertex -6.756475 -0.092935 -1.140425
		vertex -6.756475 -0.092935 -1.140425
	endloop
endfacet
facet normal 0.000000 1.000000 0.000000
	outer loop
		vertex -6.756475 -0.092935 -1.140425
		vertex -6.756475 -0.092935 -1.140425
		vertex -6.780194 -0.158597 -1.122778
	endloop
endfacet
facet normal 0.000000 1.000000 0.000000
	outer loop
		vertex -6.756475 -0.092935 -1.140425
		vertex -6.780194 -0.158597 -1.122778
		vertex -6.780194 -0.158597 -1.122778
	endloop
endfacet
facet normal 0.000000 1.000000 0.000000
	outer loop
		vertex -6.780194 -0.158597 -1.122778
		vertex -6.780194 -0.158597 -1.122778
		vertex -6.811147 -0.244290 -1.093174
	endloop
endfacet
facet normal 0.000000 1.000000 0.000000
	outer loop
		vertex -6.780194 -0.158597 -1.122778
		vertex -6.811147 -0.244290 -1.093174
		vertex -6.811147 -0.244290 -1.093174
	endloop
endfacet
facet normal 0.000000 1.000000 0.000000
	outer loop
		vertex -6.811147 -0.244290 -1.093174
		vertex -6.811147 -0.244290 -1.093174
		vertex -6.856206 -0.369032 -1.036344
	endloop
endfacet
facet normal 0.000000 1.000000 0.000000
	outer loop
		vertex -6.811147 -0.244290 -1.093174
		vertex -6.856206 -0.369032 -1.036344
		vertex -6.856206 -0.369032 -1.036344
	endloop
endfacet
facet normal 0.000000 1.000000 0.000000
	outer loop
		vertex -6.856206 -0.369032 -1.036344
		vertex -6.856206 -0.369032 -1.036344
		vertex -6.893755 -0.472983 -0.988985
	endloop
endfacet
facet normal 0.000000 1.000000 0.000000
	outer loop
		vertex -6.856206 -0.369032 -1.036344
		vertex -6.893755 -0.472983 -0.988985
		vertex -6.893755 -0.472983 -0.988985
	endloop
endfacet
facet normal 0.000000 1.000000 0.000000
	outer loop
		vertex -6.893755 -0.472983 -0.988985
		vertex -6.893755 -0.472983 -0.988985
		vertex -6.893755 -0.472983 -0.988985
	endloop
endfacet
facet normal 0.000000 1.000000 0.000000
	outer loop
		vertex -6.893755 -0.472983 -0.988985
		vertex -6.893755 -0.472983 -0.988985
		vertex -6.893755 -0.472983 -0.988985
	endloop
endfacet
facet normal 0.000000 1.000000 0.000000
	outer loop
		vertex -6.893755 -0.472983 -0.988985
		vertex -6.893755 -0.472983 -0.988985
		vertex -6.853920 -0.362704 -1.015636
	endloop
endfacet
facet normal 0.000000 1.000000 0.000000
	outer loop
		vertex -6.893755 -0.472983 -0.988985
		vertex -6.853920 -0.362704 -1.015636
		vertex -6.853920 -0.362704 -1.015636
	endloop
endfacet
facet normal 0.000000 1.000000 0.000000
	outer loop
		vertex -6.853920 -0.362704 -1.015636
		vertex -6.853920 -0.362704 -1.015636
		vertex -6.806118 -0.230368 -1.047618
	endloop
endfacet
facet normal 0.000000 1.000000 0.000000
	outer loop
		vertex -6.853920 -0.362704 -1.015636
		vertex -6.806118 -0.230368 -1.047618
		vertex -6.806118 -0.230368 -1.047618
	endloop
endfacet
facet normal 0.000000 1.000000 0.000000
	outer loop
		vertex -6.806118 -0.230368 -1.047618
		vertex -6.806118 -0.230368 -1.047618
		vertex -6.775165 -0.144675 -1.077222
	endloop
endfacet
facet normal 0.000000 1.000000 0.000000
	outer loop
		vertex -6.806118 -0.230368 -1.047618
		vertex -6.775165 -0.144675 -1.077222
		vertex -6.775165 -0.144675 -1.077222
	endloop
endfacet
facet normal 0.000000 1.000000 0.000000
	outer loop
		vertex -6.775165 -0.144675 -1.077222
		vertex -6.775165 -0.144675 -1.077222
		vertex -6.752452 -0.081798 -1.103981
	endloop
endfacet
facet normal 0.000000 1.000000 0.000000
	outer loop
		vertex -6.775165 -0.144675 -1.077222
		vertex -6.752452 -0.081798 -1.103981
		vertex -6.752452 -0.081798 -1.103981
	endloop
endfacet
facet normal 0.000000 1.000000 0.000000
	outer loop
		vertex -6.752452 -0.081798 -1.103981
		vertex -6.752452 -0.081798 -1.103981
		vertex -6.742625 -0.054590 -1.123453
	endloop
endfacet
facet normal 0.000000 1.000000 0.000000
	outer loop
		vertex -6.752452 -0.081798 -1.103981
		vertex -6.742625 -0.054590 -1.123453
		vertex -6.742625 -0.054590 -1.123453
	endloop
endfacet
facet normal 0.000000 1.000000 0.000000
	outer loop
		vertex -6.742625 -0.054590 -1.123453
		vertex -6.742625 -0.054590 -1.123453
		vertex -6.738987 -0.044520 -1.137005
	endloop
endfacet
facet normal 0.000000 1.000000 0.000000
	outer loop
		vertex -6.742625 -0.054590 -1.123453
		vertex -6.738987 -0.044520 -1.137005
		vertex -6.738987 -0.044520 -1.137005
	endloop
endfacet
facet normal -0.084419 -0.257031 0.962709
	outer loop
		vertex -6.956047 0.030567 -1.135991
		vertex -6.738987 -0.044520 -1.137005
		vertex -6.961541 0.015358 -1.140534
	endloop
endfacet
facet normal -0.084421 -0.257036 0.962707
	outer loop
		vertex -6.738987 -0.044520 -1.137005
		vertex -6.744636 -0.060159 -1.141676
		vertex -6.961541 0.015358 -1.140534
	endloop
endfacet
facet normal 0.016461 0.032172 0.999347
	outer loop
		vertex -6.961541 0.015358 -1.140534
		vertex -6.744636 -0.060159 -1.141676
		vertex -6.973056 -0.016521 -1.139318
	endloop
endfacet
facet normal 0.016462 0.032174 0.999347
	outer loop
		vertex -6.744636 -0.060159 -1.141676
		vertex -6.756475 -0.092935 -1.140425
		vertex -6.973056 -0.016521 -1.139318
	endloop
endfacet
facet normal 0.085939 0.229524 0.969501
	outer loop
		vertex -6.973056 -0.016521 -1.139318
		vertex -6.756475 -0.092935 -1.140425
		vertex -6.996124 -0.080384 -1.122154
	endloop
endfacet
facet normal 0.085939 0.229523 0.969502
	outer loop
		vertex -6.756475 -0.092935 -1.140425
		vertex -6.780194 -0.158597 -1.122778
		vertex -6.996124 -0.080384 -1.122154
	endloop
endfacet
facet normal 0.107670 0.289665 0.951053
	outer loop
		vertex -6.996124 -0.080384 -1.122154
		vertex -6.780194 -0.158597 -1.122778
		vertex -7.026230 -0.163729 -1.093361
	endloop
endfacet
facet normal 0.107670 0.289665 0.951053
	outer loop
		vertex -6.780194 -0.158597 -1.122778
		vertex -6.811147 -0.244290 -1.093174
		vertex -7.026230 -0.163729 -1.093361
	endloop
endfacet
facet normal 0.137453 0.369107 0.919166
	outer loop
		vertex -7.026230 -0.163729 -1.093361
		vertex -6.811147 -0.244290 -1.093174
		vertex -7.070054 -0.285053 -1.038088
	endloop
endfacet
facet normal 0.137453 0.369106 0.919167
	outer loop
		vertex -6.811147 -0.244290 -1.093174
		vertex -6.856206 -0.369032 -1.036344
		vertex -7.070054 -0.285053 -1.038088
	endloop
endfacet
facet normal 0.137453 0.369106 0.919167
	outer loop
		vertex -7.070054 -0.285053 -1.038088
		vertex -6.856206 -0.369032 -1.036344
		vertex -7.106575 -0.386157 -0.992027
	endloop
endfacet
facet normal 0.137453 0.369106 0.919167
	outer loop
		vertex -6.856206 -0.369032 -1.036344
		vertex -6.893755 -0.472983 -0.988985
		vertex -7.106575 -0.386157 -0.992027
	endloop
endfacet
facet normal 0.000000 1.000000 0.000000
	outer loop
		vertex -7.106575 -0.386157 -0.992027
		vertex -6.893755 -0.472983 -0.988985
		vertex -7.106575 -0.386157 -0.992027
	endloop
endfacet
facet normal 0.000000 1.000000 0.000000
	outer loop
		vertex -6.893755 -0.472983 -0.988985
		vertex -6.893755 -0.472983 -0.988985
		vertex -7.106575 -0.386157 -0.992027
	endloop
endfacet
facet normal -0.071650 -0.209777 -0.975120
	outer loop
		vertex -7.106575 -0.386157 -0.992027
		vertex -6.893755 -0.472983 -0.988985
		vertex -7.067831 -0.278898 -1.017948
	endloop
endfacet
facet normal -0.071649 -0.209777 -0.975120
	outer loop
		vertex -6.893755 -0.472983 -0.988985
		vertex -6.853920 -0.362704 -1.015636
		vertex -7.067831 -0.278898 -1.017948
	endloop
endfacet
facet normal -0.071649 -0.209777 -0.975121
	outer loop
		vertex -7.067831 -0.278898 -1.017948
		vertex -6.853920 -0.362704 -1.015636
		vertex -7.021339 -0.150188 -1.049053
	endloop
endfacet
facet normal -0.071650 -0.209777 -0.975120
	outer loop
		vertex -6.853920 -0.362704 -1.015636
		vertex -6.806118 -0.230368 -1.047618
		vertex -7.021339 -0.150188 -1.049053
	endloop
endfacet
facet normal -0.102296 -0.291607 -0.951052
	outer loop
		vertex -7.021339 -0.150188 -1.049053
		vertex -6.806118 -0.230368 -1.047618
		vertex -6.991233 -0.066844 -1.077846
	endloop
endfacet
facet normal -0.102295 -0.291607 -0.951053
	outer loop
		vertex -6.806118 -0.230368 -1.047618
		vertex -6.775165 -0.144675 -1.077222
		vertex -6.991233 -0.066844 -1.077846
	endloop
endfacet
facet normal -0.123561 -0.350461 -0.928391
	outer loop
		vertex -6.991233 -0.066844 -1.077846
		vertex -6.775165 -0.144675 -1.077222
		vertex -6.969143 -0.005689 -1.103872
	endloop
endfacet
facet normal -0.123561 -0.350460 -0.928391
	outer loop
		vertex -6.775165 -0.144675 -1.077222
		vertex -6.752452 -0.081798 -1.103981
		vertex -6.969143 -0.005689 -1.103872
	endloop
endfacet
facet normal -0.185423 -0.526731 -0.829562
	outer loop
		vertex -6.969143 -0.005689 -1.103872
		vertex -6.752452 -0.081798 -1.103981
		vertex -6.959584 0.020774 -1.122811
	endloop
endfacet
facet normal -0.185425 -0.526733 -0.829560
	outer loop
		vertex -6.752452 -0.081798 -1.103981
		vertex -6.742625 -0.054590 -1.123453
		vertex -6.959584 0.020774 -1.122811
	endloop
endfacet
facet normal -0.259117 -0.740667 -0.619896
	outer loop
		vertex -6.959584 0.020774 -1.122811
		vertex -6.742625 -0.054590 -1.123453
		vertex -6.956047 0.030567 -1.135991
	endloop
endfacet
facet normal -0.259116 -0.740666 -0.619897
	outer loop
		vertex -6.742625 -0.054590 -1.123453
		vertex -6.738987 -0.044520 -1.137005
		vertex -6.956047 0.030567 -1.135991
	endloop
endfacet
facet normal 0.000000 1.000000 0.000000
	outer loop
		vertex -6.956047 0.030567 -1.135991
		vertex -6.956047 0.030567 -1.135991
		vertex -6.961541 0.015358 -1.140534
	endloop
endfacet
facet normal 0.000000 1.000000 0.000000
	outer loop
		vertex -6.956047 0.030567 -1.135991
		vertex -6.961541 0.015358 -1.140534
		vertex -6.961541 0.015358 -1.140534
	endloop
endfacet
facet normal 0.000000 1.000000 0.000000
	outer loop
		vertex -6.961541 0.015358 -1.140534
		vertex -6.961541 0.015358 -1.140534
		vertex -6.973056 -0.016521 -1.139318
	endloop
endfacet
facet normal 0.000000 1.000000 0.000000
	outer loop
		vertex -6.961541 0.015358 -1.140534
		vertex -6.973056 -0.016521 -1.139318
		vertex -6.973056 -0.016521 -1.139318
	endloop
endfacet
facet normal 0.000000 1.000000 0.000000
	outer loop
		vertex -6.973056 -0.016521 -1.139318
		vertex -6.973056 -0.016521 -1.139318
		vertex -6.996124 -0.080384 -1.122154
	endloop
endfacet
facet normal 0.000000 1.000000 0.000000
	outer loop
		vertex -6.973056 -0.016521 -1.139318
		vertex -6.996124 -0.080384 -1.122154
		vertex -6.996124 -0.080384 -1.122154
	endloop
endfacet
facet normal 0.000000 1.000000 0.000000
	outer loop
		vertex -6.996124 -0.080384 -1.122154
		vertex -6.996124 -0.080384 -1.122154
		vertex -7.026230 -0.163729 -1.093361
	endloop
endfacet
facet normal 0.000000 1.000000 0.000000
	outer loop
		vertex -6.996124 -0.080384 -1.122154
		vertex -7.026230 -0.163729 -1.093361
		vertex -7.026230 -0.163729 -1.093361
	endloop
endfacet
facet normal 0.000000 1.000000 0.000000
	outer loop
		vertex -7.026230 -0.163729 -1.093361
		vertex -7.026230 -0.163729 -1.093361
		vertex -7.070054 -0.285053 -1.038088
	endloop
endfacet
facet normal 0.000000 1.000000 0.000000
	outer loop
		vertex -7.026230 -0.163729 -1.093361
		vertex -7.070054 -0.285053 -1.038088
		vertex -7.070054 -0.285053 -1.038088
	endloop
endfacet
facet normal 0.000000 1.000000 0.000000
	outer loop
		vertex -7.070054 -0.285053 -1.038088
		vertex -7.070054 -0.285053 -1.038088
		vertex -7.106575 -0.386157 -0.992027
	endloop
endfacet
facet normal 0.000000 1.000000 0.000000
	outer loop
		vertex -7.070054 -0.285053 -1.038088
		vertex -7.106575 -0.386157 -0.992027
		vertex -7.106575 -0.386157 -0.992027
	endloop
endfacet
facet normal 0.000000 1.000000 0.000000
	outer loop
		vertex -7.106575 -0.386157 -0.992027
		vertex -7.106575 -0.386157 -0.992027
		vertex -7.106575 -0.386157 -0.992027
	endloop
endfacet
facet normal 0.000000 1.000000 0.000000
	outer loop
		vertex -7.106575 -0.386157 -0.992027
		vertex -7.106575 -0.386157 -0.992027
		vertex -7.106575 -0.386157 -0.992027
	endloop
endfacet
facet normal 0.000000 1.000000 0.000000
	outer loop
		vertex -7.106575 -0.386157 -0.992027
		vertex -7.106575 -0.386157 -0.992027
		vertex -7.067831 -0.278898 -1.017948
	endloop
endfacet
facet normal 0.000000 1.000000 0.000000
	outer loop
		vertex -7.106575 -0.386157 -0.992027
		vertex -7.067831 -0.278898 -1.017948
		vertex -7.067831 -0.278898 -1.017948
	endloop
endfacet
facet normal 0.000000 1.000000 0.000000
	outer loop
		vertex -7.067831 -0.278898 -1.017948
		vertex -7.067831 -0.278898 -1.017948
		vertex -7.021339 -0.150188 -1.049053
	endloop
endfacet
facet normal 0.000000 1.000000 0.000000
	outer loop
		vertex -7.067831 -0.278898 -1.017948
		vertex -7.021339 -0.150188 -1.049053
		vertex -7.021339 -0.150188 -1.049053
	endloop
endfacet
facet normal 0.000000 1.000000 0.000000
	outer loop
		vertex -7.021339 -0.150188 -1.049053
		vertex -7.021339 -0.150188 -1.049053
		vertex -6.991233 -0.066844 -1.077846
	endloop
endfacet
facet normal 0.000000 1.000000 0.000000
	outer loop
		vertex -7.021339 -0.150188 -1.049053
		vertex -6.991233 -0.066844 -1.077846
		vertex -6.991233 -0.066844 -1.077846
	endloop
endfacet
facet normal 0.000000 1.000000 0.000000
	outer loop
		vertex -6.991233 -0.066844 -1.077846
		vertex -6.991233 -0.066844 -1.077846
		vertex -6.969143 -0.005689 -1.103872
	endloop
endfacet
facet normal 0.000000 1.000000 0.000000
	outer loop
		vertex -6.991233 -0.066844 -1.077846
		vertex -6.969143 -0.005689 -1.103872
		vertex -6.969143 -0.005689 -1.103872
	endloop
endfacet
facet normal 0.000000 1.000000 0.000000
	outer loop
		vertex -6.969143 -0.005689 -1.103872
		vertex -6.969143 -0.005689 -1.103872
		vertex -6.959584 0.020774 -1.122811
	endloop
endfacet
facet normal 0.000000 1.000000 0.000000
	outer loop
		vertex -6.969143 -0.005689 -1.103872
		vertex -6.959584 0.020774 -1.122811
		vertex -6.959584 0.020774 -1.122811
	endloop
endfacet
facet normal 0.000000 1.000000 0.000000
	outer loop
		vertex -6.959584 0.020774 -1.122811
		vertex -6.959584 0.020774 -1.122811
		vertex -6.956047 0.030567 -1.135991
	endloop
endfacet
facet normal 0.000000 1.000000 0.000000
	outer loop
		vertex -6.959584 0.020774 -1.122811
		vertex -6.956047 0.030567 -1.135991
		vertex -6.956047 0.030567 -1.135991
	endloop
endfacet
facet normal -0.084420 -0.257035 0.962708
	outer loop
		vertex -7.173106 0.105655 -1.134977
		vertex -6.956047 0.030567 -1.135991
		vertex -7.178445 0.090874 -1.139392
	endloop
endfacet
facet normal -0.084419 -0.257031 0.962709
	outer loop
		vertex -6.956047 0.030567 -1.135991
		vertex -6.961541 0.015358 -1.140534
		vertex -7.178445 0.090874 -1.139392
	endloop
endfacet
facet normal 0.016462 0.032173 0.999347
	outer loop
		vertex -7.178445 0.090874 -1.139392
		vertex -6.961541 0.015358 -1.140534
		vertex -7.189636 0.059893 -1.138210
	endloop
endfacet
facet normal 0.016461 0.032171 0.999347
	outer loop
		vertex -6.961541 0.015358 -1.140534
		vertex -6.973056 -0.016521 -1.139318
		vertex -7.189636 0.059893 -1.138210
	endloop
endfacet
facet normal 0.085939 0.229524 0.969501
	outer loop
		vertex -7.189636 0.059893 -1.138210
		vertex -6.973056 -0.016521 -1.139318
		vertex -7.212055 -0.002170 -1.121530
	endloop
endfacet
facet normal 0.085939 0.229524 0.969501
	outer loop
		vertex -6.973056 -0.016521 -1.139318
		vertex -6.996124 -0.080384 -1.122154
		vertex -7.212055 -0.002170 -1.121530
	endloop
endfacet
facet normal 0.107670 0.289666 0.951053
	outer loop
		vertex -7.212055 -0.002170 -1.121530
		vertex -6.996124 -0.080384 -1.122154
		vertex -7.241312 -0.083168 -1.093548
	endloop
endfacet
facet normal 0.107670 0.289665 0.951053
	outer loop
		vertex -6.996124 -0.080384 -1.122154
		vertex -7.026230 -0.163729 -1.093361
		vertex -7.241312 -0.083168 -1.093548
	endloop
endfacet
facet normal 0.137453 0.369106 0.919167
	outer loop
		vertex -7.241312 -0.083168 -1.093548
		vertex -7.026230 -0.163729 -1.093361
		vertex -7.283902 -0.201074 -1.039832
	endloop
endfacet
facet normal 0.137453 0.369107 0.919166
	outer loop
		vertex -7.026230 -0.163729 -1.093361
		vertex -7.070054 -0.285053 -1.038088
		vertex -7.283902 -0.201074 -1.039832
	endloop
endfacet
facet normal 0.137453 0.369106 0.919167
	outer loop
		vertex -7.283902 -0.201074 -1.039832
		vertex -7.070054 -0.285053 -1.038088
		vertex -7.319394 -0.299330 -0.995068
	endloop
endfacet
facet normal 0.137453 0.369106 0.919167
	outer loop
		vertex -7.070054 -0.285053 -1.038088
		vertex -7.106575 -0.386157 -0.992027
		vertex -7.319394 -0.299330 -0.995068
	endloop
endfacet
facet normal 0.000000 1.000000 0.000000
	outer loop
		vertex -7.319394 -0.299330 -0.995068
		vertex -7.106575 -0.386157 -0.992027
		vertex -7.319394 -0.299330 -0.995068
	endloop
endfacet
facet normal 0.000000 1.000000 0.000000
	outer loop
		vertex -7.106575 -0.386157 -0.992027
		vertex -7.106575 -0.386157 -0.992027
		vertex -7.319394 -0.299330 -0.995068
	endloop
endfacet
facet normal -0.071650 -0.209777 -0.975120
	outer loop
		vertex -7.319394 -0.299330 -0.995068
		vertex -7.106575 -0.386157 -0.992027
		vertex -7.281742 -0.195093 -1.020259
	endloop
endfacet
facet normal -0.071650 -0.209778 -0.975120
	outer loop
		vertex -7.106575 -0.386157 -0.992027
		vertex -7.067831 -0.278898 -1.017948
		vertex -7.281742 -0.195093 -1.020259
	endloop
endfacet
facet normal -0.071649 -0.209777 -0.975121
	outer loop
		vertex -7.281742 -0.195093 -1.020259
		vertex -7.067831 -0.278898 -1.017948
		vertex -7.236559 -0.070009 -1.050488
	endloop
endfacet
facet normal -0.071649 -0.209777 -0.975120
	outer loop
		vertex -7.067831 -0.278898 -1.017948
		vertex -7.021339 -0.150188 -1.049053
		vertex -7.236559 -0.070009 -1.050488
	endloop
endfacet
facet normal -0.102296 -0.291607 -0.951052
	outer loop
		vertex -7.236559 -0.070009 -1.050488
		vertex -7.021339 -0.150188 -1.049053
		vertex -7.207302 0.010988 -1.078470
	endloop
endfacet
facet normal -0.102296 -0.291607 -0.951052
	outer loop
		vertex -7.021339 -0.150188 -1.049053
		vertex -6.991233 -0.066844 -1.077846
		vertex -7.207302 0.010988 -1.078470
	endloop
endfacet
facet normal -0.123561 -0.350461 -0.928391
	outer loop
		vertex -7.207302 0.010988 -1.078470
		vertex -6.991233 -0.066844 -1.077846
		vertex -7.185834 0.070420 -1.103763
	endloop
endfacet
facet normal -0.123561 -0.350461 -0.928391
	outer loop
		vertex -6.991233 -0.066844 -1.077846
		vertex -6.969143 -0.005689 -1.103872
		vertex -7.185834 0.070420 -1.103763
	endloop
endfacet
facet normal -0.185424 -0.526732 -0.829561
	outer loop
		vertex -7.185834 0.070420 -1.103763
		vertex -6.969143 -0.005689 -1.103872
		vertex -7.176544 0.096138 -1.122168
	endloop
endfacet
facet normal -0.185423 -0.526731 -0.829562
	outer loop
		vertex -6.969143 -0.005689 -1.103872
		vertex -6.959584 0.020774 -1.122811
		vertex -7.176544 0.096138 -1.122168
	endloop
endfacet
facet normal -0.259116 -0.740666 -0.619897
	outer loop
		vertex -7.176544 0.096138 -1.122168
		vertex -6.959584 0.020774 -1.122811
		vertex -7.173106 0.105655 -1.134977
	endloop
endfacet
facet normal -0.259116 -0.740667 -0.619896
	outer loop
		vertex -6.959584 0.020774 -1.122811
		vertex -6.956047 0.030567 -1.135991
		vertex -7.173106 0.105655 -1.134977
	endloop
endfacet
facet normal 0.000000 1.000000 0.000000
	outer loop
		vertex -7.173106 0.105655 -1.134977
		vertex -7.173106 0.105655 -1.134977
		vertex -7.178445 0.090874 -1.139392
	endloop
endfacet
facet normal 0.000000 1.000000 0.000000
	outer loop
		vertex -7.173106 0.105655 -1.134977
		vertex -7.178445 0.090874 -1.139392
		vertex -7.178445 0.090874 -1.139392
	endloop
endfacet
facet normal 0.000000 1.000000 0.000000
	outer loop
		vertex -7.178445 0.090874 -1.139392
		vertex -7.178445 0.090874 -1.139392
		vertex -7.189636 0.059893 -1.138210
	endloop
endfacet
facet normal 0.000000 1.000000 0.000000
	outer loop
		vertex -7.178445 0.090874 -1.139392
		vertex -7.189636 0.059893 -1.138210
		vertex -7.189636 0.059893 -1.138210
	endloop
endfacet
facet normal 0.000000 1.000000 0.000000
	outer loop
		vertex -7.189636 0.059893 -1.138210
		vertex -7.189636 0.059893 -1.138210
		vertex -7.212055 -0.002170 -1.121530
	endloop
endfacet
facet normal 0.000000 1.000000 0.000000
	outer loop
		vertex -7.189636 0.059893 -1.138210
		vertex -7.212055 -0.002170 -1.121530
		vertex -7.212055 -0.002170 -1.121530
	endloop
endfacet
facet normal 0.000000 1.000000 0.000000
	outer loop
		vertex -7.212055 -0.002170 -1.121530
		vertex -7.212055 -0.002170 -1.121530
		vertex -7.241312 -0.083168 -1.093548
	endloop
endfacet
facet normal 0.000000 1.000000 0.000000
	outer loop
		vertex -7.212055 -0.002170 -1.121530
		vertex -7.241312 -0.083168 -1.093548
		vertex -7.241312 -0.083168 -1.093548
	endloop
endfacet
facet normal 0.000000 1.000000 0.000000
	outer loop
		vertex -7.241312 -0.083168 -1.093548
		vertex -7.241312 -0.083168 -1.093548
		vertex -7.283902 -0.201074 -1.039832
	endloop
endfacet
facet normal 0.000000 1.000000 0.000000
	outer loop
		vertex -7.241312 -0.083168 -1.093548
		vertex -7.283902 -0.201074 -1.039832
		vertex -7.283902 -0.201074 -1.039832
	endloop
endfacet
facet normal 0.000000 1.000000 0.000000
	outer loop
		vertex -7.283902 -0.201074 -1.039832
		vertex -7.283902 -0.201074 -1.039832
		vertex -7.319394 -0.299330 -0.995068
	endloop
endfacet
facet normal 0.000000 1.000000 0.000000
	outer loop
		vertex -7.283902 -0.201074 -1.039832
		vertex -7.319394 -0.299330 -0.995068
		vertex -7.319394 -0.299330 -0.995068
	endloop
endfacet
facet normal 0.000000 1.000000 0.000000
	outer loop
		vertex -7.319394 -0.299330 -0.995068
		vertex -7.319394 -0.299330 -0.995068
		vertex -7.319394 -0.299330 -0.995068
	endloop
endfacet
facet normal 0.000000 1.000000 0.000000
	outer loop
		vertex -7.319394 -0.299330 -0.995068
		vertex -7.319394 -0.299330 -0.995068
		vertex -7.319394 -0.299330 -0.995068
	endloop
endfacet
facet normal 0.000000 1.000000 0.000000
	outer loop
		vertex -7.319394 -0.299330 -0.995068
		vertex -7.319394 -0.299330 -0.995068
		vertex -7.281742 -0.195093 -1.020259
	endloop
endfacet
facet normal 0.000000 1.000000 0.000000
	outer loop
		vertex -7.319394 -0.299330 -0.995068
		vertex -7.281742 -0.195093 -1.020259
		vertex -7.281742 -0.195093 -1.020259
	endloop
endfacet
facet normal 0.000000 1.000000 0.000000
	outer loop
		vertex -7.281742 -0.195093 -1.020259
		vertex -7.281742 -0.195093 -1.020259
		vertex -7.236559 -0.070009 -1.050488
	endloop
endfacet
facet normal 0.000000 1.000000 0.000000
	outer loop
		vertex -7.281742 -0.195093 -1.020259
		vertex -7.236559 -0.070009 -1.050488
		vertex -7.236559 -0.070009 -1.050488
	endloop
endfacet
facet normal 0.000000 1.000000 0.000000
	outer loop
		vertex -7.236559 -0.070009 -1.050488
		vertex -7.236559 -0.070009 -1.050488
		vertex -7.207302 0.010988 -1.078470
	endloop
endfacet
facet normal 0.000000 1.000000 0.000000
	outer loop
		vertex -7.236559 -0.070009 -1.050488
		vertex -7.207302 0.010988 -1.078470
		vertex -7.207302 0.010988 -1.078470
	endloop
endfacet
facet normal 0.000000 1.000000 0.000000
	outer loop
		vertex -7.207302 0.010988 -1.078470
		vertex -7.207302 0.010988 -1.078470
		vertex -7.185834 0.070420 -1.103763
	endloop
endfacet
facet normal 0.000000 1.000000 0.000000
	outer loop
		vertex -7.207302 0.010988 -1.078470
		vertex -7.185834 0.070420 -1.103763
		vertex -7.185834 0.070420 -1.103763
	endloop
endfacet
facet normal 0.000000 1.000000 0.000000
	outer loop
		vertex -7.185834 0.070420 -1.103763
		vertex -7.185834 0.070420 -1.103763
		vertex -7.176544 0.096138 -1.122168
	endloop
endfacet
facet normal 0.000000 1.000000 0.000000
	outer loop
		vertex -7.185834 0.070420 -1.103763
		vertex -7.176544 0.096138 -1.122168
		vertex -7.176544 0.096138 -1.122168
	endloop
endfacet
facet normal 0.000000 1.000000 0.000000
	outer loop
		vertex -7.176544 0.096138 -1.122168
		vertex -7.176544 0.096138 -1.122168
		vertex -7.173106 0.105655 -1.134977
	endloop
endfacet
facet normal 0.000000 1.000000 0.000000
	outer loop
		vertex -7.176544 0.096138 -1.122168
		vertex -7.173106 0.105655 -1.134977
		vertex -7.173106 0.105655 -1.134977
	endloop
endfacet
facet normal -0.084420 -0.257037 0.962707
	outer loop
		vertex -7.390166 0.180743 -1.133963
		vertex -7.173106 0.105655 -1.134977
		vertex -7.395350 0.166390 -1.138250
	endloop
endfacet
facet normal -0.084420 -0.257035 0.962708
	outer loop
		vertex -7.173106 0.105655 -1.134977
		vertex -7.178445 0.090874 -1.139392
		vertex -7.395350 0.166390 -1.138250
	endloop
endfacet
facet normal 0.016462 0.032174 0.999347
	outer loop
		vertex -7.395350 0.166390 -1.138250
		vertex -7.178445 0.090874 -1.139392
		vertex -7.406217 0.136308 -1.137103
	endloop
endfacet
facet normal 0.016462 0.032173 0.999347
	outer loop
		vertex -7.178445 0.090874 -1.139392
		vertex -7.189636 0.059893 -1.138210
		vertex -7.406217 0.136308 -1.137103
	endloop
endfacet
facet normal 0.085939 0.229524 0.969501
	outer loop
		vertex -7.406217 0.136308 -1.137103
		vertex -7.189636 0.059893 -1.138210
		vertex -7.427985 0.076043 -1.120906
	endloop
endfacet
facet normal 0.085939 0.229524 0.969501
	outer loop
		vertex -7.189636 0.059893 -1.138210
		vertex -7.212055 -0.002170 -1.121530
		vertex -7.427985 0.076043 -1.120906
	endloop
endfacet
facet normal 0.107670 0.289665 0.951053
	outer loop
		vertex -7.427985 0.076043 -1.120906
		vertex -7.212055 -0.002170 -1.121530
		vertex -7.456395 -0.002606 -1.093735
	endloop
endfacet
facet normal 0.107670 0.289666 0.951053
	outer loop
		vertex -7.212055 -0.002170 -1.121530
		vertex -7.241312 -0.083168 -1.093548
		vertex -7.456395 -0.002606 -1.093735
	endloop
endfacet
facet normal 0.137452 0.369106 0.919167
	outer loop
		vertex -7.456395 -0.002606 -1.093735
		vertex -7.241312 -0.083168 -1.093548
		vertex -7.497750 -0.117096 -1.041576
	endloop
endfacet
facet normal 0.137452 0.369106 0.919167
	outer loop
		vertex -7.241312 -0.083168 -1.093548
		vertex -7.283902 -0.201074 -1.039832
		vertex -7.497750 -0.117096 -1.041576
	endloop
endfacet
facet normal 0.137453 0.369106 0.919167
	outer loop
		vertex -7.497750 -0.117096 -1.041576
		vertex -7.283902 -0.201074 -1.039832
		vertex -7.532213 -0.212504 -0.998110
	endloop
endfacet
facet normal 0.137453 0.369106 0.919167
	outer loop
		vertex -7.283902 -0.201074 -1.039832
		vertex -7.319394 -0.299330 -0.995068
		vertex -7.532213 -0.212504 -0.998110
	endloop
endfacet
facet normal 0.000000 1.000000 0.000000
	outer loop
		vertex -7.532213 -0.212504 -0.998110
		vertex -7.319394 -0.299330 -0.995068
		vertex -7.532213 -0.212504 -0.998110
	endloop
endfacet
facet normal 0.000000 1.000000 0.000000
	outer loop
		vertex -7.319394 -0.299330 -0.995068
		vertex -7.319394 -0.299330 -0.995068
		vertex -7.532213 -0.212504 -0.998110
	endloop
endfacet
facet normal -0.071649 -0.209776 -0.975121
	outer loop
		vertex -7.532213 -0.212504 -0.998110
		vertex -7.319394 -0.299330 -0.995068
		vertex -7.495652 -0.111288 -1.022570
	endloop
endfacet
facet normal -0.071650 -0.209777 -0.975120
	outer loop
		vertex -7.319394 -0.299330 -0.995068
		vertex -7.281742 -0.195093 -1.020259
		vertex -7.495652 -0.111288 -1.022570
	endloop
endfacet
facet normal -0.071650 -0.209778 -0.975120
	outer loop
		vertex -7.495652 -0.111288 -1.022570
		vertex -7.281742 -0.195093 -1.020259
		vertex -7.451779 0.010171 -1.051924
	endloop
endfacet
facet normal -0.071649 -0.209777 -0.975121
	outer loop
		vertex -7.281742 -0.195093 -1.020259
		vertex -7.236559 -0.070009 -1.050488
		vertex -7.451779 0.010171 -1.051924
	endloop
endfacet
facet normal -0.102295 -0.291607 -0.951053
	outer loop
		vertex -7.451779 0.010171 -1.051924
		vertex -7.236559 -0.070009 -1.050488
		vertex -7.423370 0.088820 -1.079094
	endloop
endfacet
facet normal -0.102296 -0.291607 -0.951052
	outer loop
		vertex -7.236559 -0.070009 -1.050488
		vertex -7.207302 0.010988 -1.078470
		vertex -7.423370 0.088820 -1.079094
	endloop
endfacet
facet normal -0.123562 -0.350462 -0.928391
	outer loop
		vertex -7.423370 0.088820 -1.079094
		vertex -7.207302 0.010988 -1.078470
		vertex -7.402524 0.146530 -1.103654
	endloop
endfacet
facet normal -0.123561 -0.350461 -0.928391
	outer loop
		vertex -7.207302 0.010988 -1.078470
		vertex -7.185834 0.070420 -1.103763
		vertex -7.402524 0.146530 -1.103654
	endloop
endfacet
facet normal -0.185423 -0.526729 -0.829563
	outer loop
		vertex -7.402524 0.146530 -1.103654
		vertex -7.185834 0.070420 -1.103763
		vertex -7.393504 0.171501 -1.121526
	endloop
endfacet
facet normal -0.185424 -0.526732 -0.829561
	outer loop
		vertex -7.185834 0.070420 -1.103763
		vertex -7.176544 0.096138 -1.122168
		vertex -7.393504 0.171501 -1.121526
	endloop
endfacet
facet normal -0.259116 -0.740668 -0.619895
	outer loop
		vertex -7.393504 0.171501 -1.121526
		vertex -7.176544 0.096138 -1.122168
		vertex -7.390166 0.180743 -1.133963
	endloop
endfacet
facet normal -0.259116 -0.740666 -0.619897
	outer loop
		vertex -7.176544 0.096138 -1.122168
		vertex -7.173106 0.105655 -1.134977
		vertex -7.390166 0.180743 -1.133963
	endloop
endfacet
facet normal 0.000000 1.000000 0.000000
	outer loop
		vertex -7.390166 0.180743 -1.133963
		vertex -7.390166 0.180743 -1.133963
		vertex -7.395350 0.166390 -1.138250
	endloop
endfacet
facet normal 0.000000 1.000000 0.000000
	outer loop
		vertex -7.390166 0.180743 -1.133963
		vertex -7.395350 0.166390 -1.138250
		vertex -7.395350 0.166390 -1.138250
	endloop
endfacet
facet normal 0.000000 1.000000 0.000000
	outer loop
		vertex -7.395350 0.166390 -1.138250
		vertex -7.395350 0.166390 -1.138250
		vertex -7.406217 0.136308 -1.137103
	endloop
endfacet
facet normal 0.000000 1.000000 0.000000
	outer loop
		vertex -7.395350 0.166390 -1.138250
		vertex -7.406217 0.136308 -1.137103
		vertex -7.406217 0.136308 -1.137103
	endloop
endfacet
facet normal 0.000000 1.000000 0.000000
	outer loop
		vertex -7.406217 0.136308 -1.137103
		vertex -7.406217 0.136308 -1.137103
		vertex -7.427985 0.076043 -1.120906
	endloop
endfacet
facet normal 0.000000 1.000000 0.000000
	outer loop
		vertex -7.406217 0.136308 -1.137103
		vertex -7.427985 0.076043 -1.120906
		vertex -7.427985 0.076043 -1.120906
	endloop
endfacet
facet normal 0.000000 1.000000 0.000000
	outer loop
		vertex -7.427985 0.076043 -1.120906
		vertex -7.427985 0.076043 -1.120906
		vertex -7.456395 -0.002606 -1.093735
	endloop
endfacet
facet normal 0.000000 1.000000 0.000000
	outer loop
		vertex -7.427985 0.076043 -1.120906
		vertex -7.456395 -0.002606 -1.093735
		vertex -7.456395 -0.002606 -1.093735
	endloop
endfacet
facet normal 0.000000 1.000000 0.000000
	outer loop
		vertex -7.456395 -0.002606 -1.093735
		vertex -7.456395 -0.002606 -1.093735
		vertex -7.497750 -0.117096 -1.041576
	endloop
endfacet
facet normal 0.000000 1.000000 0.000000
	outer loop
		vertex -7.456395 -0.002606 -1.093735
		vertex -7.497750 -0.117096 -1.041576
		vertex -7.497750 -0.117096 -1.041576
	endloop
endfacet
facet normal 0.000000 1.000000 0.000000
	outer loop
		vertex -7.497750 -0.117096 -1.041576
		vertex -7.497750 -0.117096 -1.041576
		vertex -7.532213 -0.212504 -0.998110
	endloop
endfacet
facet normal 0.000000 1.000000 0.000000
	outer loop
		vertex -7.497750 -0.117096 -1.041576
		vertex -7.532213 -0.212504 -0.998110
		vertex -7.532213 -0.212504 -0.998110
	endloop
endfacet
facet normal 0.000000 1.000000 0.000000
	outer loop
		vertex -7.532213 -0.212504 -0.998110
		vertex -7.532213 -0.212504 -0.998110
		vertex -7.532213 -0.212504 -0.998110
	endloop
endfacet
facet normal 0.000000 1.000000 0.000000
	outer loop
		vertex -7.532213 -0.212504 -0.998110
		vertex -7.532213 -0.212504 -0.998110
		vertex -7.532213 -0.212504 -0.998110
	endloop
endfacet
facet normal 0.000000 1.000000 0.000000
	outer loop
		vertex -7.532213 -0.212504 -0.998110
		vertex -7.532213 -0.212504 -0.998110
		vertex -7.495652 -0.111288 -1.022570
	endloop
endfacet
facet normal 0.000000 1.000000 0.000000
	outer loop
		vertex -7.532213 -0.212504 -0.998110
		vertex -7.495652 -0.111288 -1.022570
		vertex -7.495652 -0.111288 -1.022570
	endloop
endfacet
facet normal 0.000000 1.000000 0.000000
	outer loop
		vertex -7.495652 -0.111288 -1.022570
		vertex -7.495652 -0.111288 -1.022570
		vertex -7.451779 0.010171 -1.051924
	endloop
endfacet
facet normal 0.000000 1.000000 0.000000
	outer loop
		vertex -7.495652 -0.111288 -1.022570
		vertex -7.451779 0.010171 -1.051924
		vertex -7.451779 0.010171 -1.051924
	endloop
endfacet
facet normal 0.000000 1.000000 0.000000
	outer loop
		vertex -7.451779 0.010171 -1.051924
		vertex -7.451779 0.010171 -1.051924
		vertex -7.423370 0.088820 -1.079094
	endloop
endfacet
facet normal 0.000000 1.000000 0.000000
	outer loop
		vertex -7.451779 0.010171 -1.051924
		vertex -7.423370 0.088820 -1.079094
		vertex -7.423370 0.088820 -1.079094
	endloop
endfacet
facet normal 0.000000 1.000000 0.000000
	outer loop
		vertex -7.423370 0.088820 -1.079094
		vertex -7.423370 0.088820 -1.079094
		vertex -7.402524 0.146530 -1.103654
	endloop
endfacet
facet normal 0.000000 1.000000 0.000000
	outer loop
		vertex -7.423370 0.088820 -1.079094
		vertex -7.402524 0.146530 -1.103654
		vertex -7.402524 0.146530 -1.103654
	endloop
endfacet
facet normal 0.000000 1.000000 0.000000
	outer loop
		vertex -7.402524 0.146530 -1.103654
		vertex -7.402524 0.146530 -1.103654
		vertex -7.393504 0.171501 -1.121526
	endloop
endfacet
facet normal 0.000000 1.000000 0.000000
	outer loop
		vertex -7.402524 0.146530 -1.103654
		vertex -7.393504 0.171501 -1.121526
		vertex -7.393504 0.171501 -1.121526
	endloop
endfacet
facet normal 0.000000 1.000000 0.000000
	outer loop
		vertex -7.393504 0.171501 -1.121526
		vertex -7.393504 0.171501 -1.121526
		vertex -7.390166 0.180743 -1.133963
	endloop
endfacet
facet normal 0.000000 1.000000 0.000000
	outer loop
		vertex -7.393504 0.171501 -1.121526
		vertex -7.390166 0.180743 -1.133963
		vertex -7.390166 0.180743 -1.133963
	endloop
endfacet
facet normal -0.084420 -0.257033 0.962708
	outer loop
		vertex -7.607225 0.255831 -1.132950
		vertex -7.390166 0.180743 -1.133963
		vertex -7.612255 0.241907 -1.137108
	endloop
endfacet
facet normal -0.084421 -0.257037 0.962707
	outer loop
		vertex -7.390166 0.180743 -1.133963
		vertex -7.395350 0.166390 -1.138250
		vertex -7.612255 0.241907 -1.137108
	endloop
endfacet
facet normal 0.016462 0.032175 0.999347
	outer loop
		vertex -7.612255 0.241907 -1.137108
		vertex -7.395350 0.166390 -1.138250
		vertex -7.622797 0.212722 -1.135995
	endloop
endfacet
facet normal 0.016462 0.032174 0.999347
	outer loop
		vertex -7.395350 0.166390 -1.138250
		vertex -7.406217 0.136308 -1.137103
		vertex -7.622797 0.212722 -1.135995
	endloop
endfacet
facet normal 0.085939 0.229523 0.969502
	outer loop
		vertex -7.622797 0.212722 -1.135995
		vertex -7.406217 0.136308 -1.137103
		vertex -7.643916 0.154256 -1.120282
	endloop
endfacet
facet normal 0.085939 0.229524 0.969501
	outer loop
		vertex -7.406217 0.136308 -1.137103
		vertex -7.427985 0.076043 -1.120906
		vertex -7.643916 0.154256 -1.120282
	endloop
endfacet
facet normal 0.107670 0.289665 0.951053
	outer loop
		vertex -7.643916 0.154256 -1.120282
		vertex -7.427985 0.076043 -1.120906
		vertex -7.671477 0.077955 -1.093922
	endloop
endfacet
facet normal 0.107670 0.289665 0.951053
	outer loop
		vertex -7.427985 0.076043 -1.120906
		vertex -7.456395 -0.002606 -1.093735
		vertex -7.671477 0.077955 -1.093922
	endloop
endfacet
facet normal 0.137452 0.369106 0.919167
	outer loop
		vertex -7.671477 0.077955 -1.093922
		vertex -7.456395 -0.002606 -1.093735
		vertex -7.711598 -0.033117 -1.043320
	endloop
endfacet
facet normal 0.137453 0.369106 0.919167
	outer loop
		vertex -7.456395 -0.002606 -1.093735
		vertex -7.497750 -0.117096 -1.041576
		vertex -7.711598 -0.033117 -1.043320
	endloop
endfacet
facet normal 0.137453 0.369106 0.919167
	outer loop
		vertex -7.711598 -0.033117 -1.043320
		vertex -7.497750 -0.117096 -1.041576
		vertex -7.745032 -0.125677 -1.001151
	endloop
endfacet
facet normal 0.137453 0.369106 0.919167
	outer loop
		vertex -7.497750 -0.117096 -1.041576
		vertex -7.532213 -0.212504 -0.998110
		vertex -7.745032 -0.125677 -1.001151
	endloop
endfacet
facet normal 0.000000 1.000000 0.000000
	outer loop
		vertex -7.745032 -0.125677 -1.001151
		vertex -7.532213 -0.212504 -0.998110
		vertex -7.745032 -0.125677 -1.001151
	endloop
endfacet
facet normal 0.000000 1.000000 0.000000
	outer loop
		vertex -7.532213 -0.212504 -0.998110
		vertex -7.532213 -0.212504 -0.998110
		vertex -7.745032 -0.125677 -1.001151
	endloop
endfacet
facet normal -0.071649 -0.209777 -0.975121
	outer loop
		vertex -7.745032 -0.125677 -1.001151
		vertex -7.532213 -0.212504 -0.998110
		vertex -7.709563 -0.027483 -1.024882
	endloop
endfacet
facet normal -0.071649 -0.209776 -0.975121
	outer loop
		vertex -7.532213 -0.212504 -0.998110
		vertex -7.495652 -0.111288 -1.022570
		vertex -7.709563 -0.027483 -1.024882
	endloop
endfacet
facet normal -0.071650 -0.209777 -0.975120
	outer loop
		vertex -7.709563 -0.027483 -1.024882
		vertex -7.495652 -0.111288 -1.022570
		vertex -7.667000 0.090351 -1.053359
	endloop
endfacet
facet normal -0.071650 -0.209778 -0.975120
	outer loop
		vertex -7.495652 -0.111288 -1.022570
		vertex -7.451779 0.010171 -1.051924
		vertex -7.667000 0.090351 -1.053359
	endloop
endfacet
facet normal -0.102296 -0.291607 -0.951052
	outer loop
		vertex -7.667000 0.090351 -1.053359
		vertex -7.451779 0.010171 -1.051924
		vertex -7.639438 0.166652 -1.079718
	endloop
endfacet
facet normal -0.102295 -0.291607 -0.951053
	outer loop
		vertex -7.451779 0.010171 -1.051924
		vertex -7.423370 0.088820 -1.079094
		vertex -7.639438 0.166652 -1.079718
	endloop
endfacet
facet normal -0.123561 -0.350461 -0.928391
	outer loop
		vertex -7.639438 0.166652 -1.079718
		vertex -7.423370 0.088820 -1.079094
		vertex -7.619215 0.222639 -1.103544
	endloop
endfacet
facet normal -0.123562 -0.350462 -0.928391
	outer loop
		vertex -7.423370 0.088820 -1.079094
		vertex -7.402524 0.146530 -1.103654
		vertex -7.619215 0.222639 -1.103544
	endloop
endfacet
facet normal -0.185423 -0.526730 -0.829562
	outer loop
		vertex -7.619215 0.222639 -1.103544
		vertex -7.402524 0.146530 -1.103654
		vertex -7.610464 0.246865 -1.120883
	endloop
endfacet
facet normal -0.185423 -0.526729 -0.829563
	outer loop
		vertex -7.402524 0.146530 -1.103654
		vertex -7.393504 0.171501 -1.121526
		vertex -7.610464 0.246865 -1.120883
	endloop
endfacet
facet normal -0.259117 -0.740669 -0.619894
	outer loop
		vertex -7.610464 0.246865 -1.120883
		vertex -7.393504 0.171501 -1.121526
		vertex -7.607225 0.255831 -1.132950
	endloop
endfacet
facet normal -0.259116 -0.740668 -0.619895
	outer loop
		vertex -7.393504 0.171501 -1.121526
		vertex -7.390166 0.180743 -1.133963
		vertex -7.607225 0.255831 -1.132950
	endloop
endfacet
facet normal 0.000000 1.000000 0.000000
	outer loop
		vertex -7.607225 0.255831 -1.132950
		vertex -7.607225 0.255831 -1.132950
		vertex -7.612255 0.241907 -1.137108
	endloop
endfacet
facet normal 0.000000 1.000000 0.000000
	outer loop
		vertex -7.607225 0.255831 -1.132950
		vertex -7.612255 0.241907 -1.137108
		vertex -7.612255 0.241907 -1.137108
	endloop
endfacet
facet normal 0.000000 1.000000 0.000000
	outer loop
		vertex -7.612255 0.241907 -1.137108
		vertex -7.612255 0.241907 -1.137108
		vertex -7.622797 0.212722 -1.135995
	endloop
endfacet
facet normal 0.000000 1.000000 0.000000
	outer loop
		vertex -7.612255 0.241907 -1.137108
		vertex -7.622797 0.212722 -1.135995
		vertex -7.622797 0.212722 -1.135995
	endloop
endfacet
facet normal 0.000000 1.000000 0.000000
	outer loop
		vertex -7.622797 0.212722 -1.135995
		vertex -7.622797 0.212722 -1.135995
		vertex -7.643916 0.154256 -1.120282
	endloop
endfacet
facet normal 0.000000 1.000000 0.000000
	outer loop
		vertex -7.622797 0.212722 -1.135995
		vertex -7.643916 0.154256 -1.120282
		vertex -7.643916 0.154256 -1.120282
	endloop
endfacet
facet normal 0.000000 1.000000 0.000000
	outer loop
		vertex -7.643916 0.154256 -1.120282
		vertex -7.643916 0.154256 -1.120282
		vertex -7.671477 0.077955 -1.093922
	endloop
endfacet
facet normal 0.000000 1.000000 0.000000
	outer loop
		vertex -7.643916 0.154256 -1.120282
		vertex -7.671477 0.077955 -1.093922
		vertex -7.671477 0.077955 -1.093922
	endloop
endfacet
facet normal 0.000000 1.000000 0.000000
	outer loop
		vertex -7.671477 0.077955 -1.093922
		vertex -7.671477 0.077955 -1.093922
		vertex -7.711598 -0.033117 -1.043320
	endloop
endfacet
facet normal 0.000000 1.000000 0.000000
	outer loop
		vertex -7.671477 0.077955 -1.093922
		vertex -7.711598 -0.033117 -1.043320
		vertex -7.711598 -0.033117 -1.043320
	endloop
endfacet
facet normal 0.000000 1.000000 0.000000
	outer loop
		vertex -7.711598 -0.033117 -1.043320
		vertex -7.711598 -0.033117 -1.043320
		vertex -7.745032 -0.125677 -1.001151
	endloop
endfacet
facet normal 0.000000 1.000000 0.000000
	outer loop
		vertex -7.711598 -0.033117 -1.043320
		vertex -7.745032 -0.125677 -1.001151
		vertex -7.745032 -0.125677 -1.001151
	endloop
endfacet
facet normal 0.000000 1.000000 0.000000
	outer loop
		vertex -7.745032 -0.125677 -1.001151
		vertex -7.745032 -0.125677 -1.001151
		vertex -7.745032 -0.125677 -1.001151
	endloop
endfacet
facet normal 0.000000 1.000000 0.000000
	outer loop
		vertex -7.745032 -0.125677 -1.001151
		vertex -7.745032 -0.125677 -1.001151
		vertex -7.745032 -0.125677 -1.001151
	endloop
endfacet
facet normal 0.000000 1.000000 0.000000
	outer loop
		vertex -7.745032 -0.125677 -1.001151
		vertex -7.745032 -0.125677 -1.001151
		vertex -7.709563 -0.027483 -1.024882
	endloop
endfacet
facet normal 0.000000 1.000000 0.000000
	outer loop
		vertex -7.745032 -0.125677 -1.001151
		vertex -7.709563 -0.027483 -1.024882
		vertex -7.709563 -0.027483 -1.024882
	endloop
endfacet
facet normal 0.000000 1.000000 0.000000
	outer loop
		vertex -7.709563 -0.027483 -1.024882
		vertex -7.709563 -0.027483 -1.024882
		vertex -7.667000 0.090351 -1.053359
	endloop
endfacet
facet normal 0.000000 1.000000 0.000000
	outer loop
		vertex -7.709563 -0.027483 -1.024882
		vertex -7.667000 0.090351 -1.053359
		vertex -7.667000 0.090351 -1.053359
	endloop
endfacet
facet normal 0.000000 1.000000 0.000000
	outer loop
		vertex -7.667000 0.090351 -1.053359
		vertex -7.667000 0.090351 -1.053359
		vertex -7.639438 0.166652 -1.079718
	endloop
endfacet
facet normal 0.000000 1.000000 0.000000
	outer loop
		vertex -7.667000 0.090351 -1.053359
		vertex -7.639438 0.166652 -1.079718
		vertex -7.639438 0.166652 -1.079718
	endloop
endfacet
facet normal 0.000000 1.000000 0.000000
	outer loop
		vertex -7.639438 0.166652 -1.079718
		vertex -7.639438 0.166652 -1.079718
		vertex -7.619215 0.222639 -1.103544
	endloop
endfacet
facet normal 0.000000 1.000000 0.000000
	outer loop
		vertex -7.639438 0.166652 -1.079718
		vertex -7.619215 0.222639 -1.103544
		vertex -7.619215 0.222639 -1.103544
	endloop
endfacet
facet normal 0.000000 1.000000 0.000000
	outer loop
		vertex -7.619215 0.222639 -1.103544
		vertex -7.619215 0.222639 -1.103544
		vertex -7.610464 0.246865 -1.120883
	endloop
endfacet
facet normal 0.000000 1.000000 0.000000
	outer loop
		vertex -7.619215 0.222639 -1.103544
		vertex -7.610464 0.246865 -1.120883
		vertex -7.610464 0.246865 -1.120883
	endloop
endfacet
facet normal 0.000000 1.000000 0.000000
	outer loop
		vertex -7.610464 0.246865 -1.120883
		vertex -7.610464 0.246865 -1.120883
		vertex -7.607225 0.255831 -1.132950
	endloop
endfacet
facet normal 0.000000 1.000000 0.000000
	outer loop
		vertex -7.610464 0.246865 -1.120883
		vertex -7.607225 0.255831 -1.132950
		vertex -7.607225 0.255831 -1.132950
	endloop
endfacet
facet normal -0.084420 -0.257035 0.962708
	outer loop
		vertex -7.824285 0.330919 -1.131936
		vertex -7.607225 0.255831 -1.132950
		vertex -7.829160 0.317423 -1.135967
	endloop
endfacet
facet normal -0.084420 -0.257033 0.962708
	outer loop
		vertex -7.607225 0.255831 -1.132950
		vertex -7.612255 0.241907 -1.137108
		vertex -7.829160 0.317423 -1.135967
	endloop
endfacet
facet normal 0.016462 0.032173 0.999347
	outer loop
		vertex -7.829160 0.317423 -1.135967
		vertex -7.612255 0.241907 -1.137108
		vertex -7.839377 0.289136 -1.134888
	endloop
endfacet
facet normal 0.016462 0.032175 0.999347
	outer loop
		vertex -7.612255 0.241907 -1.137108
		vertex -7.622797 0.212722 -1.135995
		vertex -7.839377 0.289136 -1.134888
	endloop
endfacet
facet normal 0.085939 0.229525 0.969501
	outer loop
		vertex -7.839377 0.289136 -1.134888
		vertex -7.622797 0.212722 -1.135995
		vertex -7.859847 0.232470 -1.119658
	endloop
endfacet
facet normal 0.085939 0.229523 0.969502
	outer loop
		vertex -7.622797 0.212722 -1.135995
		vertex -7.643916 0.154256 -1.120282
		vertex -7.859847 0.232470 -1.119658
	endloop
endfacet
facet normal 0.107670 0.289665 0.951053
	outer loop
		vertex -7.859847 0.232470 -1.119658
		vertex -7.643916 0.154256 -1.120282
		vertex -7.886560 0.158516 -1.094109
	endloop
endfacet
facet normal 0.107670 0.289665 0.951053
	outer loop
		vertex -7.643916 0.154256 -1.120282
		vertex -7.671477 0.077955 -1.093922
		vertex -7.886560 0.158516 -1.094109
	endloop
endfacet
facet normal 0.137453 0.369106 0.919167
	outer loop
		vertex -7.886560 0.158516 -1.094109
		vertex -7.671477 0.077955 -1.093922
		vertex -7.925447 0.050862 -1.045064
	endloop
endfacet
facet normal 0.137453 0.369106 0.919167
	outer loop
		vertex -7.671477 0.077955 -1.093922
		vertex -7.711598 -0.033117 -1.043320
		vertex -7.925447 0.050862 -1.045064
	endloop
endfacet
facet normal 0.137453 0.369107 0.919166
	outer loop
		vertex -7.925447 0.050862 -1.045064
		vertex -7.711598 -0.033117 -1.043320
		vertex -7.957851 -0.038850 -1.004193
	endloop
endfacet
facet normal 0.137453 0.369106 0.919167
	outer loop
		vertex -7.711598 -0.033117 -1.043320
		vertex -7.745032 -0.125677 -1.001151
		vertex -7.957851 -0.038850 -1.004193
	endloop
endfacet
facet normal 0.000000 1.000000 0.000000
	outer loop
		vertex -7.957851 -0.038850 -1.004193
		vertex -7.745032 -0.125677 -1.001151
		vertex -7.957851 -0.038850 -1.004193
	endloop
endfacet
facet normal 0.000000 1.000000 0.000000
	outer loop
		vertex -7.745032 -0.125677 -1.001151
		vertex -7.745032 -0.125677 -1.001151
		vertex -7.957851 -0.038850 -1.004193
	endloop
endfacet
facet normal -0.071650 -0.209777 -0.975121
	outer loop
		vertex -7.957851 -0.038850 -1.004193
		vertex -7.745032 -0.125677 -1.001151
		vertex -7.923473 0.056323 -1.027193
	endloop
endfacet
facet normal -0.071649 -0.209777 -0.975121
	outer loop
		vertex -7.745032 -0.125677 -1.001151
		vertex -7.709563 -0.027483 -1.024882
		vertex -7.923473 0.056323 -1.027193
	endloop
endfacet
facet normal -0.071650 -0.209777 -0.975120
	outer loop
		vertex -7.923473 0.056323 -1.027193
		vertex -7.709563 -0.027483 -1.024882
		vertex -7.882220 0.170530 -1.054794
	endloop
endfacet
facet normal -0.071650 -0.209777 -0.975120
	outer loop
		vertex -7.709563 -0.027483 -1.024882
		vertex -7.667000 0.090351 -1.053359
		vertex -7.882220 0.170530 -1.054794
	endloop
endfacet
facet normal -0.102296 -0.291607 -0.951052
	outer loop
		vertex -7.882220 0.170530 -1.054794
		vertex -7.667000 0.090351 -1.053359
		vertex -7.855506 0.244484 -1.080342
	endloop
endfacet
facet normal -0.102296 -0.291607 -0.951052
	outer loop
		vertex -7.667000 0.090351 -1.053359
		vertex -7.639438 0.166652 -1.079718
		vertex -7.855506 0.244484 -1.080342
	endloop
endfacet
facet normal -0.123561 -0.350461 -0.928391
	outer loop
		vertex -7.855506 0.244484 -1.080342
		vertex -7.639438 0.166652 -1.079718
		vertex -7.835906 0.298748 -1.103435
	endloop
endfacet
facet normal -0.123562 -0.350461 -0.928391
	outer loop
		vertex -7.639438 0.166652 -1.079718
		vertex -7.619215 0.222639 -1.103544
		vertex -7.835906 0.298748 -1.103435
	endloop
endfacet
facet normal -0.185424 -0.526731 -0.829561
	outer loop
		vertex -7.835906 0.298748 -1.103435
		vertex -7.619215 0.222639 -1.103544
		vertex -7.827424 0.322229 -1.120240
	endloop
endfacet
facet normal -0.185423 -0.526730 -0.829562
	outer loop
		vertex -7.619215 0.222639 -1.103544
		vertex -7.610464 0.246865 -1.120883
		vertex -7.827424 0.322229 -1.120240
	endloop
endfacet
facet normal -0.259115 -0.740663 -0.619901
	outer loop
		vertex -7.827424 0.322229 -1.120240
		vertex -7.610464 0.246865 -1.120883
		vertex -7.824285 0.330919 -1.131936
	endloop
endfacet
facet normal -0.259117 -0.740669 -0.619894
	outer loop
		vertex -7.610464 0.246865 -1.120883
		vertex -7.607225 0.255831 -1.132950
		vertex -7.824285 0.330919 -1.131936
	endloop
endfacet
facet normal 0.000000 1.000000 0.000000
	outer loop
		vertex -7.824285 0.330919 -1.131936
		vertex -7.824285 0.330919 -1.131936
		vertex -7.829160 0.317423 -1.135967
	endloop
endfacet
facet normal 0.000000 1.000000 0.000000
	outer loop
		vertex -7.824285 0.330919 -1.131936
		vertex -7.829160 0.317423 -1.135967
		vertex -7.829160 0.317423 -1.135967
	endloop
endfacet
facet normal 0.000000 1.000000 0.000000
	outer loop
		vertex -7.829160 0.317423 -1.135967
		vertex -7.829160 0.317423 -1.135967
		vertex -7.839377 0.289136 -1.134888
	endloop
endfacet
facet normal 0.000000 1.000000 0.000000
	outer loop
		vertex -7.829160 0.317423 -1.135967
		vertex -7.839377 0.289136 -1.134888
		vertex -7.839377 0.289136 -1.134888
	endloop
endfacet
facet normal 0.000000 1.000000 0.000000
	outer loop
		vertex -7.839377 0.289136 -1.134888
		vertex -7.839377 0.289136 -1.134888
		vertex -7.859847 0.232470 -1.119658
	endloop
endfacet
facet normal 0.000000 1.000000 0.000000
	outer loop
		vertex -7.839377 0.289136 -1.134888
		vertex -7.859847 0.232470 -1.119658
		vertex -7.859847 0.232470 -1.119658
	endloop
endfacet
facet normal 0.000000 1.000000 0.000000
	outer loop
		vertex -7.859847 0.232470 -1.119658
		vertex -7.859847 0.232470 -1.119658
		vertex -7.886560 0.158516 -1.094109
	endloop
endfacet
facet normal 0.000000 1.000000 0.000000
	outer loop
		vertex -7.859847 0.232470 -1.119658
		vertex -7.886560 0.158516 -1.094109
		vertex -7.886560 0.158516 -1.094109
	endloop
endfacet
facet normal 0.000000 1.000000 0.000000
	outer loop
		vertex -7.886560 0.158516 -1.094109
		vertex -7.886560 0.158516 -1.094109
		vertex -7.925447 0.050862 -1.045064
	endloop
endfacet
facet normal 0.000000 1.000000 0.000000
	outer loop
		vertex -7.886560 0.158516 -1.094109
		vertex -7.925447 0.050862 -1.045064
		vertex -7.925447 0.050862 -1.045064
	endloop
endfacet
facet normal 0.000000 1.000000 0.000000
	outer loop
		vertex -7.925447 0.050862 -1.045064
		vertex -7.925447 0.050862 -1.045064
		vertex -7.957851 -0.038850 -1.004193
	endloop
endfacet
facet normal 0.000000 1.000000 0.000000
	outer loop
		vertex -7.925447 0.050862 -1.045064
		vertex -7.957851 -0.038850 -1.004193
		vertex -7.957851 -0.038850 -1.004193
	endloop
endfacet
facet normal 0.000000 1.000000 0.000000
	outer loop
		vertex -7.957851 -0.038850 -1.004193
		vertex -7.957851 -0.038850 -1.004193
		vertex -7.957851 -0.038850 -1.004193
	endloop
endfacet
facet normal 0.000000 1.000000 0.000000
	outer loop
		vertex -7.957851 -0.038850 -1.004193
		vertex -7.957851 -0.038850 -1.004193
		vertex -7.957851 -0.038850 -1.004193
	endloop
endfacet
facet normal 0.000000 1.000000 0.000000
	outer loop
		vertex -7.957851 -0.038850 -1.004193
		vertex -7.957851 -0.038850 -1.004193
		vertex -7.923473 0.056323 -1.027193
	endloop
endfacet
facet normal 0.000000 1.000000 0.000000
	outer loop
		vertex -7.957851 -0.038850 -1.004193
		vertex -7.923473 0.056323 -1.027193
		vertex -7.923473 0.056323 -1.027193
	endloop
endfacet
facet normal 0.000000 1.000000 0.000000
	outer loop
		vertex -7.923473 0.056323 -1.027193
		vertex -7.923473 0.056323 -1.027193
		vertex -7.882220 0.170530 -1.054794
	endloop
endfacet
facet normal 0.000000 1.000000 0.000000
	outer loop
		vertex -7.923473 0.056323 -1.027193
		vertex -7.882220 0.170530 -1.054794
		vertex -7.882220 0.170530 -1.054794
	endloop
endfacet
facet normal 0.000000 1.000000 0.000000
	outer loop
		vertex -7.882220 0.170530 -1.054794
		vertex -7.882220 0.170530 -1.054794
		vertex -7.855506 0.244484 -1.080342
	endloop
endfacet
facet normal 0.000000 1.000000 0.000000
	outer loop
		vertex -7.882220 0.170530 -1.054794
		vertex -7.855506 0.244484 -1.080342
		vertex -7.855506 0.244484 -1.080342
	endloop
endfacet
facet normal 0.000000 1.000000 0.000000
	outer loop
		vertex -7.855506 0.244484 -1.080342
		vertex -7.855506 0.244484 -1.080342
		vertex -7.835906 0.298748 -1.103435
	endloop
endfacet
facet normal 0.000000 1.000000 0.000000
	outer loop
		vertex -7.855506 0.244484 -1.080342
		vertex -7.835906 0.298748 -1.103435
		vertex -7.835906 0.298748 -1.103435
	endloop
endfacet
facet normal 0.000000 1.000000 0.000000
	outer loop
		vertex -7.835906 0.298748 -1.103435
		vertex -7.835906 0.298748 -1.103435
		vertex -7.827424 0.322229 -1.120240
	endloop
endfacet
facet normal 0.000000 1.000000 0.000000
	outer loop
		vertex -7.835906 0.298748 -1.103435
		vertex -7.827424 0.322229 -1.120240
		vertex -7.827424 0.322229 -1.120240
	endloop
endfacet
facet normal 0.000000 1.000000 0.000000
	outer loop
		vertex -7.827424 0.322229 -1.120240
		vertex -7.827424 0.322229 -1.120240
		vertex -7.824285 0.330919 -1.131936
	endloop
endfacet
facet normal 0.000000 1.000000 0.000000
	outer loop
		vertex -7.827424 0.322229 -1.120240
		vertex -7.824285 0.330919 -1.131936
		vertex -7.824285 0.330919 -1.131936
	endloop
endfacet
facet normal -0.084419 -0.257034 0.962708
	outer loop
		vertex -8.041345 0.406007 -1.130922
		vertex -7.824285 0.330919 -1.131936
		vertex -8.046064 0.392940 -1.134825
	endloop
endfacet
facet normal -0.084420 -0.257035 0.962708
	outer loop
		vertex -7.824285 0.330919 -1.131936
		vertex -7.829160 0.317423 -1.135967
		vertex -8.046064 0.392940 -1.134825
	endloop
endfacet
facet normal 0.016461 0.032170 0.999347
	outer loop
		vertex -8.046064 0.392940 -1.134825
		vertex -7.829160 0.317423 -1.135967
		vertex -8.055958 0.365551 -1.133780
	endloop
endfacet
facet normal 0.016462 0.032173 0.999347
	outer loop
		vertex -7.829160 0.317423 -1.135967
		vertex -7.839377 0.289136 -1.134888
		vertex -8.055958 0.365551 -1.133780
	endloop
endfacet
facet normal 0.085939 0.229525 0.969501
	outer loop
		vertex -8.055958 0.365551 -1.133780
		vertex -7.839377 0.289136 -1.134888
		vertex -8.075777 0.310683 -1.119034
	endloop
endfacet
facet normal 0.085939 0.229525 0.969501
	outer loop
		vertex -7.839377 0.289136 -1.134888
		vertex -7.859847 0.232470 -1.119658
		vertex -8.075777 0.310683 -1.119034
	endloop
endfacet
facet normal 0.107669 0.289664 0.951053
	outer loop
		vertex -8.075777 0.310683 -1.119034
		vertex -7.859847 0.232470 -1.119658
		vertex -8.101643 0.239077 -1.094296
	endloop
endfacet
facet normal 0.107669 0.289665 0.951053
	outer loop
		vertex -7.859847 0.232470 -1.119658
		vertex -7.886560 0.158516 -1.094109
		vertex -8.101643 0.239077 -1.094296
	endloop
endfacet
facet normal 0.137452 0.369106 0.919167
	outer loop
		vertex -8.101643 0.239077 -1.094296
		vertex -7.886560 0.158516 -1.094109
		vertex -8.139295 0.134840 -1.046808
	endloop
endfacet
facet normal 0.137452 0.369106 0.919167
	outer loop
		vertex -7.886560 0.158516 -1.094109
		vertex -7.925447 0.050862 -1.045064
		vertex -8.139295 0.134840 -1.046808
	endloop
endfacet
facet normal 0.137453 0.369106 0.919167
	outer loop
		vertex -8.139295 0.134840 -1.046808
		vertex -7.925447 0.050862 -1.045064
		vertex -8.170671 0.047976 -1.007234
	endloop
endfacet
facet normal 0.137453 0.369107 0.919166
	outer loop
		vertex -7.925447 0.050862 -1.045064
		vertex -7.957851 -0.038850 -1.004193
		vertex -8.170671 0.047976 -1.007234
	endloop
endfacet
facet normal 0.000000 1.000000 0.000000
	outer loop
		vertex -8.170671 0.047976 -1.007234
		vertex -7.957851 -0.038850 -1.004193
		vertex -8.170671 0.047976 -1.007234
	endloop
endfacet
facet normal 0.000000 1.000000 0.000000
	outer loop
		vertex -7.957851 -0.038850 -1.004193
		vertex -7.957851 -0.038850 -1.004193
		vertex -8.170671 0.047976 -1.007234
	endloop
endfacet
facet normal -0.071649 -0.209777 -0.975121
	outer loop
		vertex -8.170671 0.047976 -1.007234
		vertex -7.957851 -0.038850 -1.004193
		vertex -8.137384 0.140128 -1.029504
	endloop
endfacet
facet normal -0.071649 -0.209777 -0.975120
	outer loop
		vertex -7.957851 -0.038850 -1.004193
		vertex -7.923473 0.056323 -1.027193
		vertex -8.137384 0.140128 -1.029504
	endloop
endfacet
facet normal -0.071650 -0.209778 -0.975120
	outer loop
		vertex -8.137384 0.140128 -1.029504
		vertex -7.923473 0.056323 -1.027193
		vertex -8.097441 0.250710 -1.056229
	endloop
endfacet
facet normal -0.071649 -0.209777 -0.975120
	outer loop
		vertex -7.923473 0.056323 -1.027193
		vertex -7.882220 0.170530 -1.054794
		vertex -8.097441 0.250710 -1.056229
	endloop
endfacet
facet normal -0.102295 -0.291607 -0.951053
	outer loop
		vertex -8.097441 0.250710 -1.056229
		vertex -7.882220 0.170530 -1.054794
		vertex -8.071575 0.322316 -1.080966
	endloop
endfacet
facet normal -0.102295 -0.291607 -0.951052
	outer loop
		vertex -7.882220 0.170530 -1.054794
		vertex -7.855506 0.244484 -1.080342
		vertex -8.071575 0.322316 -1.080966
	endloop
endfacet
facet normal -0.123561 -0.350460 -0.928391
	outer loop
		vertex -8.071575 0.322316 -1.080966
		vertex -7.855506 0.244484 -1.080342
		vertex -8.052596 0.374857 -1.103326
	endloop
endfacet
facet normal -0.123561 -0.350461 -0.928391
	outer loop
		vertex -7.855506 0.244484 -1.080342
		vertex -7.835906 0.298748 -1.103435
		vertex -8.052596 0.374857 -1.103326
	endloop
endfacet
facet normal -0.185424 -0.526733 -0.829560
	outer loop
		vertex -8.052596 0.374857 -1.103326
		vertex -7.835906 0.298748 -1.103435
		vertex -8.044384 0.397593 -1.119598
	endloop
endfacet
facet normal -0.185424 -0.526731 -0.829561
	outer loop
		vertex -7.835906 0.298748 -1.103435
		vertex -7.827424 0.322229 -1.120240
		vertex -8.044384 0.397593 -1.119598
	endloop
endfacet
facet normal -0.259116 -0.740666 -0.619898
	outer loop
		vertex -8.044384 0.397593 -1.119598
		vertex -7.827424 0.322229 -1.120240
		vertex -8.041345 0.406007 -1.130922
	endloop
endfacet
facet normal -0.259114 -0.740663 -0.619901
	outer loop
		vertex -7.827424 0.322229 -1.120240
		vertex -7.824285 0.330919 -1.131936
		vertex -8.041345 0.406007 -1.130922
	endloop
endfacet
facet normal 0.000000 1.000000 0.000000
	outer loop
		vertex -8.041345 0.406007 -1.130922
		vertex -8.041345 0.406007 -1.130922
		vertex -8.046064 0.392940 -1.134825
	endloop
endfacet
facet normal 0.000000 1.000000 0.000000
	outer loop
		vertex -8.041345 0.406007 -1.130922
		vertex -8.046064 0.392940 -1.134825
		vertex -8.046064 0.392940 -1.134825
	endloop
endfacet
facet normal 0.000000 1.000000 0.000000
	outer loop
		vertex -8.046064 0.392940 -1.134825
		vertex -8.046064 0.392940 -1.134825
		vertex -8.055958 0.365551 -1.133780
	endloop
endfacet
facet normal 0.000000 1.000000 0.000000
	outer loop
		vertex -8.046064 0.392940 -1.134825
		vertex -8.055958 0.365551 -1.133780
		vertex -8.055958 0.365551 -1.133780
	endloop
endfacet
facet normal 0.000000 1.000000 0.000000
	outer loop
		vertex -8.055958 0.365551 -1.133780
		vertex -8.055958 0.365551 -1.133780
		vertex -8.075777 0.310683 -1.119034
	endloop
endfacet
facet normal 0.000000 1.000000 0.000000
	outer loop
		vertex -8.055958 0.365551 -1.133780
		vertex -8.075777 0.310683 -1.119034
		vertex -8.075777 0.310683 -1.119034
	endloop
endfacet
facet normal 0.000000 1.000000 0.000000
	outer loop
		vertex -8.075777 0.310683 -1.119034
		vertex -8.075777 0.310683 -1.119034
		vertex -8.101643 0.239077 -1.094296
	endloop
endfacet
facet normal 0.000000 1.000000 0.000000
	outer loop
		vertex -8.075777 0.310683 -1.119034
		vertex -8.101643 0.239077 -1.094296
		vertex -8.101643 0.239077 -1.094296
	endloop
endfacet
facet normal 0.000000 1.000000 0.000000
	outer loop
		vertex -8.101643 0.239077 -1.094296
		vertex -8.101643 0.239077 -1.094296
		vertex -8.139295 0.134840 -1.046808
	endloop
endfacet
facet normal 0.000000 1.000000 0.000000
	outer loop
		vertex -8.101643 0.239077 -1.094296
		vertex -8.139295 0.134840 -1.046808
		vertex -8.139295 0.134840 -1.046808
	endloop
endfacet
facet normal 0.000000 1.000000 0.000000
	outer loop
		vertex -8.139295 0.134840 -1.046808
		vertex -8.139295 0.134840 -1.046808
		vertex -8.170671 0.047976 -1.007234
	endloop
endfacet
facet normal 0.000000 1.000000 0.000000
	outer loop
		vertex -8.139295 0.134840 -1.046808
		vertex -8.170671 0.047976 -1.007234
		vertex -8.170671 0.047976 -1.007234
	endloop
endfacet
facet normal 0.000000 1.000000 0.000000
	outer loop
		vertex -8.170671 0.047976 -1.007234
		vertex -8.170671 0.047976 -1.007234
		vertex -8.170671 0.047976 -1.007234
	endloop
endfacet
facet normal 0.000000 1.000000 0.000000
	outer loop
		vertex -8.170671 0.047976 -1.007234
		vertex -8.170671 0.047976 -1.007234
		vertex -8.170671 0.047976 -1.007234
	endloop
endfacet
facet normal 0.000000 1.000000 0.000000
	outer loop
		vertex -8.170671 0.047976 -1.007234
		vertex -8.170671 0.047976 -1.007234
		vertex -8.137384 0.140128 -1.029504
	endloop
endfacet
facet normal 0.000000 1.000000 0.000000
	outer loop
		vertex -8.170671 0.047976 -1.007234
		vertex -8.137384 0.140128 -1.029504
		vertex -8.137384 0.140128 -1.029504
	endloop
endfacet
facet normal 0.000000 1.000000 0.000000
	outer loop
		vertex -8.137384 0.140128 -1.029504
		vertex -8.137384 0.140128 -1.029504
		vertex -8.097441 0.250710 -1.056229
	endloop
endfacet
facet normal 0.000000 1.000000 0.000000
	outer loop
		vertex -8.137384 0.140128 -1.029504
		vertex -8.097441 0.250710 -1.056229
		vertex -8.097441 0.250710 -1.056229
	endloop
endfacet
facet normal 0.000000 1.000000 0.000000
	outer loop
		vertex -8.097441 0.250710 -1.056229
		vertex -8.097441 0.250710 -1.056229
		vertex -8.071575 0.322316 -1.080966
	endloop
endfacet
facet normal 0.000000 1.000000 0.000000
	outer loop
		vertex -8.097441 0.250710 -1.056229
		vertex -8.071575 0.322316 -1.080966
		vertex -8.071575 0.322316 -1.080966
	endloop
endfacet
facet normal 0.000000 1.000000 0.000000
	outer loop
		vertex -8.071575 0.322316 -1.080966
		vertex -8.071575 0.322316 -1.080966
		vertex -8.052596 0.374857 -1.103326
	endloop
endfacet
facet normal 0.000000 1.000000 0.000000
	outer loop
		vertex -8.071575 0.322316 -1.080966
		vertex -8.052596 0.374857 -1.103326
		vertex -8.052596 0.374857 -1.103326
	endloop
endfacet
facet normal 0.000000 1.000000 0.000000
	outer loop
		vertex -8.052596 0.374857 -1.103326
		vertex -8.052596 0.374857 -1.103326
		vertex -8.044384 0.397593 -1.119598
	endloop
endfacet
facet normal 0.000000 1.000000 0.000000
	outer loop
		vertex -8.052596 0.374857 -1.103326
		vertex -8.044384 0.397593 -1.119598
		vertex -8.044384 0.397593 -1.119598
	endloop
endfacet
facet normal 0.000000 1.000000 0.000000
	outer loop
		vertex -8.044384 0.397593 -1.119598
		vertex -8.044384 0.397593 -1.119598
		vertex -8.041345 0.406007 -1.130922
	endloop
endfacet
facet normal 0.000000 1.000000 0.000000
	outer loop
		vertex -8.044384 0.397593 -1.119598
		vertex -8.041345 0.406007 -1.130922
		vertex -8.041345 0.406007 -1.130922
	endloop
endfacet
facet normal -0.084418 -0.257028 0.962710
	outer loop
		vertex -8.258404 0.481095 -1.129908
		vertex -8.041345 0.406007 -1.130922
		vertex -8.262969 0.468456 -1.133683
	endloop
endfacet
facet normal -0.084420 -0.257033 0.962708
	outer loop
		vertex -8.041345 0.406007 -1.130922
		vertex -8.046064 0.392940 -1.134825
		vertex -8.262969 0.468456 -1.133683
	endloop
endfacet
facet normal 0.016461 0.032171 0.999347
	outer loop
		vertex -8.262969 0.468456 -1.133683
		vertex -8.046064 0.392940 -1.134825
		vertex -8.272538 0.441965 -1.132673
	endloop
endfacet
facet normal 0.016461 0.032170 0.999347
	outer loop
		vertex -8.046064 0.392940 -1.134825
		vertex -8.055958 0.365551 -1.133780
		vertex -8.272538 0.441965 -1.132673
	endloop
endfacet
facet normal 0.085938 0.229522 0.969502
	outer loop
		vertex -8.272538 0.441965 -1.132673
		vertex -8.055958 0.365551 -1.133780
		vertex -8.291708 0.388896 -1.118410
	endloop
endfacet
facet normal 0.085939 0.229525 0.969501
	outer loop
		vertex -8.055958 0.365551 -1.133780
		vertex -8.075777 0.310683 -1.119034
		vertex -8.291708 0.388896 -1.118410
	endloop
endfacet
facet normal 0.107670 0.289667 0.951052
	outer loop
		vertex -8.291708 0.388896 -1.118410
		vertex -8.075777 0.310683 -1.119034
		vertex -8.316725 0.319638 -1.094483
	endloop
endfacet
facet normal 0.107670 0.289664 0.951053
	outer loop
		vertex -8.075777 0.310683 -1.119034
		vertex -8.101643 0.239077 -1.094296
		vertex -8.316725 0.319638 -1.094483
	endloop
endfacet
facet normal 0.137453 0.369105 0.919167
	outer loop
		vertex -8.316725 0.319638 -1.094483
		vertex -8.101643 0.239077 -1.094296
		vertex -8.353143 0.218819 -1.048552
	endloop
endfacet
facet normal 0.137453 0.369106 0.919167
	outer loop
		vertex -8.101643 0.239077 -1.094296
		vertex -8.139295 0.134840 -1.046808
		vertex -8.353143 0.218819 -1.048552
	endloop
endfacet
facet normal 0.137453 0.369106 0.919167
	outer loop
		vertex -8.353143 0.218819 -1.048552
		vertex -8.139295 0.134840 -1.046808
		vertex -8.383491 0.134803 -1.010276
	endloop
endfacet
facet normal 0.137453 0.369106 0.919167
	outer loop
		vertex -8.139295 0.134840 -1.046808
		vertex -8.170671 0.047976 -1.007234
		vertex -8.383491 0.134803 -1.010276
	endloop
endfacet
facet normal 0.000000 1.000000 0.000000
	outer loop
		vertex -8.383491 0.134803 -1.010276
		vertex -8.170671 0.047976 -1.007234
		vertex -8.383491 0.134803 -1.010276
	endloop
endfacet
facet normal 0.000000 1.000000 0.000000
	outer loop
		vertex -8.170671 0.047976 -1.007234
		vertex -8.170671 0.047976 -1.007234
		vertex -8.383491 0.134803 -1.010276
	endloop
endfacet
facet normal -0.071650 -0.209777 -0.975120
	outer loop
		vertex -8.383491 0.134803 -1.010276
		vertex -8.170671 0.047976 -1.007234
		vertex -8.351295 0.223933 -1.031816
	endloop
endfacet
facet normal -0.071649 -0.209777 -0.975121
	outer loop
		vertex -8.170671 0.047976 -1.007234
		vertex -8.137384 0.140128 -1.029504
		vertex -8.351295 0.223933 -1.031816
	endloop
endfacet
facet normal -0.071649 -0.209776 -0.975121
	outer loop
		vertex -8.351295 0.223933 -1.031816
		vertex -8.137384 0.140128 -1.029504
		vertex -8.312660 0.330889 -1.057664
	endloop
endfacet
facet normal -0.071650 -0.209777 -0.975120
	outer loop
		vertex -8.137384 0.140128 -1.029504
		vertex -8.097441 0.250710 -1.056229
		vertex -8.312660 0.330889 -1.057664
	endloop
endfacet
facet normal -0.102296 -0.291607 -0.951053
	outer loop
		vertex -8.312660 0.330889 -1.057664
		vertex -8.097441 0.250710 -1.056229
		vertex -8.287643 0.400148 -1.081590
	endloop
endfacet
facet normal -0.102296 -0.291606 -0.951053
	outer loop
		vertex -8.097441 0.250710 -1.056229
		vertex -8.071575 0.322316 -1.080966
		vertex -8.287643 0.400148 -1.081590
	endloop
endfacet
facet normal -0.123562 -0.350462 -0.928390
	outer loop
		vertex -8.287643 0.400148 -1.081590
		vertex -8.071575 0.322316 -1.080966
		vertex -8.269287 0.450966 -1.103217
	endloop
endfacet
facet normal -0.123561 -0.350460 -0.928391
	outer loop
		vertex -8.071575 0.322316 -1.080966
		vertex -8.052596 0.374857 -1.103326
		vertex -8.269287 0.450966 -1.103217
	endloop
endfacet
facet normal -0.185424 -0.526732 -0.829561
	outer loop
		vertex -8.269287 0.450966 -1.103217
		vertex -8.052596 0.374857 -1.103326
		vertex -8.261344 0.472957 -1.118955
	endloop
endfacet
facet normal -0.185424 -0.526733 -0.829560
	outer loop
		vertex -8.052596 0.374857 -1.103326
		vertex -8.044384 0.397593 -1.119598
		vertex -8.261344 0.472957 -1.118955
	endloop
endfacet
facet normal -0.259115 -0.740663 -0.619901
	outer loop
		vertex -8.261344 0.472957 -1.118955
		vertex -8.044384 0.397593 -1.119598
		vertex -8.258404 0.481095 -1.129908
	endloop
endfacet
facet normal -0.259116 -0.740666 -0.619898
	outer loop
		vertex -8.044384 0.397593 -1.119598
		vertex -8.041345 0.406007 -1.130922
		vertex -8.258404 0.481095 -1.129908
	endloop
endfacet
facet normal 0.000000 1.000000 0.000000
	outer loop
		vertex -8.258404 0.481095 -1.129908
		vertex -8.258404 0.481095 -1.129908
		vertex -8.262969 0.468456 -1.133683
	endloop
endfacet
facet normal 0.000000 1.000000 0.000000
	outer loop
		vertex -8.258404 0.481095 -1.129908
		vertex -8.262969 0.468456 -1.133683
		vertex -8.262969 0.468456 -1.133683
	endloop
endfacet
facet normal 0.000000 1.000000 0.000000
	outer loop
		vertex -8.262969 0.468456 -1.133683
		vertex -8.262969 0.468456 -1.133683
		vertex -8.272538 0.441965 -1.132673
	endloop
endfacet
facet normal 0.000000 1.000000 0.000000
	outer loop
		vertex -8.262969 0.468456 -1.133683
		vertex -8.272538 0.441965 -1.132673
		vertex -8.272538 0.441965 -1.132673
	endloop
endfacet
facet normal 0.000000 1.000000 0.000000
	outer loop
		vertex -8.272538 0.441965 -1.132673
		vertex -8.272538 0.441965 -1.132673
		vertex -8.291708 0.388896 -1.118410
	endloop
endfacet
facet normal 0.000000 1.000000 0.000000
	outer loop
		vertex -8.272538 0.441965 -1.132673
		vertex -8.291708 0.388896 -1.118410
		vertex -8.291708 0.388896 -1.118410
	endloop
endfacet
facet normal 0.000000 1.000000 0.000000
	outer loop
		vertex -8.291708 0.388896 -1.118410
		vertex -8.291708 0.388896 -1.118410
		vertex -8.316725 0.319638 -1.094483
	endloop
endfacet
facet normal 0.000000 1.000000 0.000000
	outer loop
		vertex -8.291708 0.388896 -1.118410
		vertex -8.316725 0.319638 -1.094483
		vertex -8.316725 0.319638 -1.094483
	endloop
endfacet
facet normal 0.000000 1.000000 0.000000
	outer loop
		vertex -8.316725 0.319638 -1.094483
		vertex -8.316725 0.319638 -1.094483
		vertex -8.353143 0.218819 -1.048552
	endloop
endfacet
facet normal 0.000000 1.000000 0.000000
	outer loop
		vertex -8.316725 0.319638 -1.094483
		vertex -8.353143 0.218819 -1.048552
		vertex -8.353143 0.218819 -1.048552
	endloop
endfacet
facet normal 0.000000 1.000000 0.000000
	outer loop
		vertex -8.353143 0.218819 -1.048552
		vertex -8.353143 0.218819 -1.048552
		vertex -8.383491 0.134803 -1.010276
	endloop
endfacet
facet normal 0.000000 1.000000 0.000000
	outer loop
		vertex -8.353143 0.218819 -1.048552
		vertex -8.383491 0.134803 -1.010276
		vertex -8.383491 0.134803 -1.010276
	endloop
endfacet
facet normal 0.000000 1.000000 0.000000
	outer loop
		vertex -8.383491 0.134803 -1.010276
		vertex -8.383491 0.134803 -1.010276
		vertex -8.383491 0.134803 -1.010276
	endloop
endfacet
facet normal 0.000000 1.000000 0.000000
	outer loop
		vertex -8.383491 0.134803 -1.010276
		vertex -8.383491 0.134803 -1.010276
		vertex -8.383491 0.134803 -1.010276
	endloop
endfacet
facet normal 0.000000 1.000000 0.000000
	outer loop
		vertex -8.383491 0.134803 -1.010276
		vertex -8.383491 0.134803 -1.010276
		vertex -8.351295 0.223933 -1.031816
	endloop
endfacet
facet normal 0.000000 1.000000 0.000000
	outer loop
		vertex -8.383491 0.134803 -1.010276
		vertex -8.351295 0.223933 -1.031816
		vertex -8.351295 0.223933 -1.031816
	endloop
endfacet
facet normal 0.000000 1.000000 0.000000
	outer loop
		vertex -8.351295 0.223933 -1.031816
		vertex -8.351295 0.223933 -1.031816
		vertex -8.312660 0.330889 -1.057664
	endloop
endfacet
facet normal 0.000000 1.000000 0.000000
	outer loop
		vertex -8.351295 0.223933 -1.031816
		vertex -8.312660 0.330889 -1.057664
		vertex -8.312660 0.330889 -1.057664
	endloop
endfacet
facet normal 0.000000 1.000000 0.000000
	outer loop
		vertex -8.312660 0.330889 -1.057664
		vertex -8.312660 0.330889 -1.057664
		vertex -8.287643 0.400148 -1.081590
	endloop
endfacet
facet normal 0.000000 1.000000 0.000000
	outer loop
		vertex -8.312660 0.330889 -1.057664
		vertex -8.287643 0.400148 -1.081590
		vertex -8.287643 0.400148 -1.081590
	endloop
endfacet
facet normal 0.000000 1.000000 0.000000
	outer loop
		vertex -8.287643 0.400148 -1.081590
		vertex -8.287643 0.400148 -1.081590
		vertex -8.269287 0.450966 -1.103217
	endloop
endfacet
facet normal 0.000000 1.000000 0.000000
	outer loop
		vertex -8.287643 0.400148 -1.081590
		vertex -8.269287 0.450966 -1.103217
		vertex -8.269287 0.450966 -1.103217
	endloop
endfacet
facet normal 0.000000 1.000000 0.000000
	outer loop
		vertex -8.269287 0.450966 -1.103217
		vertex -8.269287 0.450966 -1.103217
		vertex -8.261344 0.472957 -1.118955
	endloop
endfacet
facet normal 0.000000 1.000000 0.000000
	outer loop
		vertex -8.269287 0.450966 -1.103217
		vertex -8.261344 0.472957 -1.118955
		vertex -8.261344 0.472957 -1.118955
	endloop
endfacet
facet normal 0.000000 1.000000 0.000000
	outer loop
		vertex -8.261344 0.472957 -1.118955
		vertex -8.261344 0.472957 -1.118955
		vertex -8.258404 0.481095 -1.129908
	endloop
endfacet
facet normal 0.000000 1.000000 0.000000
	outer loop
		vertex -8.261344 0.472957 -1.118955
		vertex -8.258404 0.481095 -1.129908
		vertex -8.258404 0.481095 -1.129908
	endloop
endfacet
facet normal -0.084418 -0.257030 0.962709
	outer loop
		vertex -8.475463 0.556183 -1.128894
		vertex -8.258404 0.481095 -1.129908
		vertex -8.479874 0.543972 -1.132541
	endloop
endfacet
facet normal -0.084418 -0.257029 0.962710
	outer loop
		vertex -8.258404 0.481095 -1.129908
		vertex -8.262969 0.468456 -1.133683
		vertex -8.479874 0.543972 -1.132541
	endloop
endfacet
facet normal 0.016462 0.032172 0.999347
	outer loop
		vertex -8.479874 0.543972 -1.132541
		vertex -8.262969 0.468456 -1.133683
		vertex -8.489119 0.518380 -1.131565
	endloop
endfacet
facet normal 0.016461 0.032171 0.999347
	outer loop
		vertex -8.262969 0.468456 -1.133683
		vertex -8.272538 0.441965 -1.132673
		vertex -8.489119 0.518380 -1.131565
	endloop
endfacet
facet normal 0.085939 0.229522 0.969502
	outer loop
		vertex -8.489119 0.518380 -1.131565
		vertex -8.272538 0.441965 -1.132673
		vertex -8.507638 0.467109 -1.117786
	endloop
endfacet
facet normal 0.085939 0.229522 0.969502
	outer loop
		vertex -8.272538 0.441965 -1.132673
		vertex -8.291708 0.388896 -1.118410
		vertex -8.507638 0.467109 -1.117786
	endloop
endfacet
facet normal 0.107671 0.289667 0.951052
	outer loop
		vertex -8.507638 0.467109 -1.117786
		vertex -8.291708 0.388896 -1.118410
		vertex -8.531807 0.400199 -1.094670
	endloop
endfacet
facet normal 0.107671 0.289667 0.951052
	outer loop
		vertex -8.291708 0.388896 -1.118410
		vertex -8.316725 0.319638 -1.094483
		vertex -8.531807 0.400199 -1.094670
	endloop
endfacet
facet normal 0.137453 0.369106 0.919167
	outer loop
		vertex -8.531807 0.400199 -1.094670
		vertex -8.316725 0.319638 -1.094483
		vertex -8.566990 0.302797 -1.050296
	endloop
endfacet
facet normal 0.137453 0.369105 0.919167
	outer loop
		vertex -8.316725 0.319638 -1.094483
		vertex -8.353143 0.218819 -1.048552
		vertex -8.566990 0.302797 -1.050296
	endloop
endfacet
facet normal 0.137453 0.369105 0.919167
	outer loop
		vertex -8.566990 0.302797 -1.050296
		vertex -8.353143 0.218819 -1.048552
		vertex -8.596310 0.221630 -1.013317
	endloop
endfacet
facet normal 0.137453 0.369106 0.919167
	outer loop
		vertex -8.353143 0.218819 -1.048552
		vertex -8.383491 0.134803 -1.010276
		vertex -8.596310 0.221630 -1.013317
	endloop
endfacet
facet normal 0.000000 1.000000 0.000000
	outer loop
		vertex -8.596310 0.221630 -1.013317
		vertex -8.383491 0.134803 -1.010276
		vertex -8.596310 0.221630 -1.013317
	endloop
endfacet
facet normal 0.000000 1.000000 0.000000
	outer loop
		vertex -8.383491 0.134803 -1.010276
		vertex -8.383491 0.134803 -1.010276
		vertex -8.596310 0.221630 -1.013317
	endloop
endfacet
facet normal -0.071650 -0.209777 -0.975120
	outer loop
		vertex -8.596310 0.221630 -1.013317
		vertex -8.383491 0.134803 -1.010276
		vertex -8.565206 0.307739 -1.034127
	endloop
endfacet
facet normal -0.071650 -0.209777 -0.975120
	outer loop
		vertex -8.383491 0.134803 -1.010276
		vertex -8.351295 0.223933 -1.031816
		vertex -8.565206 0.307739 -1.034127
	endloop
endfacet
facet normal -0.071650 -0.209777 -0.975120
	outer loop
		vertex -8.565206 0.307739 -1.034127
		vertex -8.351295 0.223933 -1.031816
		vertex -8.527881 0.411069 -1.059099
	endloop
endfacet
facet normal -0.071649 -0.209776 -0.975121
	outer loop
		vertex -8.351295 0.223933 -1.031816
		vertex -8.312660 0.330889 -1.057664
		vertex -8.527881 0.411069 -1.059099
	endloop
endfacet
facet normal -0.102295 -0.291607 -0.951053
	outer loop
		vertex -8.527881 0.411069 -1.059099
		vertex -8.312660 0.330889 -1.057664
		vertex -8.503712 0.477980 -1.082214
	endloop
endfacet
facet normal -0.102296 -0.291607 -0.951052
	outer loop
		vertex -8.312660 0.330889 -1.057664
		vertex -8.287643 0.400148 -1.081590
		vertex -8.503712 0.477980 -1.082214
	endloop
endfacet
facet normal -0.123561 -0.350461 -0.928391
	outer loop
		vertex -8.503712 0.477980 -1.082214
		vertex -8.287643 0.400148 -1.081590
		vertex -8.485977 0.527076 -1.103108
	endloop
endfacet
facet normal -0.123562 -0.350462 -0.928391
	outer loop
		vertex -8.287643 0.400148 -1.081590
		vertex -8.269287 0.450966 -1.103217
		vertex -8.485977 0.527076 -1.103108
	endloop
endfacet
facet normal -0.185424 -0.526731 -0.829561
	outer loop
		vertex -8.485977 0.527076 -1.103108
		vertex -8.269287 0.450966 -1.103217
		vertex -8.478303 0.548320 -1.118313
	endloop
endfacet
facet normal -0.185424 -0.526731 -0.829561
	outer loop
		vertex -8.269287 0.450966 -1.103217
		vertex -8.261344 0.472957 -1.118955
		vertex -8.478303 0.548320 -1.118313
	endloop
endfacet
facet normal -0.259117 -0.740666 -0.619897
	outer loop
		vertex -8.478303 0.548320 -1.118313
		vertex -8.261344 0.472957 -1.118955
		vertex -8.475463 0.556183 -1.128894
	endloop
endfacet
facet normal -0.259115 -0.740663 -0.619901
	outer loop
		vertex -8.261344 0.472957 -1.118955
		vertex -8.258404 0.481095 -1.129908
		vertex -8.475463 0.556183 -1.128894
	endloop
endfacet
facet normal 0.000000 1.000000 0.000000
	outer loop
		vertex -8.475463 0.556183 -1.128894
		vertex -8.475463 0.556183 -1.128894
		vertex -8.479874 0.543972 -1.132541
	endloop
endfacet
facet normal 0.000000 1.000000 0.000000
	outer loop
		vertex -8.475463 0.556183 -1.128894
		vertex -8.479874 0.543972 -1.132541
		vertex -8.479874 0.543972 -1.132541
	endloop
endfacet
facet normal 0.000000 1.000000 0.000000
	outer loop
		vertex -8.479874 0.543972 -1.132541
		vertex -8.479874 0.543972 -1.132541
		vertex -8.489119 0.518380 -1.131565
	endloop
endfacet
facet normal 0.000000 1.000000 0.000000
	outer loop
		vertex -8.479874 0.543972 -1.132541
		vertex -8.489119 0.518380 -1.131565
		vertex -8.489119 0.518380 -1.131565
	endloop
endfacet
facet normal 0.000000 1.000000 0.000000
	outer loop
		vertex -8.489119 0.518380 -1.131565
		vertex -8.489119 0.518380 -1.131565
		vertex -8.507638 0.467109 -1.117786
	endloop
endfacet
facet normal 0.000000 1.000000 0.000000
	outer loop
		vertex -8.489119 0.518380 -1.131565
		vertex -8.507638 0.467109 -1.117786
		vertex -8.507638 0.467109 -1.117786
	endloop
endfacet
facet normal 0.000000 1.000000 0.000000
	outer loop
		vertex -8.507638 0.467109 -1.117786
		vertex -8.507638 0.467109 -1.117786
		vertex -8.531807 0.400199 -1.094670
	endloop
endfacet
facet normal 0.000000 1.000000 0.000000
	outer loop
		vertex -8.507638 0.467109 -1.117786
		vertex -8.531807 0.400199 -1.094670
		vertex -8.531807 0.400199 -1.094670
	endloop
endfacet
facet normal 0.000000 1.000000 0.000000
	outer loop
		vertex -8.531807 0.400199 -1.094670
		vertex -8.531807 0.400199 -1.094670
		vertex -8.566990 0.302797 -1.050296
	endloop
endfacet
facet normal 0.000000 1.000000 0.000000
	outer loop
		vertex -8.531807 0.400199 -1.094670
		vertex -8.566990 0.302797 -1.050296
		vertex -8.566990 0.302797 -1.050296
	endloop
endfacet
facet normal 0.000000 1.000000 0.000000
	outer loop
		vertex -8.566990 0.302797 -1.050296
		vertex -8.566990 0.302797 -1.050296
		vertex -8.596310 0.221630 -1.013317
	endloop
endfacet
facet normal 0.000000 1.000000 0.000000
	outer loop
		vertex -8.566990 0.302797 -1.050296
		vertex -8.596310 0.221630 -1.013317
		vertex -8.596310 0.221630 -1.013317
	endloop
endfacet
facet normal 0.000000 1.000000 0.000000
	outer loop
		vertex -8.596310 0.221630 -1.013317
		vertex -8.596310 0.221630 -1.013317
		vertex -8.596310 0.221630 -1.013317
	endloop
endfacet
facet normal 0.000000 1.000000 0.000000
	outer loop
		vertex -8.596310 0.221630 -1.013317
		vertex -8.596310 0.221630 -1.013317
		vertex -8.596310 0.221630 -1.013317
	endloop
endfacet
facet normal 0.000000 1.000000 0.000000
	outer loop
		vertex -8.596310 0.221630 -1.013317
		vertex -8.596310 0.221630 -1.013317
		vertex -8.565206 0.307739 -1.034127
	endloop
endfacet
facet normal 0.000000 1.000000 0.000000
	outer loop
		vertex -8.596310 0.221630 -1.013317
		vertex -8.565206 0.307739 -1.034127
		vertex -8.565206 0.307739 -1.034127
	endloop
endfacet
facet normal 0.000000 1.000000 0.000000
	outer loop
		vertex -8.565206 0.307739 -1.034127
		vertex -8.565206 0.307739 -1.034127
		vertex -8.527881 0.411069 -1.059099
	endloop
endfacet
facet normal 0.000000 1.000000 0.000000
	outer loop
		vertex -8.565206 0.307739 -1.034127
		vertex -8.527881 0.411069 -1.059099
		vertex -8.527881 0.411069 -1.059099
	endloop
endfacet
facet normal 0.000000 1.000000 0.000000
	outer loop
		vertex -8.527881 0.411069 -1.059099
		vertex -8.527881 0.411069 -1.059099
		vertex -8.503712 0.477980 -1.082214
	endloop
endfacet
facet normal 0.000000 1.000000 0.000000
	outer loop
		vertex -8.527881 0.411069 -1.059099
		vertex -8.503712 0.477980 -1.082214
		vertex -8.503712 0.477980 -1.082214
	endloop
endfacet
facet normal 0.000000 1.000000 0.000000
	outer loop
		vertex -8.503712 0.477980 -1.082214
		vertex -8.503712 0.477980 -1.082214
		vertex -8.485977 0.527076 -1.103108
	endloop
endfacet
facet normal 0.000000 1.000000 0.000000
	outer loop
		vertex -8.503712 0.477980 -1.082214
		vertex -8.485977 0.527076 -1.103108
		vertex -8.485977 0.527076 -1.103108
	endloop
endfacet
facet normal 0.000000 1.000000 0.000000
	outer loop
		vertex -8.485977 0.527076 -1.103108
		vertex -8.485977 0.527076 -1.103108
		vertex -8.478303 0.548320 -1.118313
	endloop
endfacet
facet normal 0.000000 1.000000 0.000000
	outer loop
		vertex -8.485977 0.527076 -1.103108
		vertex -8.478303 0.548320 -1.118313
		vertex -8.478303 0.548320 -1.118313
	endloop
endfacet
facet normal 0.000000 1.000000 0.000000
	outer loop
		vertex -8.478303 0.548320 -1.118313
		vertex -8.478303 0.548320 -1.118313
		vertex -8.475463 0.556183 -1.128894
	endloop
endfacet
facet normal 0.000000 1.000000 0.000000
	outer loop
		vertex -8.478303 0.548320 -1.118313
		vertex -8.475463 0.556183 -1.128894
		vertex -8.475463 0.556183 -1.128894
	endloop
endfacet
facet normal -0.084421 -0.257038 0.962707
	outer loop
		vertex -8.692523 0.631271 -1.127880
		vertex -8.475463 0.556183 -1.128894
		vertex -8.696778 0.619489 -1.131399
	endloop
endfacet
facet normal -0.084419 -0.257030 0.962709
	outer loop
		vertex -8.475463 0.556183 -1.128894
		vertex -8.479874 0.543972 -1.132541
		vertex -8.696778 0.619489 -1.131399
	endloop
endfacet
facet normal 0.016461 0.032169 0.999347
	outer loop
		vertex -8.696778 0.619489 -1.131399
		vertex -8.479874 0.543972 -1.132541
		vertex -8.705699 0.594794 -1.130458
	endloop
endfacet
facet normal 0.016461 0.032173 0.999347
	outer loop
		vertex -8.479874 0.543972 -1.132541
		vertex -8.489119 0.518380 -1.131565
		vertex -8.705699 0.594794 -1.130458
	endloop
endfacet
facet normal 0.085938 0.229524 0.969502
	outer loop
		vertex -8.705699 0.594794 -1.130458
		vertex -8.489119 0.518380 -1.131565
		vertex -8.723569 0.545323 -1.117162
	endloop
endfacet
facet normal 0.085938 0.229522 0.969502
	outer loop
		vertex -8.489119 0.518380 -1.131565
		vertex -8.507638 0.467109 -1.117786
		vertex -8.723569 0.545323 -1.117162
	endloop
endfacet
facet normal 0.107670 0.289666 0.951052
	outer loop
		vertex -8.723569 0.545323 -1.117162
		vertex -8.507638 0.467109 -1.117786
		vertex -8.746890 0.480760 -1.094857
	endloop
endfacet
facet normal 0.107670 0.289667 0.951052
	outer loop
		vertex -8.507638 0.467109 -1.117786
		vertex -8.531807 0.400199 -1.094670
		vertex -8.746890 0.480760 -1.094857
	endloop
endfacet
facet normal 0.137452 0.369107 0.919166
	outer loop
		vertex -8.746890 0.480760 -1.094857
		vertex -8.531807 0.400199 -1.094670
		vertex -8.780838 0.386776 -1.052040
	endloop
endfacet
facet normal 0.137453 0.369106 0.919167
	outer loop
		vertex -8.531807 0.400199 -1.094670
		vertex -8.566990 0.302797 -1.050296
		vertex -8.780838 0.386776 -1.052040
	endloop
endfacet
facet normal 0.137452 0.369106 0.919167
	outer loop
		vertex -8.780838 0.386776 -1.052040
		vertex -8.566990 0.302797 -1.050296
		vertex -8.809129 0.308456 -1.016359
	endloop
endfacet
facet normal 0.137452 0.369105 0.919167
	outer loop
		vertex -8.566990 0.302797 -1.050296
		vertex -8.596310 0.221630 -1.013317
		vertex -8.809129 0.308456 -1.016359
	endloop
endfacet
facet normal 0.000000 1.000000 0.000000
	outer loop
		vertex -8.809129 0.308456 -1.016359
		vertex -8.596310 0.221630 -1.013317
		vertex -8.809129 0.308456 -1.016359
	endloop
endfacet
facet normal 0.000000 1.000000 0.000000
	outer loop
		vertex -8.596310 0.221630 -1.013317
		vertex -8.596310 0.221630 -1.013317
		vertex -8.809129 0.308456 -1.016359
	endloop
endfacet
facet normal -0.071650 -0.209777 -0.975120
	outer loop
		vertex -8.809129 0.308456 -1.016359
		vertex -8.596310 0.221630 -1.013317
		vertex -8.779116 0.391544 -1.036438
	endloop
endfacet
facet normal -0.071650 -0.209777 -0.975120
	outer loop
		vertex -8.596310 0.221630 -1.013317
		vertex -8.565206 0.307739 -1.034127
		vertex -8.779116 0.391544 -1.036438
	endloop
endfacet
facet normal -0.071650 -0.209777 -0.975120
	outer loop
		vertex -8.779116 0.391544 -1.036438
		vertex -8.565206 0.307739 -1.034127
		vertex -8.743101 0.491249 -1.060534
	endloop
endfacet
facet normal -0.071649 -0.209777 -0.975121
	outer loop
		vertex -8.565206 0.307739 -1.034127
		vertex -8.527881 0.411069 -1.059099
		vertex -8.743101 0.491249 -1.060534
	endloop
endfacet
facet normal -0.102295 -0.291606 -0.951053
	outer loop
		vertex -8.743101 0.491249 -1.060534
		vertex -8.527881 0.411069 -1.059099
		vertex -8.719780 0.555812 -1.082839
	endloop
endfacet
facet normal -0.102295 -0.291606 -0.951053
	outer loop
		vertex -8.527881 0.411069 -1.059099
		vertex -8.503712 0.477980 -1.082214
		vertex -8.719780 0.555812 -1.082839
	endloop
endfacet
facet normal -0.123561 -0.350460 -0.928392
	outer loop
		vertex -8.719780 0.555812 -1.082839
		vertex -8.503712 0.477980 -1.082214
		vertex -8.702667 0.603185 -1.102999
	endloop
endfacet
facet normal -0.123562 -0.350461 -0.928391
	outer loop
		vertex -8.503712 0.477980 -1.082214
		vertex -8.485977 0.527076 -1.103108
		vertex -8.702667 0.603185 -1.102999
	endloop
endfacet
facet normal -0.185426 -0.526735 -0.829558
	outer loop
		vertex -8.702667 0.603185 -1.102999
		vertex -8.485977 0.527076 -1.103108
		vertex -8.695263 0.623684 -1.117670
	endloop
endfacet
facet normal -0.185424 -0.526731 -0.829561
	outer loop
		vertex -8.485977 0.527076 -1.103108
		vertex -8.478303 0.548320 -1.118313
		vertex -8.695263 0.623684 -1.117670
	endloop
endfacet
facet normal -0.259118 -0.740671 -0.619890
	outer loop
		vertex -8.695263 0.623684 -1.117670
		vertex -8.478303 0.548320 -1.118313
		vertex -8.692523 0.631271 -1.127880
	endloop
endfacet
facet normal -0.259115 -0.740666 -0.619897
	outer loop
		vertex -8.478303 0.548320 -1.118313
		vertex -8.475463 0.556183 -1.128894
		vertex -8.692523 0.631271 -1.127880
	endloop
endfacet
facet normal 0.940519 -0.339742 0.000203
	outer loop
		vertex -8.692523 0.631271 -1.127880
		vertex -8.696778 0.619489 -1.131399
		vertex -8.705699 0.594794 -1.130458
	endloop
endfacet
facet normal 0.940523 -0.339731 0.000019
	outer loop
		vertex -8.692523 0.631271 -1.127880
		vertex -8.705699 0.594794 -1.130458
		vertex -8.723569 0.545323 -1.117162
	endloop
endfacet
facet normal 0.940522 -0.339733 -0.000005
	outer loop
		vertex -8.692523 0.631271 -1.127880
		vertex -8.723569 0.545323 -1.117162
		vertex -8.746890 0.480760 -1.094857
	endloop
endfacet
facet normal 0.940522 -0.339733 -0.000005
	outer loop
		vertex -8.692523 0.631271 -1.127880
		vertex -8.746890 0.480760 -1.094857
		vertex -8.809129 0.308456 -1.016359
	endloop
endfacet
facet normal 0.000000 1.000000 0.000000
	outer loop
		vertex -8.692523 0.631271 -1.127880
		vertex -8.809129 0.308456 -1.016359
		vertex -8.809129 0.308456 -1.016359
	endloop
endfacet
facet normal 0.940522 -0.339733 -0.000005
	outer loop
		vertex -8.692523 0.631271 -1.127880
		vertex -8.809129 0.308456 -1.016359
		vertex -8.743101 0.491249 -1.060534
	endloop
endfacet
facet normal 0.940522 -0.339733 -0.000004
	outer loop
		vertex -8.692523 0.631271 -1.127880
		vertex -8.743101 0.491249 -1.060534
		vertex -8.719780 0.555812 -1.082839
	endloop
endfacet
facet normal 0.940505 -0.339780 -0.000093
	outer loop
		vertex -8.692523 0.631271 -1.127880
		vertex -8.719780 0.555812 -1.082839
		vertex -8.702667 0.603185 -1.102999
	endloop
endfacet
facet normal 0.940509 -0.339768 -0.000078
	outer loop
		vertex -8.692523 0.631271 -1.127880
		vertex -8.702667 0.603185 -1.102999
		vertex -8.695263 0.623684 -1.117670
	endloop
endfacet
facet normal 0.264810 0.055408 0.962708
	outer loop
		vertex -6.633360 -0.475781 -1.137005
		vertex -6.676862 -0.250258 -1.138019
		vertex -6.616993 -0.472854 -1.141676
	endloop
endfacet
facet normal 0.264810 0.055408 0.962707
	outer loop
		vertex -6.676862 -0.250258 -1.138019
		vertex -6.660047 -0.247250 -1.142817
		vertex -6.616993 -0.472854 -1.141676
	endloop
endfacet
facet normal -0.036094 -0.001830 0.999347
	outer loop
		vertex -6.616993 -0.472854 -1.141676
		vertex -6.660047 -0.247250 -1.142817
		vertex -6.582688 -0.466719 -1.140425
	endloop
endfacet
facet normal -0.036093 -0.001830 0.999347
	outer loop
		vertex -6.660047 -0.247250 -1.142817
		vertex -6.624801 -0.240947 -1.141533
		vertex -6.582688 -0.466719 -1.140425
	endloop
endfacet
facet normal -0.241742 -0.040336 0.969502
	outer loop
		vertex -6.582688 -0.466719 -1.140425
		vertex -6.624801 -0.240947 -1.141533
		vertex -6.513964 -0.454428 -1.122778
	endloop
endfacet
facet normal -0.241743 -0.040337 0.969501
	outer loop
		vertex -6.624801 -0.240947 -1.141533
		vertex -6.554195 -0.228320 -1.123402
		vertex -6.513964 -0.454428 -1.122778
	endloop
endfacet
facet normal -0.304692 -0.051588 0.951053
	outer loop
		vertex -6.513964 -0.454428 -1.122778
		vertex -6.554195 -0.228320 -1.123402
		vertex -6.424275 -0.438388 -1.093174
	endloop
endfacet
facet normal -0.304693 -0.051588 0.951053
	outer loop
		vertex -6.554195 -0.228320 -1.123402
		vertex -6.462049 -0.211841 -1.092987
		vertex -6.424275 -0.438388 -1.093174
	endloop
endfacet
facet normal -0.388382 -0.065516 0.919166
	outer loop
		vertex -6.424275 -0.438388 -1.093174
		vertex -6.462049 -0.211841 -1.092987
		vertex -6.293716 -0.415040 -1.036344
	endloop
endfacet
facet normal -0.388382 -0.065516 0.919167
	outer loop
		vertex -6.462049 -0.211841 -1.092987
		vertex -6.327913 -0.187852 -1.034600
		vertex -6.293716 -0.415040 -1.036344
	endloop
endfacet
facet normal -0.388382 -0.065516 0.919167
	outer loop
		vertex -6.293716 -0.415040 -1.036344
		vertex -6.327913 -0.187852 -1.034600
		vertex -6.184917 -0.395582 -0.988985
	endloop
endfacet
facet normal -0.388382 -0.065516 0.919167
	outer loop
		vertex -6.327913 -0.187852 -1.034600
		vertex -6.216133 -0.167862 -0.985944
		vertex -6.184917 -0.395582 -0.988985
	endloop
endfacet
facet normal 0.000000 1.000000 0.000000
	outer loop
		vertex -6.184917 -0.395582 -0.988985
		vertex -6.216133 -0.167862 -0.985944
		vertex -6.184917 -0.395582 -0.988985
	endloop
endfacet
facet normal 0.000000 1.000000 0.000000
	outer loop
		vertex -6.216133 -0.167862 -0.985944
		vertex -6.216133 -0.167862 -0.985944
		vertex -6.184917 -0.395582 -0.988985
	endloop
endfacet
facet normal 0.217497 0.042838 -0.975120
	outer loop
		vertex -6.184917 -0.395582 -0.988985
		vertex -6.216133 -0.167862 -0.985944
		vertex -6.300339 -0.416224 -1.015636
	endloop
endfacet
facet normal 0.217497 0.042839 -0.975120
	outer loop
		vertex -6.216133 -0.167862 -0.985944
		vertex -6.334717 -0.189069 -1.013325
		vertex -6.300339 -0.416224 -1.015636
	endloop
endfacet
facet normal 0.217497 0.042839 -0.975120
	outer loop
		vertex -6.300339 -0.416224 -1.015636
		vertex -6.334717 -0.189069 -1.013325
		vertex -6.438846 -0.440994 -1.047618
	endloop
endfacet
facet normal 0.217497 0.042839 -0.975120
	outer loop
		vertex -6.334717 -0.189069 -1.013325
		vertex -6.477019 -0.214518 -1.046183
		vertex -6.438846 -0.440994 -1.047618
	endloop
endfacet
facet normal 0.303686 0.057213 -0.951053
	outer loop
		vertex -6.438846 -0.440994 -1.047618
		vertex -6.477019 -0.214518 -1.046183
		vertex -6.528535 -0.457034 -1.077222
	endloop
endfacet
facet normal 0.303687 0.057213 -0.951053
	outer loop
		vertex -6.477019 -0.214518 -1.046183
		vertex -6.569165 -0.230997 -1.076598
		vertex -6.528535 -0.457034 -1.077222
	endloop
endfacet
facet normal 0.365288 0.068223 -0.928391
	outer loop
		vertex -6.528535 -0.457034 -1.077222
		vertex -6.569165 -0.230997 -1.076598
		vertex -6.594345 -0.468803 -1.103981
	endloop
endfacet
facet normal 0.365288 0.068223 -0.928391
	outer loop
		vertex -6.569165 -0.230997 -1.076598
		vertex -6.636777 -0.243089 -1.104090
		vertex -6.594345 -0.468803 -1.103981
	endloop
endfacet
facet normal 0.548877 0.102784 -0.829559
	outer loop
		vertex -6.594345 -0.468803 -1.103981
		vertex -6.636777 -0.243089 -1.104090
		vertex -6.622821 -0.473896 -1.123453
	endloop
endfacet
facet normal 0.548878 0.102784 -0.829559
	outer loop
		vertex -6.636777 -0.243089 -1.104090
		vertex -6.666034 -0.248321 -1.124096
		vertex -6.622821 -0.473896 -1.123453
	endloop
endfacet
facet normal 0.770996 0.145932 -0.619894
	outer loop
		vertex -6.622821 -0.473896 -1.123453
		vertex -6.666034 -0.248321 -1.124096
		vertex -6.633360 -0.475781 -1.137005
	endloop
endfacet
facet normal 0.770991 0.145932 -0.619900
	outer loop
		vertex -6.666034 -0.248321 -1.124096
		vertex -6.676862 -0.250258 -1.138019
		vertex -6.633360 -0.475781 -1.137005
	endloop
endfacet
facet normal 0.000000 1.000000 0.000000
	outer loop
		vertex -6.633360 -0.475781 -1.137005
		vertex -6.633360 -0.475781 -1.137005
		vertex -6.616993 -0.472854 -1.141676
	endloop
endfacet
facet normal 0.000000 1.000000 0.000000
	outer loop
		vertex -6.633360 -0.475781 -1.137005
		vertex -6.616993 -0.472854 -1.141676
		vertex -6.616993 -0.472854 -1.141676
	endloop
endfacet
facet normal 0.000000 1.000000 0.000000
	outer loop
		vertex -6.616993 -0.472854 -1.141676
		vertex -6.616993 -0.472854 -1.141676
		vertex -6.582688 -0.466719 -1.140425
	endloop
endfacet
facet normal 0.000000 1.000000 0.000000
	outer loop
		vertex -6.616993 -0.472854 -1.141676
		vertex -6.582688 -0.466719 -1.140425
		vertex -6.582688 -0.466719 -1.140425
	endloop
endfacet
facet normal 0.000000 1.000000 0.000000
	outer loop
		vertex -6.582688 -0.466719 -1.140425
		vertex -6.582688 -0.466719 -1.140425
		vertex -6.513964 -0.454428 -1.122778
	endloop
endfacet
facet normal 0.000000 1.000000 0.000000
	outer loop
		vertex -6.582688 -0.466719 -1.140425
		vertex -6.513964 -0.454428 -1.122778
		vertex -6.513964 -0.454428 -1.122778
	endloop
endfacet
facet normal 0.000000 1.000000 0.000000
	outer loop
		vertex -6.513964 -0.454428 -1.122778
		vertex -6.513964 -0.454428 -1.122778
		vertex -6.424275 -0.438388 -1.093174
	endloop
endfacet
facet normal 0.000000 1.000000 0.000000
	outer loop
		vertex -6.513964 -0.454428 -1.122778
		vertex -6.424275 -0.438388 -1.093174
		vertex -6.424275 -0.438388 -1.093174
	endloop
endfacet
facet normal 0.000000 1.000000 0.000000
	outer loop
		vertex -6.424275 -0.438388 -1.093174
		vertex -6.424275 -0.438388 -1.093174
		vertex -6.293716 -0.415040 -1.036344
	endloop
endfacet
facet normal 0.000000 1.000000 0.000000
	outer loop
		vertex -6.424275 -0.438388 -1.093174
		vertex -6.293716 -0.415040 -1.036344
		vertex -6.293716 -0.415040 -1.036344
	endloop
endfacet
facet normal 0.000000 1.000000 0.000000
	outer loop
		vertex -6.293716 -0.415040 -1.036344
		vertex -6.293716 -0.415040 -1.036344
		vertex -6.184917 -0.395582 -0.988985
	endloop
endfacet
facet normal 0.000000 1.000000 0.000000
	outer loop
		vertex -6.293716 -0.415040 -1.036344
		vertex -6.184917 -0.395582 -0.988985
		vertex -6.184917 -0.395582 -0.988985
	endloop
endfacet
facet normal 0.000000 1.000000 0.000000
	outer loop
		vertex -6.184917 -0.395582 -0.988985
		vertex -6.184917 -0.395582 -0.988985
		vertex -6.184917 -0.395582 -0.988985
	endloop
endfacet
facet normal 0.000000 1.000000 0.000000
	outer loop
		vertex -6.184917 -0.395582 -0.988985
		vertex -6.184917 -0.395582 -0.988985
		vertex -6.184917 -0.395582 -0.988985
	endloop
endfacet
facet normal 0.000000 1.000000 0.000000
	outer loop
		vertex -6.184917 -0.395582 -0.988985
		vertex -6.184917 -0.395582 -0.988985
		vertex -6.300339 -0.416224 -1.015636
	endloop
endfacet
facet normal 0.000000 1.000000 0.000000
	outer loop
		vertex -6.184917 -0.395582 -0.988985
		vertex -6.300339 -0.416224 -1.015636
		vertex -6.300339 -0.416224 -1.015636
	endloop
endfacet
facet normal 0.000000 1.000000 0.000000
	outer loop
		vertex -6.300339 -0.416224 -1.015636
		vertex -6.300339 -0.416224 -1.015636
		vertex -6.438846 -0.440994 -1.047618
	endloop
endfacet
facet normal 0.000000 1.000000 0.000000
	outer loop
		vertex -6.300339 -0.416224 -1.015636
		vertex -6.438846 -0.440994 -1.047618
		vertex -6.438846 -0.440994 -1.047618
	endloop
endfacet
facet normal 0.000000 1.000000 0.000000
	outer loop
		vertex -6.438846 -0.440994 -1.047618
		vertex -6.438846 -0.440994 -1.047618
		vertex -6.528535 -0.457034 -1.077222
	endloop
endfacet
facet normal 0.000000 1.000000 0.000000
	outer loop
		vertex -6.438846 -0.440994 -1.047618
		vertex -6.528535 -0.457034 -1.077222
		vertex -6.528535 -0.457034 -1.077222
	endloop
endfacet
facet normal 0.000000 1.000000 0.000000
	outer loop
		vertex -6.528535 -0.457034 -1.077222
		vertex -6.528535 -0.457034 -1.077222
		vertex -6.594345 -0.468803 -1.103981
	endloop
endfacet
facet normal 0.000000 1.000000 0.000000
	outer loop
		vertex -6.528535 -0.457034 -1.077222
		vertex -6.594345 -0.468803 -1.103981
		vertex -6.594345 -0.468803 -1.103981
	endloop
endfacet
facet normal 0.000000 1.000000 0.000000
	outer loop
		vertex -6.594345 -0.468803 -1.103981
		vertex -6.594345 -0.468803 -1.103981
		vertex -6.622821 -0.473896 -1.123453
	endloop
endfacet
facet normal 0.000000 1.000000 0.000000
	outer loop
		vertex -6.594345 -0.468803 -1.103981
		vertex -6.622821 -0.473896 -1.123453
		vertex -6.622821 -0.473896 -1.123453
	endloop
endfacet
facet normal 0.000000 1.000000 0.000000
	outer loop
		vertex -6.622821 -0.473896 -1.123453
		vertex -6.622821 -0.473896 -1.123453
		vertex -6.633360 -0.475781 -1.137005
	endloop
endfacet
facet normal 0.000000 1.000000 0.000000
	outer loop
		vertex -6.622821 -0.473896 -1.123453
		vertex -6.633360 -0.475781 -1.137005
		vertex -6.633360 -0.475781 -1.137005
	endloop
endfacet
facet normal 0.264803 0.055406 0.962709
	outer loop
		vertex -6.589859 -0.701304 -1.135991
		vertex -6.633360 -0.475781 -1.137005
		vertex -6.573940 -0.698457 -1.140534
	endloop
endfacet
facet normal 0.264810 0.055407 0.962708
	outer loop
		vertex -6.633360 -0.475781 -1.137005
		vertex -6.616993 -0.472854 -1.141676
		vertex -6.573940 -0.698457 -1.140534
	endloop
endfacet
facet normal -0.036092 -0.001830 0.999347
	outer loop
		vertex -6.573940 -0.698457 -1.140534
		vertex -6.616993 -0.472854 -1.141676
		vertex -6.540575 -0.692490 -1.139318
	endloop
endfacet
facet normal -0.036094 -0.001831 0.999347
	outer loop
		vertex -6.616993 -0.472854 -1.141676
		vertex -6.582688 -0.466719 -1.140425
		vertex -6.540575 -0.692490 -1.139318
	endloop
endfacet
facet normal -0.241744 -0.040337 0.969501
	outer loop
		vertex -6.540575 -0.692490 -1.139318
		vertex -6.582688 -0.466719 -1.140425
		vertex -6.473734 -0.680536 -1.122154
	endloop
endfacet
facet normal -0.241742 -0.040336 0.969502
	outer loop
		vertex -6.582688 -0.466719 -1.140425
		vertex -6.513964 -0.454428 -1.122778
		vertex -6.473734 -0.680536 -1.122154
	endloop
endfacet
facet normal -0.304692 -0.051587 0.951053
	outer loop
		vertex -6.473734 -0.680536 -1.122154
		vertex -6.513964 -0.454428 -1.122778
		vertex -6.386502 -0.664936 -1.093361
	endloop
endfacet
facet normal -0.304692 -0.051588 0.951053
	outer loop
		vertex -6.513964 -0.454428 -1.122778
		vertex -6.424275 -0.438388 -1.093174
		vertex -6.386502 -0.664936 -1.093361
	endloop
endfacet
facet normal -0.388381 -0.065515 0.919167
	outer loop
		vertex -6.386502 -0.664936 -1.093361
		vertex -6.424275 -0.438388 -1.093174
		vertex -6.259520 -0.642227 -1.038088
	endloop
endfacet
facet normal -0.388382 -0.065516 0.919167
	outer loop
		vertex -6.424275 -0.438388 -1.093174
		vertex -6.293716 -0.415040 -1.036344
		vertex -6.259520 -0.642227 -1.038088
	endloop
endfacet
facet normal -0.388382 -0.065516 0.919166
	outer loop
		vertex -6.259520 -0.642227 -1.038088
		vertex -6.293716 -0.415040 -1.036344
		vertex -6.153701 -0.623302 -0.992027
	endloop
endfacet
facet normal -0.388382 -0.065515 0.919167
	outer loop
		vertex -6.293716 -0.415040 -1.036344
		vertex -6.184917 -0.395582 -0.988985
		vertex -6.153701 -0.623302 -0.992027
	endloop
endfacet
facet normal 0.000000 1.000000 0.000000
	outer loop
		vertex -6.153701 -0.623302 -0.992027
		vertex -6.184917 -0.395582 -0.988985
		vertex -6.153701 -0.623302 -0.992027
	endloop
endfacet
facet normal 0.000000 1.000000 0.000000
	outer loop
		vertex -6.184917 -0.395582 -0.988985
		vertex -6.184917 -0.395582 -0.988985
		vertex -6.153701 -0.623302 -0.992027
	endloop
endfacet
facet normal 0.217497 0.042838 -0.975120
	outer loop
		vertex -6.153701 -0.623302 -0.992027
		vertex -6.184917 -0.395582 -0.988985
		vertex -6.265962 -0.643379 -1.017948
	endloop
endfacet
facet normal 0.217497 0.042838 -0.975120
	outer loop
		vertex -6.184917 -0.395582 -0.988985
		vertex -6.300339 -0.416224 -1.015636
		vertex -6.265962 -0.643379 -1.017948
	endloop
endfacet
facet normal 0.217497 0.042838 -0.975121
	outer loop
		vertex -6.265962 -0.643379 -1.017948
		vertex -6.300339 -0.416224 -1.015636
		vertex -6.400674 -0.667470 -1.049053
	endloop
endfacet
facet normal 0.217498 0.042838 -0.975120
	outer loop
		vertex -6.300339 -0.416224 -1.015636
		vertex -6.438846 -0.440994 -1.047618
		vertex -6.400674 -0.667470 -1.049053
	endloop
endfacet
facet normal 0.303687 0.057212 -0.951053
	outer loop
		vertex -6.400674 -0.667470 -1.049053
		vertex -6.438846 -0.440994 -1.047618
		vertex -6.487906 -0.683071 -1.077846
	endloop
endfacet
facet normal 0.303686 0.057212 -0.951053
	outer loop
		vertex -6.438846 -0.440994 -1.047618
		vertex -6.528535 -0.457034 -1.077222
		vertex -6.487906 -0.683071 -1.077846
	endloop
endfacet
facet normal 0.365289 0.068223 -0.928391
	outer loop
		vertex -6.487906 -0.683071 -1.077846
		vertex -6.528535 -0.457034 -1.077222
		vertex -6.551912 -0.694517 -1.103872
	endloop
endfacet
facet normal 0.365288 0.068223 -0.928391
	outer loop
		vertex -6.528535 -0.457034 -1.077222
		vertex -6.594345 -0.468803 -1.103981
		vertex -6.551912 -0.694517 -1.103872
	endloop
endfacet
facet normal 0.548877 0.102784 -0.829560
	outer loop
		vertex -6.551912 -0.694517 -1.103872
		vertex -6.594345 -0.468803 -1.103981
		vertex -6.579608 -0.699471 -1.122811
	endloop
endfacet
facet normal 0.548877 0.102784 -0.829559
	outer loop
		vertex -6.594345 -0.468803 -1.103981
		vertex -6.622821 -0.473896 -1.123453
		vertex -6.579608 -0.699471 -1.122811
	endloop
endfacet
facet normal 0.770991 0.145931 -0.619901
	outer loop
		vertex -6.579608 -0.699471 -1.122811
		vertex -6.622821 -0.473896 -1.123453
		vertex -6.589859 -0.701304 -1.135991
	endloop
endfacet
facet normal 0.770996 0.145932 -0.619894
	outer loop
		vertex -6.622821 -0.473896 -1.123453
		vertex -6.633360 -0.475781 -1.137005
		vertex -6.589859 -0.701304 -1.135991
	endloop
endfacet
facet normal 0.000000 1.000000 0.000000
	outer loop
		vertex -6.589859 -0.701304 -1.135991
		vertex -6.589859 -0.701304 -1.135991
		vertex -6.573940 -0.698457 -1.140534
	endloop
endfacet
facet normal 0.000000 1.000000 0.000000
	outer loop
		vertex -6.589859 -0.701304 -1.135991
		vertex -6.573940 -0.698457 -1.140534
		vertex -6.573940 -0.698457 -1.140534
	endloop
endfacet
facet normal 0.000000 1.000000 0.000000
	outer loop
		vertex -6.573940 -0.698457 -1.140534
		vertex -6.573940 -0.698457 -1.140534
		vertex -6.540575 -0.692490 -1.139318
	endloop
endfacet
facet normal 0.000000 1.000000 0.000000
	outer loop
		vertex -6.573940 -0.698457 -1.140534
		vertex -6.540575 -0.692490 -1.139318
		vertex -6.540575 -0.692490 -1.139318
	endloop
endfacet
facet normal 0.000000 1.000000 0.000000
	outer loop
		vertex -6.540575 -0.692490 -1.139318
		vertex -6.540575 -0.692490 -1.139318
		vertex -6.473734 -0.680536 -1.122154
	endloop
endfacet
facet normal 0.000000 1.000000 0.000000
	outer loop
		vertex -6.540575 -0.692490 -1.139318
		vertex -6.473734 -0.680536 -1.122154
		vertex -6.473734 -0.680536 -1.122154
	endloop
endfacet
facet normal 0.000000 1.000000 0.000000
	outer loop
		vertex -6.473734 -0.680536 -1.122154
		vertex -6.473734 -0.680536 -1.122154
		vertex -6.386502 -0.664936 -1.093361
	endloop
endfacet
facet normal 0.000000 1.000000 0.000000
	outer loop
		vertex -6.473734 -0.680536 -1.122154
		vertex -6.386502 -0.664936 -1.093361
		vertex -6.386502 -0.664936 -1.093361
	endloop
endfacet
facet normal 0.000000 1.000000 0.000000
	outer loop
		vertex -6.386502 -0.664936 -1.093361
		vertex -6.386502 -0.664936 -1.093361
		vertex -6.259520 -0.642227 -1.038088
	endloop
endfacet
facet normal 0.000000 1.000000 0.000000
	outer loop
		vertex -6.386502 -0.664936 -1.093361
		vertex -6.259520 -0.642227 -1.038088
		vertex -6.259520 -0.642227 -1.038088
	endloop
endfacet
facet normal 0.000000 1.000000 0.000000
	outer loop
		vertex -6.259520 -0.642227 -1.038088
		vertex -6.259520 -0.642227 -1.038088
		vertex -6.153701 -0.623302 -0.992027
	endloop
endfacet
facet normal 0.000000 1.000000 0.000000
	outer loop
		vertex -6.259520 -0.642227 -1.038088
		vertex -6.153701 -0.623302 -0.992027
		vertex -6.153701 -0.623302 -0.992027
	endloop
endfacet
facet normal 0.000000 1.000000 0.000000
	outer loop
		vertex -6.153701 -0.623302 -0.992027
		vertex -6.153701 -0.623302 -0.992027
		vertex -6.153701 -0.623302 -0.992027
	endloop
endfacet
facet normal 0.000000 1.000000 0.000000
	outer loop
		vertex -6.153701 -0.623302 -0.992027
		vertex -6.153701 -0.623302 -0.992027
		vertex -6.153701 -0.623302 -0.992027
	endloop
endfacet
facet normal 0.000000 1.000000 0.000000
	outer loop
		vertex -6.153701 -0.623302 -0.992027
		vertex -6.153701 -0.623302 -0.992027
		vertex -6.265962 -0.643379 -1.017948
	endloop
endfacet
facet normal 0.000000 1.000000 0.000000
	outer loop
		vertex -6.153701 -0.623302 -0.992027
		vertex -6.265962 -0.643379 -1.017948
		vertex -6.265962 -0.643379 -1.017948
	endloop
endfacet
facet normal 0.000000 1.000000 0.000000
	outer loop
		vertex -6.265962 -0.643379 -1.017948
		vertex -6.265962 -0.643379 -1.017948
		vertex -6.400674 -0.667470 -1.049053
	endloop
endfacet
facet normal 0.000000 1.000000 0.000000
	outer loop
		vertex -6.265962 -0.643379 -1.017948
		vertex -6.400674 -0.667470 -1.049053
		vertex -6.400674 -0.667470 -1.049053
	endloop
endfacet
facet normal 0.000000 1.000000 0.000000
	outer loop
		vertex -6.400674 -0.667470 -1.049053
		vertex -6.400674 -0.667470 -1.049053
		vertex -6.487906 -0.683071 -1.077846
	endloop
endfacet
facet normal 0.000000 1.000000 0.000000
	outer loop
		vertex -6.400674 -0.667470 -1.049053
		vertex -6.487906 -0.683071 -1.077846
		vertex -6.487906 -0.683071 -1.077846
	endloop
endfacet
facet normal 0.000000 1.000000 0.000000
	outer loop
		vertex -6.487906 -0.683071 -1.077846
		vertex -6.487906 -0.683071 -1.077846
		vertex -6.551912 -0.694517 -1.103872
	endloop
endfacet
facet normal 0.000000 1.000000 0.000000
	outer loop
		vertex -6.487906 -0.683071 -1.077846
		vertex -6.551912 -0.694517 -1.103872
		vertex -6.551912 -0.694517 -1.103872
	endloop
endfacet
facet normal 0.000000 1.000000 0.000000
	outer loop
		vertex -6.551912 -0.694517 -1.103872
		vertex -6.551912 -0.694517 -1.103872
		vertex -6.579608 -0.699471 -1.122811
	endloop
endfacet
facet normal 0.000000 1.000000 0.000000
	outer loop
		vertex -6.551912 -0.694517 -1.103872
		vertex -6.579608 -0.699471 -1.122811
		vertex -6.579608 -0.699471 -1.122811
	endloop
endfacet
facet normal 0.000000 1.000000 0.000000
	outer loop
		vertex -6.579608 -0.699471 -1.122811
		vertex -6.579608 -0.699471 -1.122811
		vertex -6.589859 -0.701304 -1.135991
	endloop
endfacet
facet normal 0.000000 1.000000 0.000000
	outer loop
		vertex -6.579608 -0.699471 -1.122811
		vertex -6.589859 -0.701304 -1.135991
		vertex -6.589859 -0.701304 -1.135991
	endloop
endfacet
facet normal 0.264810 0.055408 0.962707
	outer loop
		vertex -6.546357 -0.926827 -1.134977
		vertex -6.589859 -0.701304 -1.135991
		vertex -6.530887 -0.924060 -1.139392
	endloop
endfacet
facet normal 0.264803 0.055406 0.962710
	outer loop
		vertex -6.589859 -0.701304 -1.135991
		vertex -6.573940 -0.698457 -1.140534
		vertex -6.530887 -0.924060 -1.139392
	endloop
endfacet
facet normal -0.036093 -0.001830 0.999347
	outer loop
		vertex -6.530887 -0.924060 -1.139392
		vertex -6.573940 -0.698457 -1.140534
		vertex -6.498461 -0.918261 -1.138210
	endloop
endfacet
facet normal -0.036092 -0.001830 0.999347
	outer loop
		vertex -6.573940 -0.698457 -1.140534
		vertex -6.540575 -0.692490 -1.139318
		vertex -6.498461 -0.918261 -1.138210
	endloop
endfacet
facet normal -0.241743 -0.040336 0.969502
	outer loop
		vertex -6.498461 -0.918261 -1.138210
		vertex -6.540575 -0.692490 -1.139318
		vertex -6.433503 -0.906644 -1.121530
	endloop
endfacet
facet normal -0.241744 -0.040337 0.969501
	outer loop
		vertex -6.540575 -0.692490 -1.139318
		vertex -6.473734 -0.680536 -1.122154
		vertex -6.433503 -0.906644 -1.121530
	endloop
endfacet
facet normal -0.304692 -0.051588 0.951053
	outer loop
		vertex -6.433503 -0.906644 -1.121530
		vertex -6.473734 -0.680536 -1.122154
		vertex -6.348729 -0.891483 -1.093548
	endloop
endfacet
facet normal -0.304692 -0.051588 0.951053
	outer loop
		vertex -6.473734 -0.680536 -1.122154
		vertex -6.386502 -0.664936 -1.093361
		vertex -6.348729 -0.891483 -1.093548
	endloop
endfacet
facet normal -0.388382 -0.065516 0.919166
	outer loop
		vertex -6.348729 -0.891483 -1.093548
		vertex -6.386502 -0.664936 -1.093361
		vertex -6.225324 -0.869414 -1.039832
	endloop
endfacet
facet normal -0.388381 -0.065515 0.919167
	outer loop
		vertex -6.386502 -0.664936 -1.093361
		vertex -6.259520 -0.642227 -1.038088
		vertex -6.225324 -0.869414 -1.039832
	endloop
endfacet
facet normal -0.388381 -0.065515 0.919167
	outer loop
		vertex -6.225324 -0.869414 -1.039832
		vertex -6.259520 -0.642227 -1.038088
		vertex -6.122486 -0.851023 -0.995068
	endloop
endfacet
facet normal -0.388382 -0.065516 0.919166
	outer loop
		vertex -6.259520 -0.642227 -1.038088
		vertex -6.153701 -0.623302 -0.992027
		vertex -6.122486 -0.851023 -0.995068
	endloop
endfacet
facet normal 0.000000 1.000000 0.000000
	outer loop
		vertex -6.122486 -0.851023 -0.995068
		vertex -6.153701 -0.623302 -0.992027
		vertex -6.122486 -0.851023 -0.995068
	endloop
endfacet
facet normal 0.000000 1.000000 0.000000
	outer loop
		vertex -6.153701 -0.623302 -0.992027
		vertex -6.153701 -0.623302 -0.992027
		vertex -6.122486 -0.851023 -0.995068
	endloop
endfacet
facet normal 0.217497 0.042839 -0.975120
	outer loop
		vertex -6.122486 -0.851023 -0.995068
		vertex -6.153701 -0.623302 -0.992027
		vertex -6.231584 -0.870533 -1.020259
	endloop
endfacet
facet normal 0.217497 0.042839 -0.975120
	outer loop
		vertex -6.153701 -0.623302 -0.992027
		vertex -6.265962 -0.643379 -1.017948
		vertex -6.231584 -0.870533 -1.020259
	endloop
endfacet
facet normal 0.217497 0.042838 -0.975121
	outer loop
		vertex -6.231584 -0.870533 -1.020259
		vertex -6.265962 -0.643379 -1.017948
		vertex -6.362501 -0.893946 -1.050488
	endloop
endfacet
facet normal 0.217497 0.042839 -0.975121
	outer loop
		vertex -6.265962 -0.643379 -1.017948
		vertex -6.400674 -0.667470 -1.049053
		vertex -6.362501 -0.893946 -1.050488
	endloop
endfacet
facet normal 0.303686 0.057213 -0.951053
	outer loop
		vertex -6.362501 -0.893946 -1.050488
		vertex -6.400674 -0.667470 -1.049053
		vertex -6.447276 -0.909107 -1.078470
	endloop
endfacet
facet normal 0.303687 0.057213 -0.951053
	outer loop
		vertex -6.400674 -0.667470 -1.049053
		vertex -6.487906 -0.683071 -1.077846
		vertex -6.447276 -0.909107 -1.078470
	endloop
endfacet
facet normal 0.365288 0.068223 -0.928391
	outer loop
		vertex -6.447276 -0.909107 -1.078470
		vertex -6.487906 -0.683071 -1.077846
		vertex -6.509479 -0.920231 -1.103763
	endloop
endfacet
facet normal 0.365289 0.068223 -0.928391
	outer loop
		vertex -6.487906 -0.683071 -1.077846
		vertex -6.551912 -0.694517 -1.103872
		vertex -6.509479 -0.920231 -1.103763
	endloop
endfacet
facet normal 0.548877 0.102784 -0.829560
	outer loop
		vertex -6.509479 -0.920231 -1.103763
		vertex -6.551912 -0.694517 -1.103872
		vertex -6.536396 -0.925045 -1.122168
	endloop
endfacet
facet normal 0.548877 0.102784 -0.829560
	outer loop
		vertex -6.551912 -0.694517 -1.103872
		vertex -6.579608 -0.699471 -1.122811
		vertex -6.536396 -0.925045 -1.122168
	endloop
endfacet
facet normal 0.770995 0.145932 -0.619895
	outer loop
		vertex -6.536396 -0.925045 -1.122168
		vertex -6.579608 -0.699471 -1.122811
		vertex -6.546357 -0.926827 -1.134977
	endloop
endfacet
facet normal 0.770990 0.145932 -0.619901
	outer loop
		vertex -6.579608 -0.699471 -1.122811
		vertex -6.589859 -0.701304 -1.135991
		vertex -6.546357 -0.926827 -1.134977
	endloop
endfacet
facet normal 0.000000 1.000000 0.000000
	outer loop
		vertex -6.546357 -0.926827 -1.134977
		vertex -6.546357 -0.926827 -1.134977
		vertex -6.530887 -0.924060 -1.139392
	endloop
endfacet
facet normal 0.000000 1.000000 0.000000
	outer loop
		vertex -6.546357 -0.926827 -1.134977
		vertex -6.530887 -0.924060 -1.139392
		vertex -6.530887 -0.924060 -1.139392
	endloop
endfacet
facet normal 0.000000 1.000000 0.000000
	outer loop
		vertex -6.530887 -0.924060 -1.139392
		vertex -6.530887 -0.924060 -1.139392
		vertex -6.498461 -0.918261 -1.138210
	endloop
endfacet
facet normal 0.000000 1.000000 0.000000
	outer loop
		vertex -6.530887 -0.924060 -1.139392
		vertex -6.498461 -0.918261 -1.138210
		vertex -6.498461 -0.918261 -1.138210
	endloop
endfacet
facet normal 0.000000 1.000000 0.000000
	outer loop
		vertex -6.498461 -0.918261 -1.138210
		vertex -6.498461 -0.918261 -1.138210
		vertex -6.433503 -0.906644 -1.121530
	endloop
endfacet
facet normal 0.000000 1.000000 0.000000
	outer loop
		vertex -6.498461 -0.918261 -1.138210
		vertex -6.433503 -0.906644 -1.121530
		vertex -6.433503 -0.906644 -1.121530
	endloop
endfacet
facet normal 0.000000 1.000000 0.000000
	outer loop
		vertex -6.433503 -0.906644 -1.121530
		vertex -6.433503 -0.906644 -1.121530
		vertex -6.348729 -0.891483 -1.093548
	endloop
endfacet
facet normal 0.000000 1.000000 0.000000
	outer loop
		vertex -6.433503 -0.906644 -1.121530
		vertex -6.348729 -0.891483 -1.093548
		vertex -6.348729 -0.891483 -1.093548
	endloop
endfacet
facet normal 0.000000 1.000000 0.000000
	outer loop
		vertex -6.348729 -0.891483 -1.093548
		vertex -6.348729 -0.891483 -1.093548
		vertex -6.225324 -0.869414 -1.039832
	endloop
endfacet
facet normal 0.000000 1.000000 0.000000
	outer loop
		vertex -6.348729 -0.891483 -1.093548
		vertex -6.225324 -0.869414 -1.039832
		vertex -6.225324 -0.869414 -1.039832
	endloop
endfacet
facet normal 0.000000 1.000000 0.000000
	outer loop
		vertex -6.225324 -0.869414 -1.039832
		vertex -6.225324 -0.869414 -1.039832
		vertex -6.122486 -0.851023 -0.995068
	endloop
endfacet
facet normal 0.000000 1.000000 0.000000
	outer loop
		vertex -6.225324 -0.869414 -1.039832
		vertex -6.122486 -0.851023 -0.995068
		vertex -6.122486 -0.851023 -0.995068
	endloop
endfacet
facet normal 0.000000 1.000000 0.000000
	outer loop
		vertex -6.122486 -0.851023 -0.995068
		vertex -6.122486 -0.851023 -0.995068
		vertex -6.122486 -0.851023 -0.995068
	endloop
endfacet
facet normal 0.000000 1.000000 0.000000
	outer loop
		vertex -6.122486 -0.851023 -0.995068
		vertex -6.122486 -0.851023 -0.995068
		vertex -6.122486 -0.851023 -0.995068
	endloop
endfacet
facet normal 0.000000 1.000000 0.000000
	outer loop
		vertex -6.122486 -0.851023 -0.995068
		vertex -6.122486 -0.851023 -0.995068
		vertex -6.231584 -0.870533 -1.020259
	endloop
endfacet
facet normal 0.000000 1.000000 0.000000
	outer loop
		vertex -6.122486 -0.851023 -0.995068
		vertex -6.231584 -0.870533 -1.020259
		vertex -6.231584 -0.870533 -1.020259
	endloop
endfacet
facet normal 0.000000 1.000000 0.000000
	outer loop
		vertex -6.231584 -0.870533 -1.020259
		vertex -6.231584 -0.870533 -1.020259
		vertex -6.362501 -0.893946 -1.050488
	endloop
endfacet
facet normal 0.000000 1.000000 0.000000
	outer loop
		vertex -6.231584 -0.870533 -1.020259
		vertex -6.362501 -0.893946 -1.050488
		vertex -6.362501 -0.893946 -1.050488
	endloop
endfacet
facet normal 0.000000 1.000000 0.000000
	outer loop
		vertex -6.362501 -0.893946 -1.050488
		vertex -6.362501 -0.893946 -1.050488
		vertex -6.447276 -0.909107 -1.078470
	endloop
endfacet
facet normal 0.000000 1.000000 0.000000
	outer loop
		vertex -6.362501 -0.893946 -1.050488
		vertex -6.447276 -0.909107 -1.078470
		vertex -6.447276 -0.909107 -1.078470
	endloop
endfacet
facet normal 0.000000 1.000000 0.000000
	outer loop
		vertex -6.447276 -0.909107 -1.078470
		vertex -6.447276 -0.909107 -1.078470
		vertex -6.509479 -0.920231 -1.103763
	endloop
endfacet
facet normal 0.000000 1.000000 0.000000
	outer loop
		vertex -6.447276 -0.909107 -1.078470
		vertex -6.509479 -0.920231 -1.103763
		vertex -6.509479 -0.920231 -1.103763
	endloop
endfacet
facet normal 0.000000 1.000000 0.000000
	outer loop
		vertex -6.509479 -0.920231 -1.103763
		vertex -6.509479 -0.920231 -1.103763
		vertex -6.536396 -0.925045 -1.122168
	endloop
endfacet
facet normal 0.000000 1.000000 0.000000
	outer loop
		vertex -6.509479 -0.920231 -1.103763
		vertex -6.536396 -0.925045 -1.122168
		vertex -6.536396 -0.925045 -1.122168
	endloop
endfacet
facet normal 0.000000 1.000000 0.000000
	outer loop
		vertex -6.536396 -0.925045 -1.122168
		vertex -6.536396 -0.925045 -1.122168
		vertex -6.546357 -0.926827 -1.134977
	endloop
endfacet
facet normal 0.000000 1.000000 0.000000
	outer loop
		vertex -6.536396 -0.925045 -1.122168
		vertex -6.546357 -0.926827 -1.134977
		vertex -6.546357 -0.926827 -1.134977
	endloop
endfacet
facet normal 0.264817 0.055409 0.962705
	outer loop
		vertex -6.502855 -1.152350 -1.133963
		vertex -6.546357 -0.926827 -1.134977
		vertex -6.487833 -1.149663 -1.138250
	endloop
endfacet
facet normal 0.264810 0.055408 0.962707
	outer loop
		vertex -6.546357 -0.926827 -1.134977
		vertex -6.530887 -0.924060 -1.139392
		vertex -6.487833 -1.149663 -1.138250
	endloop
endfacet
facet normal -0.036094 -0.001830 0.999347
	outer loop
		vertex -6.487833 -1.149663 -1.138250
		vertex -6.530887 -0.924060 -1.139392
		vertex -6.456347 -1.144032 -1.137103
	endloop
endfacet
facet normal -0.036093 -0.001830 0.999347
	outer loop
		vertex -6.530887 -0.924060 -1.139392
		vertex -6.498461 -0.918261 -1.138210
		vertex -6.456347 -1.144032 -1.137103
	endloop
endfacet
facet normal -0.241743 -0.040337 0.969501
	outer loop
		vertex -6.456347 -1.144032 -1.137103
		vertex -6.498461 -0.918261 -1.138210
		vertex -6.393272 -1.132752 -1.120906
	endloop
endfacet
facet normal -0.241743 -0.040337 0.969502
	outer loop
		vertex -6.498461 -0.918261 -1.138210
		vertex -6.433503 -0.906644 -1.121530
		vertex -6.393272 -1.132752 -1.120906
	endloop
endfacet
facet normal -0.304693 -0.051588 0.951052
	outer loop
		vertex -6.393272 -1.132752 -1.120906
		vertex -6.433503 -0.906644 -1.121530
		vertex -6.310956 -1.118031 -1.093735
	endloop
endfacet
facet normal -0.304692 -0.051588 0.951053
	outer loop
		vertex -6.433503 -0.906644 -1.121530
		vertex -6.348729 -0.891483 -1.093548
		vertex -6.310956 -1.118031 -1.093735
	endloop
endfacet
facet normal -0.388382 -0.065515 0.919167
	outer loop
		vertex -6.310956 -1.118031 -1.093735
		vertex -6.348729 -0.891483 -1.093548
		vertex -6.191127 -1.096601 -1.041576
	endloop
endfacet
facet normal -0.388382 -0.065516 0.919166
	outer loop
		vertex -6.348729 -0.891483 -1.093548
		vertex -6.225324 -0.869414 -1.039832
		vertex -6.191127 -1.096601 -1.041576
	endloop
endfacet
facet normal -0.388380 -0.065515 0.919167
	outer loop
		vertex -6.191127 -1.096601 -1.041576
		vertex -6.225324 -0.869414 -1.039832
		vertex -6.091270 -1.078743 -0.998110
	endloop
endfacet
facet normal -0.388381 -0.065516 0.919167
	outer loop
		vertex -6.225324 -0.869414 -1.039832
		vertex -6.122486 -0.851023 -0.995068
		vertex -6.091270 -1.078743 -0.998110
	endloop
endfacet
facet normal 0.000000 1.000000 0.000000
	outer loop
		vertex -6.091270 -1.078743 -0.998110
		vertex -6.122486 -0.851023 -0.995068
		vertex -6.091270 -1.078743 -0.998110
	endloop
endfacet
facet normal 0.000000 1.000000 0.000000
	outer loop
		vertex -6.122486 -0.851023 -0.995068
		vertex -6.122486 -0.851023 -0.995068
		vertex -6.091270 -1.078743 -0.998110
	endloop
endfacet
facet normal 0.217496 0.042838 -0.975121
	outer loop
		vertex -6.091270 -1.078743 -0.998110
		vertex -6.122486 -0.851023 -0.995068
		vertex -6.197206 -1.097688 -1.022570
	endloop
endfacet
facet normal 0.217497 0.042838 -0.975120
	outer loop
		vertex -6.122486 -0.851023 -0.995068
		vertex -6.231584 -0.870533 -1.020259
		vertex -6.197206 -1.097688 -1.022570
	endloop
endfacet
facet normal 0.217498 0.042838 -0.975120
	outer loop
		vertex -6.197206 -1.097688 -1.022570
		vertex -6.231584 -0.870533 -1.020259
		vertex -6.324329 -1.120422 -1.051924
	endloop
endfacet
facet normal 0.217497 0.042838 -0.975121
	outer loop
		vertex -6.231584 -0.870533 -1.020259
		vertex -6.362501 -0.893946 -1.050488
		vertex -6.324329 -1.120422 -1.051924
	endloop
endfacet
facet normal 0.303687 0.057213 -0.951052
	outer loop
		vertex -6.324329 -1.120422 -1.051924
		vertex -6.362501 -0.893946 -1.050488
		vertex -6.406646 -1.135144 -1.079094
	endloop
endfacet
facet normal 0.303686 0.057213 -0.951053
	outer loop
		vertex -6.362501 -0.893946 -1.050488
		vertex -6.447276 -0.909107 -1.078470
		vertex -6.406646 -1.135144 -1.079094
	endloop
endfacet
facet normal 0.365289 0.068224 -0.928391
	outer loop
		vertex -6.406646 -1.135144 -1.079094
		vertex -6.447276 -0.909107 -1.078470
		vertex -6.467046 -1.145946 -1.103654
	endloop
endfacet
facet normal 0.365288 0.068224 -0.928391
	outer loop
		vertex -6.447276 -0.909107 -1.078470
		vertex -6.509479 -0.920231 -1.103763
		vertex -6.467046 -1.145946 -1.103654
	endloop
endfacet
facet normal 0.548871 0.102784 -0.829564
	outer loop
		vertex -6.467046 -1.145946 -1.103654
		vertex -6.509479 -0.920231 -1.103763
		vertex -6.493183 -1.150620 -1.121526
	endloop
endfacet
facet normal 0.548877 0.102784 -0.829560
	outer loop
		vertex -6.509479 -0.920231 -1.103763
		vertex -6.536396 -0.925045 -1.122168
		vertex -6.493183 -1.150620 -1.121526
	endloop
endfacet
facet normal 0.771004 0.145934 -0.619884
	outer loop
		vertex -6.493183 -1.150620 -1.121526
		vertex -6.536396 -0.925045 -1.122168
		vertex -6.502855 -1.152350 -1.133963
	endloop
endfacet
facet normal 0.770995 0.145933 -0.619895
	outer loop
		vertex -6.536396 -0.925045 -1.122168
		vertex -6.546357 -0.926827 -1.134977
		vertex -6.502855 -1.152350 -1.133963
	endloop
endfacet
facet normal 0.000000 1.000000 0.000000
	outer loop
		vertex -6.502855 -1.152350 -1.133963
		vertex -6.502855 -1.152350 -1.133963
		vertex -6.487833 -1.149663 -1.138250
	endloop
endfacet
facet normal 0.000000 1.000000 0.000000
	outer loop
		vertex -6.502855 -1.152350 -1.133963
		vertex -6.487833 -1.149663 -1.138250
		vertex -6.487833 -1.149663 -1.138250
	endloop
endfacet
facet normal 0.000000 1.000000 0.000000
	outer loop
		vertex -6.487833 -1.149663 -1.138250
		vertex -6.487833 -1.149663 -1.138250
		vertex -6.456347 -1.144032 -1.137103
	endloop
endfacet
facet normal 0.000000 1.000000 0.000000
	outer loop
		vertex -6.487833 -1.149663 -1.138250
		vertex -6.456347 -1.144032 -1.137103
		vertex -6.456347 -1.144032 -1.137103
	endloop
endfacet
facet normal 0.000000 1.000000 0.000000
	outer loop
		vertex -6.456347 -1.144032 -1.137103
		vertex -6.456347 -1.144032 -1.137103
		vertex -6.393272 -1.132752 -1.120906
	endloop
endfacet
facet normal 0.000000 1.000000 0.000000
	outer loop
		vertex -6.456347 -1.144032 -1.137103
		vertex -6.393272 -1.132752 -1.120906
		vertex -6.393272 -1.132752 -1.120906
	endloop
endfacet
facet normal 0.000000 1.000000 0.000000
	outer loop
		vertex -6.393272 -1.132752 -1.120906
		vertex -6.393272 -1.132752 -1.120906
		vertex -6.310956 -1.118031 -1.093735
	endloop
endfacet
facet normal 0.000000 1.000000 0.000000
	outer loop
		vertex -6.393272 -1.132752 -1.120906
		vertex -6.310956 -1.118031 -1.093735
		vertex -6.310956 -1.118031 -1.093735
	endloop
endfacet
facet normal 0.000000 1.000000 0.000000
	outer loop
		vertex -6.310956 -1.118031 -1.093735
		vertex -6.310956 -1.118031 -1.093735
		vertex -6.191127 -1.096601 -1.041576
	endloop
endfacet
facet normal 0.000000 1.000000 0.000000
	outer loop
		vertex -6.310956 -1.118031 -1.093735
		vertex -6.191127 -1.096601 -1.041576
		vertex -6.191127 -1.096601 -1.041576
	endloop
endfacet
facet normal 0.000000 1.000000 0.000000
	outer loop
		vertex -6.191127 -1.096601 -1.041576
		vertex -6.191127 -1.096601 -1.041576
		vertex -6.091270 -1.078743 -0.998110
	endloop
endfacet
facet normal 0.000000 1.000000 0.000000
	outer loop
		vertex -6.191127 -1.096601 -1.041576
		vertex -6.091270 -1.078743 -0.998110
		vertex -6.091270 -1.078743 -0.998110
	endloop
endfacet
facet normal 0.000000 1.000000 0.000000
	outer loop
		vertex -6.091270 -1.078743 -0.998110
		vertex -6.091270 -1.078743 -0.998110
		vertex -6.091270 -1.078743 -0.998110
	endloop
endfacet
facet normal 0.000000 1.000000 0.000000
	outer loop
		vertex -6.091270 -1.078743 -0.998110
		vertex -6.091270 -1.078743 -0.998110
		vertex -6.091270 -1.078743 -0.998110
	endloop
endfacet
facet normal 0.000000 1.000000 0.000000
	outer loop
		vertex -6.091270 -1.078743 -0.998110
		vertex -6.091270 -1.078743 -0.998110
		vertex -6.197206 -1.097688 -1.022570
	endloop
endfacet
facet normal 0.000000 1.000000 0.000000
	outer loop
		vertex -6.091270 -1.078743 -0.998110
		vertex -6.197206 -1.097688 -1.022570
		vertex -6.197206 -1.097688 -1.022570
	endloop
endfacet
facet normal 0.000000 1.000000 0.000000
	outer loop
		vertex -6.197206 -1.097688 -1.022570
		vertex -6.197206 -1.097688 -1.022570
		vertex -6.324329 -1.120422 -1.051924
	endloop
endfacet
facet normal 0.000000 1.000000 0.000000
	outer loop
		vertex -6.197206 -1.097688 -1.022570
		vertex -6.324329 -1.120422 -1.051924
		vertex -6.324329 -1.120422 -1.051924
	endloop
endfacet
facet normal 0.000000 1.000000 0.000000
	outer loop
		vertex -6.324329 -1.120422 -1.051924
		vertex -6.324329 -1.120422 -1.051924
		vertex -6.406646 -1.135144 -1.079094
	endloop
endfacet
facet normal 0.000000 1.000000 0.000000
	outer loop
		vertex -6.324329 -1.120422 -1.051924
		vertex -6.406646 -1.135144 -1.079094
		vertex -6.406646 -1.135144 -1.079094
	endloop
endfacet
facet normal 0.000000 1.000000 0.000000
	outer loop
		vertex -6.406646 -1.135144 -1.079094
		vertex -6.406646 -1.135144 -1.079094
		vertex -6.467046 -1.145946 -1.103654
	endloop
endfacet
facet normal 0.000000 1.000000 0.000000
	outer loop
		vertex -6.406646 -1.135144 -1.079094
		vertex -6.467046 -1.145946 -1.103654
		vertex -6.467046 -1.145946 -1.103654
	endloop
endfacet
facet normal 0.000000 1.000000 0.000000
	outer loop
		vertex -6.467046 -1.145946 -1.103654
		vertex -6.467046 -1.145946 -1.103654
		vertex -6.493183 -1.150620 -1.121526
	endloop
endfacet
facet normal 0.000000 1.000000 0.000000
	outer loop
		vertex -6.467046 -1.145946 -1.103654
		vertex -6.493183 -1.150620 -1.121526
		vertex -6.493183 -1.150620 -1.121526
	endloop
endfacet
facet normal 0.000000 1.000000 0.000000
	outer loop
		vertex -6.493183 -1.150620 -1.121526
		vertex -6.493183 -1.150620 -1.121526
		vertex -6.502855 -1.152350 -1.133963
	endloop
endfacet
facet normal 0.000000 1.000000 0.000000
	outer loop
		vertex -6.493183 -1.150620 -1.121526
		vertex -6.502855 -1.152350 -1.133963
		vertex -6.502855 -1.152350 -1.133963
	endloop
endfacet
facet normal 0.264803 0.055406 0.962710
	outer loop
		vertex -6.459354 -1.377873 -1.132950
		vertex -6.502855 -1.152350 -1.133963
		vertex -6.444780 -1.375266 -1.137108
	endloop
endfacet
facet normal 0.264817 0.055409 0.962705
	outer loop
		vertex -6.502855 -1.152350 -1.133963
		vertex -6.487833 -1.149663 -1.138250
		vertex -6.444780 -1.375266 -1.137108
	endloop
endfacet
facet normal -0.036096 -0.001831 0.999347
	outer loop
		vertex -6.444780 -1.375266 -1.137108
		vertex -6.487833 -1.149663 -1.138250
		vertex -6.414234 -1.369804 -1.135995
	endloop
endfacet
facet normal -0.036094 -0.001830 0.999347
	outer loop
		vertex -6.487833 -1.149663 -1.138250
		vertex -6.456347 -1.144032 -1.137103
		vertex -6.414234 -1.369804 -1.135995
	endloop
endfacet
facet normal -0.241744 -0.040337 0.969501
	outer loop
		vertex -6.414234 -1.369804 -1.135995
		vertex -6.456347 -1.144032 -1.137103
		vertex -6.353042 -1.358860 -1.120282
	endloop
endfacet
facet normal -0.241743 -0.040336 0.969501
	outer loop
		vertex -6.456347 -1.144032 -1.137103
		vertex -6.393272 -1.132752 -1.120906
		vertex -6.353042 -1.358860 -1.120282
	endloop
endfacet
facet normal -0.304691 -0.051587 0.951053
	outer loop
		vertex -6.353042 -1.358860 -1.120282
		vertex -6.393272 -1.132752 -1.120906
		vertex -6.273182 -1.344578 -1.093922
	endloop
endfacet
facet normal -0.304693 -0.051588 0.951052
	outer loop
		vertex -6.393272 -1.132752 -1.120906
		vertex -6.310956 -1.118031 -1.093735
		vertex -6.273182 -1.344578 -1.093922
	endloop
endfacet
facet normal -0.388383 -0.065516 0.919166
	outer loop
		vertex -6.273182 -1.344578 -1.093922
		vertex -6.310956 -1.118031 -1.093735
		vertex -6.156931 -1.323788 -1.043320
	endloop
endfacet
facet normal -0.388382 -0.065516 0.919167
	outer loop
		vertex -6.310956 -1.118031 -1.093735
		vertex -6.191127 -1.096601 -1.041576
		vertex -6.156931 -1.323788 -1.043320
	endloop
endfacet
facet normal -0.388382 -0.065516 0.919167
	outer loop
		vertex -6.156931 -1.323788 -1.043320
		vertex -6.191127 -1.096601 -1.041576
		vertex -6.060055 -1.306463 -1.001151
	endloop
endfacet
facet normal -0.388380 -0.065515 0.919167
	outer loop
		vertex -6.191127 -1.096601 -1.041576
		vertex -6.091270 -1.078743 -0.998110
		vertex -6.060055 -1.306463 -1.001151
	endloop
endfacet
facet normal 0.000000 1.000000 0.000000
	outer loop
		vertex -6.060055 -1.306463 -1.001151
		vertex -6.091270 -1.078743 -0.998110
		vertex -6.060055 -1.306463 -1.001151
	endloop
endfacet
facet normal 0.000000 1.000000 0.000000
	outer loop
		vertex -6.091270 -1.078743 -0.998110
		vertex -6.091270 -1.078743 -0.998110
		vertex -6.060055 -1.306463 -1.001151
	endloop
endfacet
facet normal 0.217497 0.042838 -0.975120
	outer loop
		vertex -6.060055 -1.306463 -1.001151
		vertex -6.091270 -1.078743 -0.998110
		vertex -6.162828 -1.324843 -1.024882
	endloop
endfacet
facet normal 0.217496 0.042838 -0.975121
	outer loop
		vertex -6.091270 -1.078743 -0.998110
		vertex -6.197206 -1.097688 -1.022570
		vertex -6.162828 -1.324843 -1.024882
	endloop
endfacet
facet normal 0.217497 0.042838 -0.975120
	outer loop
		vertex -6.162828 -1.324843 -1.024882
		vertex -6.197206 -1.097688 -1.022570
		vertex -6.286156 -1.346899 -1.053359
	endloop
endfacet
facet normal 0.217498 0.042838 -0.975120
	outer loop
		vertex -6.197206 -1.097688 -1.022570
		vertex -6.324329 -1.120422 -1.051924
		vertex -6.286156 -1.346899 -1.053359
	endloop
endfacet
facet normal 0.303688 0.057213 -0.951052
	outer loop
		vertex -6.286156 -1.346899 -1.053359
		vertex -6.324329 -1.120422 -1.051924
		vertex -6.366016 -1.361181 -1.079718
	endloop
endfacet
facet normal 0.303687 0.057213 -0.951052
	outer loop
		vertex -6.324329 -1.120422 -1.051924
		vertex -6.406646 -1.135144 -1.079094
		vertex -6.366016 -1.361181 -1.079718
	endloop
endfacet
facet normal 0.365288 0.068223 -0.928391
	outer loop
		vertex -6.366016 -1.361181 -1.079718
		vertex -6.406646 -1.135144 -1.079094
		vertex -6.424613 -1.371660 -1.103544
	endloop
endfacet
facet normal 0.365289 0.068223 -0.928391
	outer loop
		vertex -6.406646 -1.135144 -1.079094
		vertex -6.467046 -1.145946 -1.103654
		vertex -6.424613 -1.371660 -1.103544
	endloop
endfacet
facet normal 0.548871 0.102783 -0.829564
	outer loop
		vertex -6.424613 -1.371660 -1.103544
		vertex -6.467046 -1.145946 -1.103654
		vertex -6.449970 -1.376195 -1.120883
	endloop
endfacet
facet normal 0.548871 0.102783 -0.829564
	outer loop
		vertex -6.467046 -1.145946 -1.103654
		vertex -6.493183 -1.150620 -1.121526
		vertex -6.449970 -1.376195 -1.120883
	endloop
endfacet
facet normal 0.770998 0.145933 -0.619892
	outer loop
		vertex -6.449970 -1.376195 -1.120883
		vertex -6.493183 -1.150620 -1.121526
		vertex -6.459354 -1.377873 -1.132950
	endloop
endfacet
facet normal 0.771004 0.145933 -0.619884
	outer loop
		vertex -6.493183 -1.150620 -1.121526
		vertex -6.502855 -1.152350 -1.133963
		vertex -6.459354 -1.377873 -1.132950
	endloop
endfacet
facet normal 0.000000 1.000000 0.000000
	outer loop
		vertex -6.459354 -1.377873 -1.132950
		vertex -6.459354 -1.377873 -1.132950
		vertex -6.444780 -1.375266 -1.137108
	endloop
endfacet
facet normal 0.000000 1.000000 0.000000
	outer loop
		vertex -6.459354 -1.377873 -1.132950
		vertex -6.444780 -1.375266 -1.137108
		vertex -6.444780 -1.375266 -1.137108
	endloop
endfacet
facet normal 0.000000 1.000000 0.000000
	outer loop
		vertex -6.444780 -1.375266 -1.137108
		vertex -6.444780 -1.375266 -1.137108
		vertex -6.414234 -1.369804 -1.135995
	endloop
endfacet
facet normal 0.000000 1.000000 0.000000
	outer loop
		vertex -6.444780 -1.375266 -1.137108
		vertex -6.414234 -1.369804 -1.135995
		vertex -6.414234 -1.369804 -1.135995
	endloop
endfacet
facet normal 0.000000 1.000000 0.000000
	outer loop
		vertex -6.414234 -1.369804 -1.135995
		vertex -6.414234 -1.369804 -1.135995
		vertex -6.353042 -1.358860 -1.120282
	endloop
endfacet
facet normal 0.000000 1.000000 0.000000
	outer loop
		vertex -6.414234 -1.369804 -1.135995
		vertex -6.353042 -1.358860 -1.120282
		vertex -6.353042 -1.358860 -1.120282
	endloop
endfacet
facet normal 0.000000 1.000000 0.000000
	outer loop
		vertex -6.353042 -1.358860 -1.120282
		vertex -6.353042 -1.358860 -1.120282
		vertex -6.273182 -1.344578 -1.093922
	endloop
endfacet
facet normal 0.000000 1.000000 0.000000
	outer loop
		vertex -6.353042 -1.358860 -1.120282
		vertex -6.273182 -1.344578 -1.093922
		vertex -6.273182 -1.344578 -1.093922
	endloop
endfacet
facet normal 0.000000 1.000000 0.000000
	outer loop
		vertex -6.273182 -1.344578 -1.093922
		vertex -6.273182 -1.344578 -1.093922
		vertex -6.156931 -1.323788 -1.043320
	endloop
endfacet
facet normal 0.000000 1.000000 0.000000
	outer loop
		vertex -6.273182 -1.344578 -1.093922
		vertex -6.156931 -1.323788 -1.043320
		vertex -6.156931 -1.323788 -1.043320
	endloop
endfacet
facet normal 0.000000 1.000000 0.000000
	outer loop
		vertex -6.156931 -1.323788 -1.043320
		vertex -6.156931 -1.323788 -1.043320
		vertex -6.060055 -1.306463 -1.001151
	endloop
endfacet
facet normal 0.000000 1.000000 0.000000
	outer loop
		vertex -6.156931 -1.323788 -1.043320
		vertex -6.060055 -1.306463 -1.001151
		vertex -6.060055 -1.306463 -1.001151
	endloop
endfacet
facet normal 0.000000 1.000000 0.000000
	outer loop
		vertex -6.060055 -1.306463 -1.001151
		vertex -6.060055 -1.306463 -1.001151
		vertex -6.060055 -1.306463 -1.001151
	endloop
endfacet
facet normal 0.000000 1.000000 0.000000
	outer loop
		vertex -6.060055 -1.306463 -1.001151
		vertex -6.060055 -1.306463 -1.001151
		vertex -6.060055 -1.306463 -1.001151
	endloop
endfacet
facet normal 0.000000 1.000000 0.000000
	outer loop
		vertex -6.060055 -1.306463 -1.001151
		vertex -6.060055 -1.306463 -1.001151
		vertex -6.162828 -1.324843 -1.024882
	endloop
endfacet
facet normal 0.000000 1.000000 0.000000
	outer loop
		vertex -6.060055 -1.306463 -1.001151
		vertex -6.162828 -1.324843 -1.024882
		vertex -6.162828 -1.324843 -1.024882
	endloop
endfacet
facet normal 0.000000 1.000000 0.000000
	outer loop
		vertex -6.162828 -1.324843 -1.024882
		vertex -6.162828 -1.324843 -1.024882
		vertex -6.286156 -1.346899 -1.053359
	endloop
endfacet
facet normal 0.000000 1.000000 0.000000
	outer loop
		vertex -6.162828 -1.324843 -1.024882
		vertex -6.286156 -1.346899 -1.053359
		vertex -6.286156 -1.346899 -1.053359
	endloop
endfacet
facet normal 0.000000 1.000000 0.000000
	outer loop
		vertex -6.286156 -1.346899 -1.053359
		vertex -6.286156 -1.346899 -1.053359
		vertex -6.366016 -1.361181 -1.079718
	endloop
endfacet
facet normal 0.000000 1.000000 0.000000
	outer loop
		vertex -6.286156 -1.346899 -1.053359
		vertex -6.366016 -1.361181 -1.079718
		vertex -6.366016 -1.361181 -1.079718
	endloop
endfacet
facet normal 0.000000 1.000000 0.000000
	outer loop
		vertex -6.366016 -1.361181 -1.079718
		vertex -6.366016 -1.361181 -1.079718
		vertex -6.424613 -1.371660 -1.103544
	endloop
endfacet
facet normal 0.000000 1.000000 0.000000
	outer loop
		vertex -6.366016 -1.361181 -1.079718
		vertex -6.424613 -1.371660 -1.103544
		vertex -6.424613 -1.371660 -1.103544
	endloop
endfacet
facet normal 0.000000 1.000000 0.000000
	outer loop
		vertex -6.424613 -1.371660 -1.103544
		vertex -6.424613 -1.371660 -1.103544
		vertex -6.449970 -1.376195 -1.120883
	endloop
endfacet
facet normal 0.000000 1.000000 0.000000
	outer loop
		vertex -6.424613 -1.371660 -1.103544
		vertex -6.449970 -1.376195 -1.120883
		vertex -6.449970 -1.376195 -1.120883
	endloop
endfacet
facet normal 0.000000 1.000000 0.000000
	outer loop
		vertex -6.449970 -1.376195 -1.120883
		vertex -6.449970 -1.376195 -1.120883
		vertex -6.459354 -1.377873 -1.132950
	endloop
endfacet
facet normal 0.000000 1.000000 0.000000
	outer loop
		vertex -6.449970 -1.376195 -1.120883
		vertex -6.459354 -1.377873 -1.132950
		vertex -6.459354 -1.377873 -1.132950
	endloop
endfacet
facet normal 0.264810 0.055408 0.962707
	outer loop
		vertex -6.415852 -1.603396 -1.131936
		vertex -6.459354 -1.377873 -1.132950
		vertex -6.401727 -1.600870 -1.135967
	endloop
endfacet
facet normal 0.264802 0.055406 0.962710
	outer loop
		vertex -6.459354 -1.377873 -1.132950
		vertex -6.444780 -1.375266 -1.137108
		vertex -6.401727 -1.600870 -1.135967
	endloop
endfacet
facet normal -0.036093 -0.001830 0.999347
	outer loop
		vertex -6.401727 -1.600870 -1.135967
		vertex -6.444780 -1.375266 -1.137108
		vertex -6.372121 -1.595575 -1.134888
	endloop
endfacet
facet normal -0.036096 -0.001831 0.999347
	outer loop
		vertex -6.444780 -1.375266 -1.137108
		vertex -6.414234 -1.369804 -1.135995
		vertex -6.372121 -1.595575 -1.134888
	endloop
endfacet
facet normal -0.241744 -0.040337 0.969501
	outer loop
		vertex -6.372121 -1.595575 -1.134888
		vertex -6.414234 -1.369804 -1.135995
		vertex -6.312811 -1.584968 -1.119658
	endloop
endfacet
facet normal -0.241744 -0.040337 0.969501
	outer loop
		vertex -6.414234 -1.369804 -1.135995
		vertex -6.353042 -1.358860 -1.120282
		vertex -6.312811 -1.584968 -1.119658
	endloop
endfacet
facet normal -0.304692 -0.051588 0.951053
	outer loop
		vertex -6.312811 -1.584968 -1.119658
		vertex -6.353042 -1.358860 -1.120282
		vertex -6.235409 -1.571126 -1.094109
	endloop
endfacet
facet normal -0.304691 -0.051588 0.951053
	outer loop
		vertex -6.353042 -1.358860 -1.120282
		vertex -6.273182 -1.344578 -1.093922
		vertex -6.235409 -1.571126 -1.094109
	endloop
endfacet
facet normal -0.388382 -0.065515 0.919167
	outer loop
		vertex -6.235409 -1.571126 -1.094109
		vertex -6.273182 -1.344578 -1.093922
		vertex -6.122735 -1.550975 -1.045064
	endloop
endfacet
facet normal -0.388383 -0.065516 0.919166
	outer loop
		vertex -6.273182 -1.344578 -1.093922
		vertex -6.156931 -1.323788 -1.043320
		vertex -6.122735 -1.550975 -1.045064
	endloop
endfacet
facet normal -0.388382 -0.065516 0.919167
	outer loop
		vertex -6.122735 -1.550975 -1.045064
		vertex -6.156931 -1.323788 -1.043320
		vertex -6.028839 -1.534183 -1.004193
	endloop
endfacet
facet normal -0.388382 -0.065516 0.919167
	outer loop
		vertex -6.156931 -1.323788 -1.043320
		vertex -6.060055 -1.306463 -1.001151
		vertex -6.028839 -1.534183 -1.004193
	endloop
endfacet
facet normal 0.000000 1.000000 0.000000
	outer loop
		vertex -6.028839 -1.534183 -1.004193
		vertex -6.060055 -1.306463 -1.001151
		vertex -6.028839 -1.534183 -1.004193
	endloop
endfacet
facet normal 0.000000 1.000000 0.000000
	outer loop
		vertex -6.060055 -1.306463 -1.001151
		vertex -6.060055 -1.306463 -1.001151
		vertex -6.028839 -1.534183 -1.004193
	endloop
endfacet
facet normal 0.217497 0.042838 -0.975121
	outer loop
		vertex -6.028839 -1.534183 -1.004193
		vertex -6.060055 -1.306463 -1.001151
		vertex -6.128450 -1.551998 -1.027193
	endloop
endfacet
facet normal 0.217497 0.042838 -0.975120
	outer loop
		vertex -6.060055 -1.306463 -1.001151
		vertex -6.162828 -1.324843 -1.024882
		vertex -6.128450 -1.551998 -1.027193
	endloop
endfacet
facet normal 0.217498 0.042838 -0.975120
	outer loop
		vertex -6.128450 -1.551998 -1.027193
		vertex -6.162828 -1.324843 -1.024882
		vertex -6.247983 -1.573375 -1.054794
	endloop
endfacet
facet normal 0.217497 0.042839 -0.975120
	outer loop
		vertex -6.162828 -1.324843 -1.024882
		vertex -6.286156 -1.346899 -1.053359
		vertex -6.247983 -1.573375 -1.054794
	endloop
endfacet
facet normal 0.303687 0.057213 -0.951052
	outer loop
		vertex -6.247983 -1.573375 -1.054794
		vertex -6.286156 -1.346899 -1.053359
		vertex -6.325386 -1.587217 -1.080342
	endloop
endfacet
facet normal 0.303688 0.057213 -0.951052
	outer loop
		vertex -6.286156 -1.346899 -1.053359
		vertex -6.366016 -1.361181 -1.079718
		vertex -6.325386 -1.587217 -1.080342
	endloop
endfacet
facet normal 0.365288 0.068223 -0.928391
	outer loop
		vertex -6.325386 -1.587217 -1.080342
		vertex -6.366016 -1.361181 -1.079718
		vertex -6.382181 -1.597374 -1.103435
	endloop
endfacet
facet normal 0.365288 0.068223 -0.928391
	outer loop
		vertex -6.366016 -1.361181 -1.079718
		vertex -6.424613 -1.371660 -1.103544
		vertex -6.382181 -1.597374 -1.103435
	endloop
endfacet
facet normal 0.548877 0.102784 -0.829560
	outer loop
		vertex -6.382181 -1.597374 -1.103435
		vertex -6.424613 -1.371660 -1.103544
		vertex -6.406756 -1.601769 -1.120240
	endloop
endfacet
facet normal 0.548871 0.102784 -0.829564
	outer loop
		vertex -6.424613 -1.371660 -1.103544
		vertex -6.449970 -1.376195 -1.120883
		vertex -6.406756 -1.601769 -1.120240
	endloop
endfacet
facet normal 0.770988 0.145932 -0.619905
	outer loop
		vertex -6.406756 -1.601769 -1.120240
		vertex -6.449970 -1.376195 -1.120883
		vertex -6.415852 -1.603396 -1.131936
	endloop
endfacet
facet normal 0.770997 0.145933 -0.619892
	outer loop
		vertex -6.449970 -1.376195 -1.120883
		vertex -6.459354 -1.377873 -1.132950
		vertex -6.415852 -1.603396 -1.131936
	endloop
endfacet
facet normal 0.000000 1.000000 0.000000
	outer loop
		vertex -6.415852 -1.603396 -1.131936
		vertex -6.415852 -1.603396 -1.131936
		vertex -6.401727 -1.600870 -1.135967
	endloop
endfacet
facet normal 0.000000 1.000000 0.000000
	outer loop
		vertex -6.415852 -1.603396 -1.131936
		vertex -6.401727 -1.600870 -1.135967
		vertex -6.401727 -1.600870 -1.135967
	endloop
endfacet
facet normal 0.000000 1.000000 0.000000
	outer loop
		vertex -6.401727 -1.600870 -1.135967
		vertex -6.401727 -1.600870 -1.135967
		vertex -6.372121 -1.595575 -1.134888
	endloop
endfacet
facet normal 0.000000 1.000000 0.000000
	outer loop
		vertex -6.401727 -1.600870 -1.135967
		vertex -6.372121 -1.595575 -1.134888
		vertex -6.372121 -1.595575 -1.134888
	endloop
endfacet
facet normal 0.000000 1.000000 0.000000
	outer loop
		vertex -6.372121 -1.595575 -1.134888
		vertex -6.372121 -1.595575 -1.134888
		vertex -6.312811 -1.584968 -1.119658
	endloop
endfacet
facet normal 0.000000 1.000000 0.000000
	outer loop
		vertex -6.372121 -1.595575 -1.134888
		vertex -6.312811 -1.584968 -1.119658
		vertex -6.312811 -1.584968 -1.119658
	endloop
endfacet
facet normal 0.000000 1.000000 0.000000
	outer loop
		vertex -6.312811 -1.584968 -1.119658
		vertex -6.312811 -1.584968 -1.119658
		vertex -6.235409 -1.571126 -1.094109
	endloop
endfacet
facet normal 0.000000 1.000000 0.000000
	outer loop
		vertex -6.312811 -1.584968 -1.119658
		vertex -6.235409 -1.571126 -1.094109
		vertex -6.235409 -1.571126 -1.094109
	endloop
endfacet
facet normal 0.000000 1.000000 0.000000
	outer loop
		vertex -6.235409 -1.571126 -1.094109
		vertex -6.235409 -1.571126 -1.094109
		vertex -6.122735 -1.550975 -1.045064
	endloop
endfacet
facet normal 0.000000 1.000000 0.000000
	outer loop
		vertex -6.235409 -1.571126 -1.094109
		vertex -6.122735 -1.550975 -1.045064
		vertex -6.122735 -1.550975 -1.045064
	endloop
endfacet
facet normal 0.000000 1.000000 0.000000
	outer loop
		vertex -6.122735 -1.550975 -1.045064
		vertex -6.122735 -1.550975 -1.045064
		vertex -6.028839 -1.534183 -1.004193
	endloop
endfacet
facet normal 0.000000 1.000000 0.000000
	outer loop
		vertex -6.122735 -1.550975 -1.045064
		vertex -6.028839 -1.534183 -1.004193
		vertex -6.028839 -1.534183 -1.004193
	endloop
endfacet
facet normal 0.000000 1.000000 0.000000
	outer loop
		vertex -6.028839 -1.534183 -1.004193
		vertex -6.028839 -1.534183 -1.004193
		vertex -6.028839 -1.534183 -1.004193
	endloop
endfacet
facet normal 0.000000 1.000000 0.000000
	outer loop
		vertex -6.028839 -1.534183 -1.004193
		vertex -6.028839 -1.534183 -1.004193
		vertex -6.028839 -1.534183 -1.004193
	endloop
endfacet
facet normal 0.000000 1.000000 0.000000
	outer loop
		vertex -6.028839 -1.534183 -1.004193
		vertex -6.028839 -1.534183 -1.004193
		vertex -6.128450 -1.551998 -1.027193
	endloop
endfacet
facet normal 0.000000 1.000000 0.000000
	outer loop
		vertex -6.028839 -1.534183 -1.004193
		vertex -6.128450 -1.551998 -1.027193
		vertex -6.128450 -1.551998 -1.027193
	endloop
endfacet
facet normal 0.000000 1.000000 0.000000
	outer loop
		vertex -6.128450 -1.551998 -1.027193
		vertex -6.128450 -1.551998 -1.027193
		vertex -6.247983 -1.573375 -1.054794
	endloop
endfacet
facet normal 0.000000 1.000000 0.000000
	outer loop
		vertex -6.128450 -1.551998 -1.027193
		vertex -6.247983 -1.573375 -1.054794
		vertex -6.247983 -1.573375 -1.054794
	endloop
endfacet
facet normal 0.000000 1.000000 0.000000
	outer loop
		vertex -6.247983 -1.573375 -1.054794
		vertex -6.247983 -1.573375 -1.054794
		vertex -6.325386 -1.587217 -1.080342
	endloop
endfacet
facet normal 0.000000 1.000000 0.000000
	outer loop
		vertex -6.247983 -1.573375 -1.054794
		vertex -6.325386 -1.587217 -1.080342
		vertex -6.325386 -1.587217 -1.080342
	endloop
endfacet
facet normal 0.000000 1.000000 0.000000
	outer loop
		vertex -6.325386 -1.587217 -1.080342
		vertex -6.325386 -1.587217 -1.080342
		vertex -6.382181 -1.597374 -1.103435
	endloop
endfacet
facet normal 0.000000 1.000000 0.000000
	outer loop
		vertex -6.325386 -1.587217 -1.080342
		vertex -6.382181 -1.597374 -1.103435
		vertex -6.382181 -1.597374 -1.103435
	endloop
endfacet
facet normal 0.000000 1.000000 0.000000
	outer loop
		vertex -6.382181 -1.597374 -1.103435
		vertex -6.382181 -1.597374 -1.103435
		vertex -6.406756 -1.601769 -1.120240
	endloop
endfacet
facet normal 0.000000 1.000000 0.000000
	outer loop
		vertex -6.382181 -1.597374 -1.103435
		vertex -6.406756 -1.601769 -1.120240
		vertex -6.406756 -1.601769 -1.120240
	endloop
endfacet
facet normal 0.000000 1.000000 0.000000
	outer loop
		vertex -6.406756 -1.601769 -1.120240
		vertex -6.406756 -1.601769 -1.120240
		vertex -6.415852 -1.603396 -1.131936
	endloop
endfacet
facet normal 0.000000 1.000000 0.000000
	outer loop
		vertex -6.406756 -1.601769 -1.120240
		vertex -6.415852 -1.603396 -1.131936
		vertex -6.415852 -1.603396 -1.131936
	endloop
endfacet
facet normal 0.264811 0.055408 0.962707
	outer loop
		vertex -6.372350 -1.828919 -1.130922
		vertex -6.415852 -1.603396 -1.131936
		vertex -6.358674 -1.826473 -1.134825
	endloop
endfacet
facet normal 0.264810 0.055408 0.962707
	outer loop
		vertex -6.415852 -1.603396 -1.131936
		vertex -6.401727 -1.600870 -1.135967
		vertex -6.358674 -1.826473 -1.134825
	endloop
endfacet
facet normal -0.036091 -0.001829 0.999347
	outer loop
		vertex -6.358674 -1.826473 -1.134825
		vertex -6.401727 -1.600870 -1.135967
		vertex -6.330008 -1.821346 -1.133780
	endloop
endfacet
facet normal -0.036093 -0.001830 0.999347
	outer loop
		vertex -6.401727 -1.600870 -1.135967
		vertex -6.372121 -1.595575 -1.134888
		vertex -6.330008 -1.821346 -1.133780
	endloop
endfacet
facet normal -0.241743 -0.040336 0.969502
	outer loop
		vertex -6.330008 -1.821346 -1.133780
		vertex -6.372121 -1.595575 -1.134888
		vertex -6.272581 -1.811076 -1.119034
	endloop
endfacet
facet normal -0.241744 -0.040337 0.969501
	outer loop
		vertex -6.372121 -1.595575 -1.134888
		vertex -6.312811 -1.584968 -1.119658
		vertex -6.272581 -1.811076 -1.119034
	endloop
endfacet
facet normal -0.304693 -0.051588 0.951053
	outer loop
		vertex -6.272581 -1.811076 -1.119034
		vertex -6.312811 -1.584968 -1.119658
		vertex -6.197636 -1.797673 -1.094296
	endloop
endfacet
facet normal -0.304692 -0.051588 0.951053
	outer loop
		vertex -6.312811 -1.584968 -1.119658
		vertex -6.235409 -1.571126 -1.094109
		vertex -6.197636 -1.797673 -1.094296
	endloop
endfacet
facet normal -0.388382 -0.065515 0.919167
	outer loop
		vertex -6.197636 -1.797673 -1.094296
		vertex -6.235409 -1.571126 -1.094109
		vertex -6.088538 -1.778163 -1.046808
	endloop
endfacet
facet normal -0.388382 -0.065516 0.919166
	outer loop
		vertex -6.235409 -1.571126 -1.094109
		vertex -6.122735 -1.550975 -1.045064
		vertex -6.088538 -1.778163 -1.046808
	endloop
endfacet
facet normal -0.388381 -0.065516 0.919167
	outer loop
		vertex -6.088538 -1.778163 -1.046808
		vertex -6.122735 -1.550975 -1.045064
		vertex -5.997623 -1.761904 -1.007234
	endloop
endfacet
facet normal -0.388382 -0.065516 0.919167
	outer loop
		vertex -6.122735 -1.550975 -1.045064
		vertex -6.028839 -1.534183 -1.004193
		vertex -5.997623 -1.761904 -1.007234
	endloop
endfacet
facet normal 0.000000 1.000000 0.000000
	outer loop
		vertex -5.997623 -1.761904 -1.007234
		vertex -6.028839 -1.534183 -1.004193
		vertex -5.997623 -1.761904 -1.007234
	endloop
endfacet
facet normal 0.000000 1.000000 0.000000
	outer loop
		vertex -6.028839 -1.534183 -1.004193
		vertex -6.028839 -1.534183 -1.004193
		vertex -5.997623 -1.761904 -1.007234
	endloop
endfacet
facet normal 0.217497 0.042838 -0.975120
	outer loop
		vertex -5.997623 -1.761904 -1.007234
		vertex -6.028839 -1.534183 -1.004193
		vertex -6.094072 -1.779152 -1.029504
	endloop
endfacet
facet normal 0.217496 0.042838 -0.975121
	outer loop
		vertex -6.028839 -1.534183 -1.004193
		vertex -6.128450 -1.551998 -1.027193
		vertex -6.094072 -1.779152 -1.029504
	endloop
endfacet
facet normal 0.217497 0.042839 -0.975120
	outer loop
		vertex -6.094072 -1.779152 -1.029504
		vertex -6.128450 -1.551998 -1.027193
		vertex -6.209811 -1.799851 -1.056229
	endloop
endfacet
facet normal 0.217498 0.042838 -0.975120
	outer loop
		vertex -6.128450 -1.551998 -1.027193
		vertex -6.247983 -1.573375 -1.054794
		vertex -6.209811 -1.799851 -1.056229
	endloop
endfacet
facet normal 0.303687 0.057213 -0.951053
	outer loop
		vertex -6.209811 -1.799851 -1.056229
		vertex -6.247983 -1.573375 -1.054794
		vertex -6.284757 -1.813254 -1.080966
	endloop
endfacet
facet normal 0.303687 0.057213 -0.951052
	outer loop
		vertex -6.247983 -1.573375 -1.054794
		vertex -6.325386 -1.587217 -1.080342
		vertex -6.284757 -1.813254 -1.080966
	endloop
endfacet
facet normal 0.365290 0.068223 -0.928391
	outer loop
		vertex -6.284757 -1.813254 -1.080966
		vertex -6.325386 -1.587217 -1.080342
		vertex -6.339748 -1.823088 -1.103326
	endloop
endfacet
facet normal 0.365288 0.068223 -0.928391
	outer loop
		vertex -6.325386 -1.587217 -1.080342
		vertex -6.382181 -1.597374 -1.103435
		vertex -6.339748 -1.823088 -1.103326
	endloop
endfacet
facet normal 0.548877 0.102784 -0.829560
	outer loop
		vertex -6.339748 -1.823088 -1.103326
		vertex -6.382181 -1.597374 -1.103435
		vertex -6.363544 -1.827344 -1.119598
	endloop
endfacet
facet normal 0.548877 0.102784 -0.829560
	outer loop
		vertex -6.382181 -1.597374 -1.103435
		vertex -6.406756 -1.601769 -1.120240
		vertex -6.363544 -1.827344 -1.119598
	endloop
endfacet
facet normal 0.770993 0.145932 -0.619898
	outer loop
		vertex -6.363544 -1.827344 -1.119598
		vertex -6.406756 -1.601769 -1.120240
		vertex -6.372350 -1.828919 -1.130922
	endloop
endfacet
facet normal 0.770988 0.145931 -0.619905
	outer loop
		vertex -6.406756 -1.601769 -1.120240
		vertex -6.415852 -1.603396 -1.131936
		vertex -6.372350 -1.828919 -1.130922
	endloop
endfacet
facet normal 0.000000 1.000000 0.000000
	outer loop
		vertex -6.372350 -1.828919 -1.130922
		vertex -6.372350 -1.828919 -1.130922
		vertex -6.358674 -1.826473 -1.134825
	endloop
endfacet
facet normal 0.000000 1.000000 0.000000
	outer loop
		vertex -6.372350 -1.828919 -1.130922
		vertex -6.358674 -1.826473 -1.134825
		vertex -6.358674 -1.826473 -1.134825
	endloop
endfacet
facet normal 0.000000 1.000000 0.000000
	outer loop
		vertex -6.358674 -1.826473 -1.134825
		vertex -6.358674 -1.826473 -1.134825
		vertex -6.330008 -1.821346 -1.133780
	endloop
endfacet
facet normal 0.000000 1.000000 0.000000
	outer loop
		vertex -6.358674 -1.826473 -1.134825
		vertex -6.330008 -1.821346 -1.133780
		vertex -6.330008 -1.821346 -1.133780
	endloop
endfacet
facet normal 0.000000 1.000000 0.000000
	outer loop
		vertex -6.330008 -1.821346 -1.133780
		vertex -6.330008 -1.821346 -1.133780
		vertex -6.272581 -1.811076 -1.119034
	endloop
endfacet
facet normal 0.000000 1.000000 0.000000
	outer loop
		vertex -6.330008 -1.821346 -1.133780
		vertex -6.272581 -1.811076 -1.119034
		vertex -6.272581 -1.811076 -1.119034
	endloop
endfacet
facet normal 0.000000 1.000000 0.000000
	outer loop
		vertex -6.272581 -1.811076 -1.119034
		vertex -6.272581 -1.811076 -1.119034
		vertex -6.197636 -1.797673 -1.094296
	endloop
endfacet
facet normal 0.000000 1.000000 0.000000
	outer loop
		vertex -6.272581 -1.811076 -1.119034
		vertex -6.197636 -1.797673 -1.094296
		vertex -6.197636 -1.797673 -1.094296
	endloop
endfacet
facet normal 0.000000 1.000000 0.000000
	outer loop
		vertex -6.197636 -1.797673 -1.094296
		vertex -6.197636 -1.797673 -1.094296
		vertex -6.088538 -1.778163 -1.046808
	endloop
endfacet
facet normal 0.000000 1.000000 0.000000
	outer loop
		vertex -6.197636 -1.797673 -1.094296
		vertex -6.088538 -1.778163 -1.046808
		vertex -6.088538 -1.778163 -1.046808
	endloop
endfacet
facet normal 0.000000 1.000000 0.000000
	outer loop
		vertex -6.088538 -1.778163 -1.046808
		vertex -6.088538 -1.778163 -1.046808
		vertex -5.997623 -1.761904 -1.007234
	endloop
endfacet
facet normal 0.000000 1.000000 0.000000
	outer loop
		vertex -6.088538 -1.778163 -1.046808
		vertex -5.997623 -1.761904 -1.007234
		vertex -5.997623 -1.761904 -1.007234
	endloop
endfacet
facet normal 0.000000 1.000000 0.000000
	outer loop
		vertex -5.997623 -1.761904 -1.007234
		vertex -5.997623 -1.761904 -1.007234
		vertex -5.997623 -1.761904 -1.007234
	endloop
endfacet
facet normal 0.000000 1.000000 0.000000
	outer loop
		vertex -5.997623 -1.761904 -1.007234
		vertex -5.997623 -1.761904 -1.007234
		vertex -5.997623 -1.761904 -1.007234
	endloop
endfacet
facet normal 0.000000 1.000000 0.000000
	outer loop
		vertex -5.997623 -1.761904 -1.007234
		vertex -5.997623 -1.761904 -1.007234
		vertex -6.094072 -1.779152 -1.029504
	endloop
endfacet
facet normal 0.000000 1.000000 0.000000
	outer loop
		vertex -5.997623 -1.761904 -1.007234
		vertex -6.094072 -1.779152 -1.029504
		vertex -6.094072 -1.779152 -1.029504
	endloop
endfacet
facet normal 0.000000 1.000000 0.000000
	outer loop
		vertex -6.094072 -1.779152 -1.029504
		vertex -6.094072 -1.779152 -1.029504
		vertex -6.209811 -1.799851 -1.056229
	endloop
endfacet
facet normal 0.000000 1.000000 0.000000
	outer loop
		vertex -6.094072 -1.779152 -1.029504
		vertex -6.209811 -1.799851 -1.056229
		vertex -6.209811 -1.799851 -1.056229
	endloop
endfacet
facet normal 0.000000 1.000000 0.000000
	outer loop
		vertex -6.209811 -1.799851 -1.056229
		vertex -6.209811 -1.799851 -1.056229
		vertex -6.284757 -1.813254 -1.080966
	endloop
endfacet
facet normal 0.000000 1.000000 0.000000
	outer loop
		vertex -6.209811 -1.799851 -1.056229
		vertex -6.284757 -1.813254 -1.080966
		vertex -6.284757 -1.813254 -1.080966
	endloop
endfacet
facet normal 0.000000 1.000000 0.000000
	outer loop
		vertex -6.284757 -1.813254 -1.080966
		vertex -6.284757 -1.813254 -1.080966
		vertex -6.339748 -1.823088 -1.103326
	endloop
endfacet
facet normal 0.000000 1.000000 0.000000
	outer loop
		vertex -6.284757 -1.813254 -1.080966
		vertex -6.339748 -1.823088 -1.103326
		vertex -6.339748 -1.823088 -1.103326
	endloop
endfacet
facet normal 0.000000 1.000000 0.000000
	outer loop
		vertex -6.339748 -1.823088 -1.103326
		vertex -6.339748 -1.823088 -1.103326
		vertex -6.363544 -1.827344 -1.119598
	endloop
endfacet
facet normal 0.000000 1.000000 0.000000
	outer loop
		vertex -6.339748 -1.823088 -1.103326
		vertex -6.363544 -1.827344 -1.119598
		vertex -6.363544 -1.827344 -1.119598
	endloop
endfacet
facet normal 0.000000 1.000000 0.000000
	outer loop
		vertex -6.363544 -1.827344 -1.119598
		vertex -6.363544 -1.827344 -1.119598
		vertex -6.372350 -1.828919 -1.130922
	endloop
endfacet
facet normal 0.000000 1.000000 0.000000
	outer loop
		vertex -6.363544 -1.827344 -1.119598
		vertex -6.372350 -1.828919 -1.130922
		vertex -6.372350 -1.828919 -1.130922
	endloop
endfacet
facet normal 0.264795 0.055404 0.962712
	outer loop
		vertex -6.328849 -2.054442 -1.129908
		vertex -6.372350 -1.828919 -1.130922
		vertex -6.315620 -2.052076 -1.133683
	endloop
endfacet
facet normal 0.264811 0.055408 0.962707
	outer loop
		vertex -6.372350 -1.828919 -1.130922
		vertex -6.358674 -1.826473 -1.134825
		vertex -6.315620 -2.052076 -1.133683
	endloop
endfacet
facet normal -0.036092 -0.001830 0.999347
	outer loop
		vertex -6.315620 -2.052076 -1.133683
		vertex -6.358674 -1.826473 -1.134825
		vertex -6.287894 -2.047117 -1.132673
	endloop
endfacet
facet normal -0.036090 -0.001829 0.999347
	outer loop
		vertex -6.358674 -1.826473 -1.134825
		vertex -6.330008 -1.821346 -1.133780
		vertex -6.287894 -2.047117 -1.132673
	endloop
endfacet
facet normal -0.241741 -0.040336 0.969502
	outer loop
		vertex -6.287894 -2.047117 -1.132673
		vertex -6.330008 -1.821346 -1.133780
		vertex -6.232350 -2.037184 -1.118410
	endloop
endfacet
facet normal -0.241743 -0.040337 0.969502
	outer loop
		vertex -6.330008 -1.821346 -1.133780
		vertex -6.272581 -1.811076 -1.119034
		vertex -6.232350 -2.037184 -1.118410
	endloop
endfacet
facet normal -0.304693 -0.051588 0.951052
	outer loop
		vertex -6.232350 -2.037184 -1.118410
		vertex -6.272581 -1.811076 -1.119034
		vertex -6.159862 -2.024221 -1.094483
	endloop
endfacet
facet normal -0.304693 -0.051588 0.951052
	outer loop
		vertex -6.272581 -1.811076 -1.119034
		vertex -6.197636 -1.797673 -1.094296
		vertex -6.159862 -2.024221 -1.094483
	endloop
endfacet
facet normal -0.388381 -0.065515 0.919167
	outer loop
		vertex -6.159862 -2.024221 -1.094483
		vertex -6.197636 -1.797673 -1.094296
		vertex -6.054341 -2.005350 -1.048552
	endloop
endfacet
facet normal -0.388381 -0.065516 0.919167
	outer loop
		vertex -6.197636 -1.797673 -1.094296
		vertex -6.088538 -1.778163 -1.046808
		vertex -6.054341 -2.005350 -1.048552
	endloop
endfacet
facet normal -0.388382 -0.065516 0.919167
	outer loop
		vertex -6.054341 -2.005350 -1.048552
		vertex -6.088538 -1.778163 -1.046808
		vertex -5.966408 -1.989624 -1.010276
	endloop
endfacet
facet normal -0.388381 -0.065516 0.919167
	outer loop
		vertex -6.088538 -1.778163 -1.046808
		vertex -5.997623 -1.761904 -1.007234
		vertex -5.966408 -1.989624 -1.010276
	endloop
endfacet
facet normal 0.000000 1.000000 0.000000
	outer loop
		vertex -5.966408 -1.989624 -1.010276
		vertex -5.997623 -1.761904 -1.007234
		vertex -5.966408 -1.989624 -1.010276
	endloop
endfacet
facet normal 0.000000 1.000000 0.000000
	outer loop
		vertex -5.997623 -1.761904 -1.007234
		vertex -5.997623 -1.761904 -1.007234
		vertex -5.966408 -1.989624 -1.010276
	endloop
endfacet
facet normal 0.217497 0.042838 -0.975120
	outer loop
		vertex -5.966408 -1.989624 -1.010276
		vertex -5.997623 -1.761904 -1.007234
		vertex -6.059694 -2.006307 -1.031816
	endloop
endfacet
facet normal 0.217497 0.042839 -0.975120
	outer loop
		vertex -5.997623 -1.761904 -1.007234
		vertex -6.094072 -1.779152 -1.029504
		vertex -6.059694 -2.006307 -1.031816
	endloop
endfacet
facet normal 0.217496 0.042838 -0.975121
	outer loop
		vertex -6.059694 -2.006307 -1.031816
		vertex -6.094072 -1.779152 -1.029504
		vertex -6.171638 -2.026327 -1.057664
	endloop
endfacet
facet normal 0.217497 0.042838 -0.975120
	outer loop
		vertex -6.094072 -1.779152 -1.029504
		vertex -6.209811 -1.799851 -1.056229
		vertex -6.171638 -2.026327 -1.057664
	endloop
endfacet
facet normal 0.303686 0.057213 -0.951053
	outer loop
		vertex -6.171638 -2.026327 -1.057664
		vertex -6.209811 -1.799851 -1.056229
		vertex -6.244127 -2.039290 -1.081590
	endloop
endfacet
facet normal 0.303687 0.057213 -0.951053
	outer loop
		vertex -6.209811 -1.799851 -1.056229
		vertex -6.284757 -1.813254 -1.080966
		vertex -6.244127 -2.039290 -1.081590
	endloop
endfacet
facet normal 0.365290 0.068223 -0.928390
	outer loop
		vertex -6.244127 -2.039290 -1.081590
		vertex -6.284757 -1.813254 -1.080966
		vertex -6.297315 -2.048802 -1.103217
	endloop
endfacet
facet normal 0.365290 0.068223 -0.928391
	outer loop
		vertex -6.284757 -1.813254 -1.080966
		vertex -6.339748 -1.823088 -1.103326
		vertex -6.297315 -2.048802 -1.103217
	endloop
endfacet
facet normal 0.548876 0.102784 -0.829560
	outer loop
		vertex -6.297315 -2.048802 -1.103217
		vertex -6.339748 -1.823088 -1.103326
		vertex -6.320331 -2.052918 -1.118955
	endloop
endfacet
facet normal 0.548877 0.102784 -0.829560
	outer loop
		vertex -6.339748 -1.823088 -1.103326
		vertex -6.363544 -1.827344 -1.119598
		vertex -6.320331 -2.052918 -1.118955
	endloop
endfacet
facet normal 0.770987 0.145931 -0.619906
	outer loop
		vertex -6.320331 -2.052918 -1.118955
		vertex -6.363544 -1.827344 -1.119598
		vertex -6.328849 -2.054442 -1.129908
	endloop
endfacet
facet normal 0.770993 0.145931 -0.619898
	outer loop
		vertex -6.363544 -1.827344 -1.119598
		vertex -6.372350 -1.828919 -1.130922
		vertex -6.328849 -2.054442 -1.129908
	endloop
endfacet
facet normal 0.000000 1.000000 0.000000
	outer loop
		vertex -6.328849 -2.054442 -1.129908
		vertex -6.328849 -2.054442 -1.129908
		vertex -6.315620 -2.052076 -1.133683
	endloop
endfacet
facet normal 0.000000 1.000000 0.000000
	outer loop
		vertex -6.328849 -2.054442 -1.129908
		vertex -6.315620 -2.052076 -1.133683
		vertex -6.315620 -2.052076 -1.133683
	endloop
endfacet
facet normal 0.000000 1.000000 0.000000
	outer loop
		vertex -6.315620 -2.052076 -1.133683
		vertex -6.315620 -2.052076 -1.133683
		vertex -6.287894 -2.047117 -1.132673
	endloop
endfacet
facet normal 0.000000 1.000000 0.000000
	outer loop
		vertex -6.315620 -2.052076 -1.133683
		vertex -6.287894 -2.047117 -1.132673
		vertex -6.287894 -2.047117 -1.132673
	endloop
endfacet
facet normal 0.000000 1.000000 0.000000
	outer loop
		vertex -6.287894 -2.047117 -1.132673
		vertex -6.287894 -2.047117 -1.132673
		vertex -6.232350 -2.037184 -1.118410
	endloop
endfacet
facet normal 0.000000 1.000000 0.000000
	outer loop
		vertex -6.287894 -2.047117 -1.132673
		vertex -6.232350 -2.037184 -1.118410
		vertex -6.232350 -2.037184 -1.118410
	endloop
endfacet
facet normal 0.000000 1.000000 0.000000
	outer loop
		vertex -6.232350 -2.037184 -1.118410
		vertex -6.232350 -2.037184 -1.118410
		vertex -6.159862 -2.024221 -1.094483
	endloop
endfacet
facet normal 0.000000 1.000000 0.000000
	outer loop
		vertex -6.232350 -2.037184 -1.118410
		vertex -6.159862 -2.024221 -1.094483
		vertex -6.159862 -2.024221 -1.094483
	endloop
endfacet
facet normal 0.000000 1.000000 0.000000
	outer loop
		vertex -6.159862 -2.024221 -1.094483
		vertex -6.159862 -2.024221 -1.094483
		vertex -6.054341 -2.005350 -1.048552
	endloop
endfacet
facet normal 0.000000 1.000000 0.000000
	outer loop
		vertex -6.159862 -2.024221 -1.094483
		vertex -6.054341 -2.005350 -1.048552
		vertex -6.054341 -2.005350 -1.048552
	endloop
endfacet
facet normal 0.000000 1.000000 0.000000
	outer loop
		vertex -6.054341 -2.005350 -1.048552
		vertex -6.054341 -2.005350 -1.048552
		vertex -5.966408 -1.989624 -1.010276
	endloop
endfacet
facet normal 0.000000 1.000000 0.000000
	outer loop
		vertex -6.054341 -2.005350 -1.048552
		vertex -5.966408 -1.989624 -1.010276
		vertex -5.966408 -1.989624 -1.010276
	endloop
endfacet
facet normal 0.000000 1.000000 0.000000
	outer loop
		vertex -5.966408 -1.989624 -1.010276
		vertex -5.966408 -1.989624 -1.010276
		vertex -5.966408 -1.989624 -1.010276
	endloop
endfacet
facet normal 0.000000 1.000000 0.000000
	outer loop
		vertex -5.966408 -1.989624 -1.010276
		vertex -5.966408 -1.989624 -1.010276
		vertex -5.966408 -1.989624 -1.010276
	endloop
endfacet
facet normal 0.000000 1.000000 0.000000
	outer loop
		vertex -5.966408 -1.989624 -1.010276
		vertex -5.966408 -1.989624 -1.010276
		vertex -6.059694 -2.006307 -1.031816
	endloop
endfacet
facet normal 0.000000 1.000000 0.000000
	outer loop
		vertex -5.966408 -1.989624 -1.010276
		vertex -6.059694 -2.006307 -1.031816
		vertex -6.059694 -2.006307 -1.031816
	endloop
endfacet
facet normal 0.000000 1.000000 0.000000
	outer loop
		vertex -6.059694 -2.006307 -1.031816
		vertex -6.059694 -2.006307 -1.031816
		vertex -6.171638 -2.026327 -1.057664
	endloop
endfacet
facet normal 0.000000 1.000000 0.000000
	outer loop
		vertex -6.059694 -2.006307 -1.031816
		vertex -6.171638 -2.026327 -1.057664
		vertex -6.171638 -2.026327 -1.057664
	endloop
endfacet
facet normal 0.000000 1.000000 0.000000
	outer loop
		vertex -6.171638 -2.026327 -1.057664
		vertex -6.171638 -2.026327 -1.057664
		vertex -6.244127 -2.039290 -1.081590
	endloop
endfacet
facet normal 0.000000 1.000000 0.000000
	outer loop
		vertex -6.171638 -2.026327 -1.057664
		vertex -6.244127 -2.039290 -1.081590
		vertex -6.244127 -2.039290 -1.081590
	endloop
endfacet
facet normal 0.000000 1.000000 0.000000
	outer loop
		vertex -6.244127 -2.039290 -1.081590
		vertex -6.244127 -2.039290 -1.081590
		vertex -6.297315 -2.048802 -1.103217
	endloop
endfacet
facet normal 0.000000 1.000000 0.000000
	outer loop
		vertex -6.244127 -2.039290 -1.081590
		vertex -6.297315 -2.048802 -1.103217
		vertex -6.297315 -2.048802 -1.103217
	endloop
endfacet
facet normal 0.000000 1.000000 0.000000
	outer loop
		vertex -6.297315 -2.048802 -1.103217
		vertex -6.297315 -2.048802 -1.103217
		vertex -6.320331 -2.052918 -1.118955
	endloop
endfacet
facet normal 0.000000 1.000000 0.000000
	outer loop
		vertex -6.297315 -2.048802 -1.103217
		vertex -6.320331 -2.052918 -1.118955
		vertex -6.320331 -2.052918 -1.118955
	endloop
endfacet
facet normal 0.000000 1.000000 0.000000
	outer loop
		vertex -6.320331 -2.052918 -1.118955
		vertex -6.320331 -2.052918 -1.118955
		vertex -6.328849 -2.054442 -1.129908
	endloop
endfacet
facet normal 0.000000 1.000000 0.000000
	outer loop
		vertex -6.320331 -2.052918 -1.118955
		vertex -6.328849 -2.054442 -1.129908
		vertex -6.328849 -2.054442 -1.129908
	endloop
endfacet
facet normal 0.264802 0.055406 0.962710
	outer loop
		vertex -6.285347 -2.279965 -1.128894
		vertex -6.328849 -2.054442 -1.129908
		vertex -6.272567 -2.277679 -1.132541
	endloop
endfacet
facet normal 0.264795 0.055405 0.962712
	outer loop
		vertex -6.328849 -2.054442 -1.129908
		vertex -6.315620 -2.052076 -1.133683
		vertex -6.272567 -2.277679 -1.132541
	endloop
endfacet
facet normal -0.036093 -0.001830 0.999347
	outer loop
		vertex -6.272567 -2.277679 -1.132541
		vertex -6.315620 -2.052076 -1.133683
		vertex -6.245780 -2.272889 -1.131565
	endloop
endfacet
facet normal -0.036092 -0.001830 0.999347
	outer loop
		vertex -6.315620 -2.052076 -1.133683
		vertex -6.287894 -2.047117 -1.132673
		vertex -6.245780 -2.272889 -1.131565
	endloop
endfacet
facet normal -0.241742 -0.040337 0.969502
	outer loop
		vertex -6.245780 -2.272889 -1.131565
		vertex -6.287894 -2.047117 -1.132673
		vertex -6.192120 -2.263292 -1.117786
	endloop
endfacet
facet normal -0.241741 -0.040336 0.969502
	outer loop
		vertex -6.287894 -2.047117 -1.132673
		vertex -6.232350 -2.037184 -1.118410
		vertex -6.192120 -2.263292 -1.117786
	endloop
endfacet
facet normal -0.304694 -0.051588 0.951052
	outer loop
		vertex -6.192120 -2.263292 -1.117786
		vertex -6.232350 -2.037184 -1.118410
		vertex -6.122089 -2.250768 -1.094670
	endloop
endfacet
facet normal -0.304693 -0.051588 0.951052
	outer loop
		vertex -6.232350 -2.037184 -1.118410
		vertex -6.159862 -2.024221 -1.094483
		vertex -6.122089 -2.250768 -1.094670
	endloop
endfacet
facet normal -0.388382 -0.065515 0.919167
	outer loop
		vertex -6.122089 -2.250768 -1.094670
		vertex -6.159862 -2.024221 -1.094483
		vertex -6.020145 -2.232537 -1.050296
	endloop
endfacet
facet normal -0.388381 -0.065515 0.919167
	outer loop
		vertex -6.159862 -2.024221 -1.094483
		vertex -6.054341 -2.005350 -1.048552
		vertex -6.020145 -2.232537 -1.050296
	endloop
endfacet
facet normal -0.388380 -0.065515 0.919167
	outer loop
		vertex -6.020145 -2.232537 -1.050296
		vertex -6.054341 -2.005350 -1.048552
		vertex -5.935192 -2.217344 -1.013317
	endloop
endfacet
facet normal -0.388382 -0.065516 0.919167
	outer loop
		vertex -6.054341 -2.005350 -1.048552
		vertex -5.966408 -1.989624 -1.010276
		vertex -5.935192 -2.217344 -1.013317
	endloop
endfacet
facet normal 0.000000 1.000000 0.000000
	outer loop
		vertex -5.935192 -2.217344 -1.013317
		vertex -5.966408 -1.989624 -1.010276
		vertex -5.935192 -2.217344 -1.013317
	endloop
endfacet
facet normal 0.000000 1.000000 0.000000
	outer loop
		vertex -5.966408 -1.989624 -1.010276
		vertex -5.966408 -1.989624 -1.010276
		vertex -5.935192 -2.217344 -1.013317
	endloop
endfacet
facet normal 0.217497 0.042838 -0.975120
	outer loop
		vertex -5.935192 -2.217344 -1.013317
		vertex -5.966408 -1.989624 -1.010276
		vertex -6.025317 -2.233462 -1.034127
	endloop
endfacet
facet normal 0.217497 0.042838 -0.975120
	outer loop
		vertex -5.966408 -1.989624 -1.010276
		vertex -6.059694 -2.006307 -1.031816
		vertex -6.025317 -2.233462 -1.034127
	endloop
endfacet
facet normal 0.217497 0.042838 -0.975120
	outer loop
		vertex -6.025317 -2.233462 -1.034127
		vertex -6.059694 -2.006307 -1.031816
		vertex -6.133466 -2.252803 -1.059099
	endloop
endfacet
facet normal 0.217496 0.042838 -0.975121
	outer loop
		vertex -6.059694 -2.006307 -1.031816
		vertex -6.171638 -2.026327 -1.057664
		vertex -6.133466 -2.252803 -1.059099
	endloop
endfacet
facet normal 0.303685 0.057213 -0.951053
	outer loop
		vertex -6.133466 -2.252803 -1.059099
		vertex -6.171638 -2.026327 -1.057664
		vertex -6.203497 -2.265327 -1.082214
	endloop
endfacet
facet normal 0.303686 0.057213 -0.951053
	outer loop
		vertex -6.171638 -2.026327 -1.057664
		vertex -6.244127 -2.039290 -1.081590
		vertex -6.203497 -2.265327 -1.082214
	endloop
endfacet
facet normal 0.365290 0.068224 -0.928391
	outer loop
		vertex -6.203497 -2.265327 -1.082214
		vertex -6.244127 -2.039290 -1.081590
		vertex -6.254882 -2.274517 -1.103108
	endloop
endfacet
facet normal 0.365290 0.068224 -0.928390
	outer loop
		vertex -6.244127 -2.039290 -1.081590
		vertex -6.297315 -2.048802 -1.103217
		vertex -6.254882 -2.274517 -1.103108
	endloop
endfacet
facet normal 0.548876 0.102784 -0.829561
	outer loop
		vertex -6.254882 -2.274517 -1.103108
		vertex -6.297315 -2.048802 -1.103217
		vertex -6.277118 -2.278493 -1.118313
	endloop
endfacet
facet normal 0.548876 0.102784 -0.829560
	outer loop
		vertex -6.297315 -2.048802 -1.103217
		vertex -6.320331 -2.052918 -1.118955
		vertex -6.277118 -2.278493 -1.118313
	endloop
endfacet
facet normal 0.770992 0.145932 -0.619900
	outer loop
		vertex -6.277118 -2.278493 -1.118313
		vertex -6.320331 -2.052918 -1.118955
		vertex -6.285347 -2.279965 -1.128894
	endloop
endfacet
facet normal 0.770987 0.145931 -0.619906
	outer loop
		vertex -6.320331 -2.052918 -1.118955
		vertex -6.328849 -2.054442 -1.129908
		vertex -6.285347 -2.279965 -1.128894
	endloop
endfacet
facet normal 0.000000 1.000000 0.000000
	outer loop
		vertex -6.285347 -2.279965 -1.128894
		vertex -6.285347 -2.279965 -1.128894
		vertex -6.272567 -2.277679 -1.132541
	endloop
endfacet
facet normal 0.000000 1.000000 0.000000
	outer loop
		vertex -6.285347 -2.279965 -1.128894
		vertex -6.272567 -2.277679 -1.132541
		vertex -6.272567 -2.277679 -1.132541
	endloop
endfacet
facet normal 0.000000 1.000000 0.000000
	outer loop
		vertex -6.272567 -2.277679 -1.132541
		vertex -6.272567 -2.277679 -1.132541
		vertex -6.245780 -2.272889 -1.131565
	endloop
endfacet
facet normal 0.000000 1.000000 0.000000
	outer loop
		vertex -6.272567 -2.277679 -1.132541
		vertex -6.245780 -2.272889 -1.131565
		vertex -6.245780 -2.272889 -1.131565
	endloop
endfacet
facet normal 0.000000 1.000000 0.000000
	outer loop
		vertex -6.245780 -2.272889 -1.131565
		vertex -6.245780 -2.272889 -1.131565
		vertex -6.192120 -2.263292 -1.117786
	endloop
endfacet
facet normal 0.000000 1.000000 0.000000
	outer loop
		vertex -6.245780 -2.272889 -1.131565
		vertex -6.192120 -2.263292 -1.117786
		vertex -6.192120 -2.263292 -1.117786
	endloop
endfacet
facet normal 0.000000 1.000000 0.000000
	outer loop
		vertex -6.192120 -2.263292 -1.117786
		vertex -6.192120 -2.263292 -1.117786
		vertex -6.122089 -2.250768 -1.094670
	endloop
endfacet
facet normal 0.000000 1.000000 0.000000
	outer loop
		vertex -6.192120 -2.263292 -1.117786
		vertex -6.122089 -2.250768 -1.094670
		vertex -6.122089 -2.250768 -1.094670
	endloop
endfacet
facet normal 0.000000 1.000000 0.000000
	outer loop
		vertex -6.122089 -2.250768 -1.094670
		vertex -6.122089 -2.250768 -1.094670
		vertex -6.020145 -2.232537 -1.050296
	endloop
endfacet
facet normal 0.000000 1.000000 0.000000
	outer loop
		vertex -6.122089 -2.250768 -1.094670
		vertex -6.020145 -2.232537 -1.050296
		vertex -6.020145 -2.232537 -1.050296
	endloop
endfacet
facet normal 0.000000 1.000000 0.000000
	outer loop
		vertex -6.020145 -2.232537 -1.050296
		vertex -6.020145 -2.232537 -1.050296
		vertex -5.935192 -2.217344 -1.013317
	endloop
endfacet
facet normal 0.000000 1.000000 0.000000
	outer loop
		vertex -6.020145 -2.232537 -1.050296
		vertex -5.935192 -2.217344 -1.013317
		vertex -5.935192 -2.217344 -1.013317
	endloop
endfacet
facet normal 0.000000 1.000000 0.000000
	outer loop
		vertex -5.935192 -2.217344 -1.013317
		vertex -5.935192 -2.217344 -1.013317
		vertex -5.935192 -2.217344 -1.013317
	endloop
endfacet
facet normal 0.000000 1.000000 0.000000
	outer loop
		vertex -5.935192 -2.217344 -1.013317
		vertex -5.935192 -2.217344 -1.013317
		vertex -5.935192 -2.217344 -1.013317
	endloop
endfacet
facet normal 0.000000 1.000000 0.000000
	outer loop
		vertex -5.935192 -2.217344 -1.013317
		vertex -5.935192 -2.217344 -1.013317
		vertex -6.025317 -2.233462 -1.034127
	endloop
endfacet
facet normal 0.000000 1.000000 0.000000
	outer loop
		vertex -5.935192 -2.217344 -1.013317
		vertex -6.025317 -2.233462 -1.034127
		vertex -6.025317 -2.233462 -1.034127
	endloop
endfacet
facet normal 0.000000 1.000000 0.000000
	outer loop
		vertex -6.025317 -2.233462 -1.034127
		vertex -6.025317 -2.233462 -1.034127
		vertex -6.133466 -2.252803 -1.059099
	endloop
endfacet
facet normal 0.000000 1.000000 0.000000
	outer loop
		vertex -6.025317 -2.233462 -1.034127
		vertex -6.133466 -2.252803 -1.059099
		vertex -6.133466 -2.252803 -1.059099
	endloop
endfacet
facet normal 0.000000 1.000000 0.000000
	outer loop
		vertex -6.133466 -2.252803 -1.059099
		vertex -6.133466 -2.252803 -1.059099
		vertex -6.203497 -2.265327 -1.082214
	endloop
endfacet
facet normal 0.000000 1.000000 0.000000
	outer loop
		vertex -6.133466 -2.252803 -1.059099
		vertex -6.203497 -2.265327 -1.082214
		vertex -6.203497 -2.265327 -1.082214
	endloop
endfacet
facet normal 0.000000 1.000000 0.000000
	outer loop
		vertex -6.203497 -2.265327 -1.082214
		vertex -6.203497 -2.265327 -1.082214
		vertex -6.254882 -2.274517 -1.103108
	endloop
endfacet
facet normal 0.000000 1.000000 0.000000
	outer loop
		vertex -6.203497 -2.265327 -1.082214
		vertex -6.254882 -2.274517 -1.103108
		vertex -6.254882 -2.274517 -1.103108
	endloop
endfacet
facet normal 0.000000 1.000000 0.000000
	outer loop
		vertex -6.254882 -2.274517 -1.103108
		vertex -6.254882 -2.274517 -1.103108
		vertex -6.277118 -2.278493 -1.118313
	endloop
endfacet
facet normal 0.000000 1.000000 0.000000
	outer loop
		vertex -6.254882 -2.274517 -1.103108
		vertex -6.277118 -2.278493 -1.118313
		vertex -6.277118 -2.278493 -1.118313
	endloop
endfacet
facet normal 0.000000 1.000000 0.000000
	outer loop
		vertex -6.277118 -2.278493 -1.118313
		vertex -6.277118 -2.278493 -1.118313
		vertex -6.285347 -2.279965 -1.128894
	endloop
endfacet
facet normal 0.000000 1.000000 0.000000
	outer loop
		vertex -6.277118 -2.278493 -1.118313
		vertex -6.285347 -2.279965 -1.128894
		vertex -6.285347 -2.279965 -1.128894
	endloop
endfacet
facet normal 0.264811 0.055408 0.962707
	outer loop
		vertex -6.241845 -2.505488 -1.127880
		vertex -6.285347 -2.279965 -1.128894
		vertex -6.229514 -2.503283 -1.131399
	endloop
endfacet
facet normal 0.264802 0.055406 0.962710
	outer loop
		vertex -6.285347 -2.279965 -1.128894
		vertex -6.272567 -2.277679 -1.132541
		vertex -6.229514 -2.503283 -1.131399
	endloop
endfacet
facet normal -0.036090 -0.001830 0.999347
	outer loop
		vertex -6.229514 -2.503283 -1.131399
		vertex -6.272567 -2.277679 -1.132541
		vertex -6.203667 -2.498660 -1.130458
	endloop
endfacet
facet normal -0.036093 -0.001830 0.999347
	outer loop
		vertex -6.272567 -2.277679 -1.132541
		vertex -6.245780 -2.272889 -1.131565
		vertex -6.203667 -2.498660 -1.130458
	endloop
endfacet
facet normal -0.241744 -0.040337 0.969501
	outer loop
		vertex -6.203667 -2.498660 -1.130458
		vertex -6.245780 -2.272889 -1.131565
		vertex -6.151889 -2.489400 -1.117162
	endloop
endfacet
facet normal -0.241742 -0.040336 0.969502
	outer loop
		vertex -6.245780 -2.272889 -1.131565
		vertex -6.192120 -2.263292 -1.117786
		vertex -6.151889 -2.489400 -1.117162
	endloop
endfacet
facet normal -0.304692 -0.051587 0.951053
	outer loop
		vertex -6.151889 -2.489400 -1.117162
		vertex -6.192120 -2.263292 -1.117786
		vertex -6.084315 -2.477316 -1.094857
	endloop
endfacet
facet normal -0.304694 -0.051589 0.951052
	outer loop
		vertex -6.192120 -2.263292 -1.117786
		vertex -6.122089 -2.250768 -1.094670
		vertex -6.084315 -2.477316 -1.094857
	endloop
endfacet
facet normal -0.388382 -0.065516 0.919166
	outer loop
		vertex -6.084315 -2.477316 -1.094857
		vertex -6.122089 -2.250768 -1.094670
		vertex -5.985949 -2.459724 -1.052040
	endloop
endfacet
facet normal -0.388382 -0.065516 0.919167
	outer loop
		vertex -6.122089 -2.250768 -1.094670
		vertex -6.020145 -2.232537 -1.050296
		vertex -5.985949 -2.459724 -1.052040
	endloop
endfacet
facet normal -0.388380 -0.065515 0.919168
	outer loop
		vertex -5.985949 -2.459724 -1.052040
		vertex -6.020145 -2.232537 -1.050296
		vertex -5.903976 -2.445064 -1.016359
	endloop
endfacet
facet normal -0.388380 -0.065515 0.919167
	outer loop
		vertex -6.020145 -2.232537 -1.050296
		vertex -5.935192 -2.217344 -1.013317
		vertex -5.903976 -2.445064 -1.016359
	endloop
endfacet
facet normal 0.000000 1.000000 0.000000
	outer loop
		vertex -5.903976 -2.445064 -1.016359
		vertex -5.935192 -2.217344 -1.013317
		vertex -5.903976 -2.445064 -1.016359
	endloop
endfacet
facet normal 0.000000 1.000000 0.000000
	outer loop
		vertex -5.935192 -2.217344 -1.013317
		vertex -5.935192 -2.217344 -1.013317
		vertex -5.903976 -2.445064 -1.016359
	endloop
endfacet
facet normal 0.217497 0.042838 -0.975120
	outer loop
		vertex -5.903976 -2.445064 -1.016359
		vertex -5.935192 -2.217344 -1.013317
		vertex -5.990939 -2.460616 -1.036438
	endloop
endfacet
facet normal 0.217497 0.042838 -0.975120
	outer loop
		vertex -5.935192 -2.217344 -1.013317
		vertex -6.025317 -2.233462 -1.034127
		vertex -5.990939 -2.460616 -1.036438
	endloop
endfacet
facet normal 0.217496 0.042838 -0.975121
	outer loop
		vertex -5.990939 -2.460616 -1.036438
		vertex -6.025317 -2.233462 -1.034127
		vertex -6.095294 -2.479279 -1.060534
	endloop
endfacet
facet normal 0.217497 0.042838 -0.975120
	outer loop
		vertex -6.025317 -2.233462 -1.034127
		vertex -6.133466 -2.252803 -1.059099
		vertex -6.095294 -2.479279 -1.060534
	endloop
endfacet
facet normal 0.303686 0.057213 -0.951053
	outer loop
		vertex -6.095294 -2.479279 -1.060534
		vertex -6.133466 -2.252803 -1.059099
		vertex -6.162867 -2.491364 -1.082839
	endloop
endfacet
facet normal 0.303685 0.057213 -0.951053
	outer loop
		vertex -6.133466 -2.252803 -1.059099
		vertex -6.203497 -2.265327 -1.082214
		vertex -6.162867 -2.491364 -1.082839
	endloop
endfacet
facet normal 0.365289 0.068223 -0.928391
	outer loop
		vertex -6.162867 -2.491364 -1.082839
		vertex -6.203497 -2.265327 -1.082214
		vertex -6.212450 -2.500231 -1.102999
	endloop
endfacet
facet normal 0.365290 0.068223 -0.928390
	outer loop
		vertex -6.203497 -2.265327 -1.082214
		vertex -6.254882 -2.274517 -1.103108
		vertex -6.212450 -2.500231 -1.102999
	endloop
endfacet
facet normal 0.548875 0.102784 -0.829561
	outer loop
		vertex -6.212450 -2.500231 -1.102999
		vertex -6.254882 -2.274517 -1.103108
		vertex -6.233905 -2.504068 -1.117670
	endloop
endfacet
facet normal 0.548876 0.102784 -0.829561
	outer loop
		vertex -6.254882 -2.274517 -1.103108
		vertex -6.277118 -2.278493 -1.118313
		vertex -6.233905 -2.504068 -1.117670
	endloop
endfacet
facet normal 0.770999 0.145933 -0.619891
	outer loop
		vertex -6.233905 -2.504068 -1.117670
		vertex -6.277118 -2.278493 -1.118313
		vertex -6.241845 -2.505488 -1.127880
	endloop
endfacet
facet normal 0.770992 0.145932 -0.619900
	outer loop
		vertex -6.277118 -2.278493 -1.118313
		vertex -6.285347 -2.279965 -1.128894
		vertex -6.241845 -2.505488 -1.127880
	endloop
endfacet
facet normal -0.176049 0.984381 -0.000007
	outer loop
		vertex -6.241845 -2.505488 -1.127880
		vertex -6.229514 -2.503283 -1.131399
		vertex -6.203667 -2.498660 -1.130458
	endloop
endfacet
facet normal -0.176048 0.984382 0.000021
	outer loop
		vertex -6.241845 -2.505488 -1.127880
		vertex -6.203667 -2.498660 -1.130458
		vertex -6.151889 -2.489400 -1.117162
	endloop
endfacet
facet normal -0.176046 0.984382 0.000006
	outer loop
		vertex -6.241845 -2.505488 -1.127880
		vertex -6.151889 -2.489400 -1.117162
		vertex -6.084315 -2.477316 -1.094857
	endloop
endfacet
facet normal -0.176045 0.984382 0.000000
	outer loop
		vertex -6.241845 -2.505488 -1.127880
		vertex -6.084315 -2.477316 -1.094857
		vertex -5.903976 -2.445064 -1.016359
	endloop
endfacet
facet normal 0.000000 1.000000 0.000000
	outer loop
		vertex -6.241845 -2.505488 -1.127880
		vertex -5.903976 -2.445064 -1.016359
		vertex -5.903976 -2.445064 -1.016359
	endloop
endfacet
facet normal -0.176041 0.984383 -0.000009
	outer loop
		vertex -6.241845 -2.505488 -1.127880
		vertex -5.903976 -2.445064 -1.016359
		vertex -6.095294 -2.479279 -1.060534
	endloop
endfacet
facet normal -0.176043 0.984382 -0.000006
	outer loop
		vertex -6.241845 -2.505488 -1.127880
		vertex -6.095294 -2.479279 -1.060534
		vertex -6.162867 -2.491364 -1.082839
	endloop
endfacet
facet normal -0.176044 0.984382 -0.000005
	outer loop
		vertex -6.241845 -2.505488 -1.127880
		vertex -6.162867 -2.491364 -1.082839
		vertex -6.212450 -2.500231 -1.102999
	endloop
endfacet
facet normal -0.176054 0.984381 0.000008
	outer loop
		vertex -6.241845 -2.505488 -1.127880
		vertex -6.212450 -2.500231 -1.102999
		vertex -6.233905 -2.504068 -1.117670
	endloop
endfacet
facet normal -0.180388 0.201627 0.962708
	outer loop
		vertex -6.312692 -0.168675 -1.137005
		vertex -6.486249 -0.319110 -1.138019
		vertex -6.323411 -0.155964 -1.141676
	endloop
endfacet
facet normal -0.180386 0.201624 0.962709
	outer loop
		vertex -6.486249 -0.319110 -1.138019
		vertex -6.497262 -0.306051 -1.142817
		vertex -6.323411 -0.155964 -1.141676
	endloop
endfacet
facet normal 0.019632 -0.030343 0.999347
	outer loop
		vertex -6.323411 -0.155964 -1.141676
		vertex -6.497262 -0.306051 -1.142817
		vertex -6.345876 -0.129322 -1.140425
	endloop
endfacet
facet normal 0.019632 -0.030343 0.999347
	outer loop
		vertex -6.497262 -0.306051 -1.142817
		vertex -6.520343 -0.278679 -1.141533
		vertex -6.345876 -0.129322 -1.140425
	endloop
endfacet
facet normal 0.155804 -0.189187 0.969502
	outer loop
		vertex -6.345876 -0.129322 -1.140425
		vertex -6.520343 -0.278679 -1.141533
		vertex -6.390882 -0.075951 -1.122778
	endloop
endfacet
facet normal 0.155803 -0.189187 0.969502
	outer loop
		vertex -6.520343 -0.278679 -1.141533
		vertex -6.566582 -0.223846 -1.123402
		vertex -6.390882 -0.075951 -1.122778
	endloop
endfacet
facet normal 0.197022 -0.238077 0.951053
	outer loop
		vertex -6.390882 -0.075951 -1.122778
		vertex -6.566582 -0.223846 -1.123402
		vertex -6.449617 -0.006298 -1.093174
	endloop
endfacet
facet normal 0.197023 -0.238078 0.951053
	outer loop
		vertex -6.566582 -0.223846 -1.123402
		vertex -6.626926 -0.152285 -1.092987
		vertex -6.449617 -0.006298 -1.093174
	endloop
endfacet
facet normal 0.250929 -0.303591 0.919167
	outer loop
		vertex -6.449617 -0.006298 -1.093174
		vertex -6.626926 -0.152285 -1.092987
		vertex -6.535117 0.095095 -1.036344
	endloop
endfacet
facet normal 0.250929 -0.303590 0.919167
	outer loop
		vertex -6.626926 -0.152285 -1.092987
		vertex -6.714769 -0.048114 -1.034600
		vertex -6.535117 0.095095 -1.036344
	endloop
endfacet
facet normal 0.250929 -0.303591 0.919167
	outer loop
		vertex -6.535117 0.095095 -1.036344
		vertex -6.714769 -0.048114 -1.034600
		vertex -6.606368 0.179589 -0.988985
	endloop
endfacet
facet normal 0.250930 -0.303591 0.919167
	outer loop
		vertex -6.714769 -0.048114 -1.034600
		vertex -6.787971 0.038696 -0.985944
		vertex -6.606368 0.179589 -0.988985
	endloop
endfacet
facet normal 0.000000 1.000000 0.000000
	outer loop
		vertex -6.606368 0.179589 -0.988985
		vertex -6.787971 0.038696 -0.985944
		vertex -6.606368 0.179589 -0.988985
	endloop
endfacet
facet normal 0.000000 1.000000 0.000000
	outer loop
		vertex -6.787971 0.038696 -0.985944
		vertex -6.787971 0.038696 -0.985944
		vertex -6.606368 0.179589 -0.988985
	endloop
endfacet
facet normal -0.145848 0.166939 -0.975121
	outer loop
		vertex -6.606368 0.179589 -0.988985
		vertex -6.787971 0.038696 -0.985944
		vertex -6.530780 0.089951 -1.015636
	endloop
endfacet
facet normal -0.145848 0.166939 -0.975120
	outer loop
		vertex -6.787971 0.038696 -0.985944
		vertex -6.710313 -0.053398 -1.013325
		vertex -6.530780 0.089951 -1.015636
	endloop
endfacet
facet normal -0.145848 0.166939 -0.975120
	outer loop
		vertex -6.530780 0.089951 -1.015636
		vertex -6.710313 -0.053398 -1.013325
		vertex -6.440075 -0.017614 -1.047618
	endloop
endfacet
facet normal -0.145848 0.166939 -0.975120
	outer loop
		vertex -6.710313 -0.053398 -1.013325
		vertex -6.617123 -0.163911 -1.046183
		vertex -6.440075 -0.017614 -1.047618
	endloop
endfacet
facet normal -0.201391 0.234393 -0.951053
	outer loop
		vertex -6.440075 -0.017614 -1.047618
		vertex -6.617123 -0.163911 -1.046183
		vertex -6.381340 -0.087267 -1.077222
	endloop
endfacet
facet normal -0.201391 0.234393 -0.951053
	outer loop
		vertex -6.617123 -0.163911 -1.046183
		vertex -6.556778 -0.235472 -1.076598
		vertex -6.381340 -0.087267 -1.077222
	endloop
endfacet
facet normal -0.241728 0.282238 -0.928391
	outer loop
		vertex -6.381340 -0.087267 -1.077222
		vertex -6.556778 -0.235472 -1.076598
		vertex -6.338243 -0.138375 -1.103981
	endloop
endfacet
facet normal -0.241728 0.282238 -0.928391
	outer loop
		vertex -6.556778 -0.235472 -1.076598
		vertex -6.512500 -0.287980 -1.104090
		vertex -6.338243 -0.138375 -1.103981
	endloop
endfacet
facet normal -0.363450 0.423946 -0.829562
	outer loop
		vertex -6.338243 -0.138375 -1.103981
		vertex -6.512500 -0.287980 -1.104090
		vertex -6.319593 -0.160490 -1.123453
	endloop
endfacet
facet normal -0.363451 0.423948 -0.829561
	outer loop
		vertex -6.512500 -0.287980 -1.104090
		vertex -6.493340 -0.310701 -1.124096
		vertex -6.319593 -0.160490 -1.123453
	endloop
endfacet
facet normal -0.511879 0.594736 -0.619895
	outer loop
		vertex -6.319593 -0.160490 -1.123453
		vertex -6.493340 -0.310701 -1.124096
		vertex -6.312692 -0.168675 -1.137005
	endloop
endfacet
facet normal -0.511877 0.594733 -0.619898
	outer loop
		vertex -6.493340 -0.310701 -1.124096
		vertex -6.486249 -0.319110 -1.138019
		vertex -6.312692 -0.168675 -1.137005
	endloop
endfacet
facet normal 0.000000 1.000000 0.000000
	outer loop
		vertex -6.312692 -0.168675 -1.137005
		vertex -6.312692 -0.168675 -1.137005
		vertex -6.323411 -0.155964 -1.141676
	endloop
endfacet
facet normal 0.000000 1.000000 0.000000
	outer loop
		vertex -6.312692 -0.168675 -1.137005
		vertex -6.323411 -0.155964 -1.141676
		vertex -6.323411 -0.155964 -1.141676
	endloop
endfacet
facet normal 0.000000 1.000000 0.000000
	outer loop
		vertex -6.323411 -0.155964 -1.141676
		vertex -6.323411 -0.155964 -1.141676
		vertex -6.345876 -0.129322 -1.140425
	endloop
endfacet
facet normal 0.000000 1.000000 0.000000
	outer loop
		vertex -6.323411 -0.155964 -1.141676
		vertex -6.345876 -0.129322 -1.140425
		vertex -6.345876 -0.129322 -1.140425
	endloop
endfacet
facet normal 0.000000 1.000000 0.000000
	outer loop
		vertex -6.345876 -0.129322 -1.140425
		vertex -6.345876 -0.129322 -1.140425
		vertex -6.390882 -0.075951 -1.122778
	endloop
endfacet
facet normal 0.000000 1.000000 0.000000
	outer loop
		vertex -6.345876 -0.129322 -1.140425
		vertex -6.390882 -0.075951 -1.122778
		vertex -6.390882 -0.075951 -1.122778
	endloop
endfacet
facet normal 0.000000 1.000000 0.000000
	outer loop
		vertex -6.390882 -0.075951 -1.122778
		vertex -6.390882 -0.075951 -1.122778
		vertex -6.449617 -0.006298 -1.093174
	endloop
endfacet
facet normal 0.000000 1.000000 0.000000
	outer loop
		vertex -6.390882 -0.075951 -1.122778
		vertex -6.449617 -0.006298 -1.093174
		vertex -6.449617 -0.006298 -1.093174
	endloop
endfacet
facet normal 0.000000 1.000000 0.000000
	outer loop
		vertex -6.449617 -0.006298 -1.093174
		vertex -6.449617 -0.006298 -1.093174
		vertex -6.535117 0.095095 -1.036344
	endloop
endfacet
facet normal 0.000000 1.000000 0.000000
	outer loop
		vertex -6.449617 -0.006298 -1.093174
		vertex -6.535117 0.095095 -1.036344
		vertex -6.535117 0.095095 -1.036344
	endloop
endfacet
facet normal 0.000000 1.000000 0.000000
	outer loop
		vertex -6.535117 0.095095 -1.036344
		vertex -6.535117 0.095095 -1.036344
		vertex -6.606368 0.179589 -0.988985
	endloop
endfacet
facet normal 0.000000 1.000000 0.000000
	outer loop
		vertex -6.535117 0.095095 -1.036344
		vertex -6.606368 0.179589 -0.988985
		vertex -6.606368 0.179589 -0.988985
	endloop
endfacet
facet normal 0.000000 1.000000 0.000000
	outer loop
		vertex -6.606368 0.179589 -0.988985
		vertex -6.606368 0.179589 -0.988985
		vertex -6.606368 0.179589 -0.988985
	endloop
endfacet
facet normal 0.000000 1.000000 0.000000
	outer loop
		vertex -6.606368 0.179589 -0.988985
		vertex -6.606368 0.179589 -0.988985
		vertex -6.606368 0.179589 -0.988985
	endloop
endfacet
facet normal 0.000000 1.000000 0.000000
	outer loop
		vertex -6.606368 0.179589 -0.988985
		vertex -6.606368 0.179589 -0.988985
		vertex -6.530780 0.089951 -1.015636
	endloop
endfacet
facet normal 0.000000 1.000000 0.000000
	outer loop
		vertex -6.606368 0.179589 -0.988985
		vertex -6.530780 0.089951 -1.015636
		vertex -6.530780 0.089951 -1.015636
	endloop
endfacet
facet normal 0.000000 1.000000 0.000000
	outer loop
		vertex -6.530780 0.089951 -1.015636
		vertex -6.530780 0.089951 -1.015636
		vertex -6.440075 -0.017614 -1.047618
	endloop
endfacet
facet normal 0.000000 1.000000 0.000000
	outer loop
		vertex -6.530780 0.089951 -1.015636
		vertex -6.440075 -0.017614 -1.047618
		vertex -6.440075 -0.017614 -1.047618
	endloop
endfacet
facet normal 0.000000 1.000000 0.000000
	outer loop
		vertex -6.440075 -0.017614 -1.047618
		vertex -6.440075 -0.017614 -1.047618
		vertex -6.381340 -0.087267 -1.077222
	endloop
endfacet
facet normal 0.000000 1.000000 0.000000
	outer loop
		vertex -6.440075 -0.017614 -1.047618
		vertex -6.381340 -0.087267 -1.077222
		vertex -6.381340 -0.087267 -1.077222
	endloop
endfacet
facet normal 0.000000 1.000000 0.000000
	outer loop
		vertex -6.381340 -0.087267 -1.077222
		vertex -6.381340 -0.087267 -1.077222
		vertex -6.338243 -0.138375 -1.103981
	endloop
endfacet
facet normal 0.000000 1.000000 0.000000
	outer loop
		vertex -6.381340 -0.087267 -1.077222
		vertex -6.338243 -0.138375 -1.103981
		vertex -6.338243 -0.138375 -1.103981
	endloop
endfacet
facet normal 0.000000 1.000000 0.000000
	outer loop
		vertex -6.338243 -0.138375 -1.103981
		vertex -6.338243 -0.138375 -1.103981
		vertex -6.319593 -0.160490 -1.123453
	endloop
endfacet
facet normal 0.000000 1.000000 0.000000
	outer loop
		vertex -6.338243 -0.138375 -1.103981
		vertex -6.319593 -0.160490 -1.123453
		vertex -6.319593 -0.160490 -1.123453
	endloop
endfacet
facet normal 0.000000 1.000000 0.000000
	outer loop
		vertex -6.319593 -0.160490 -1.123453
		vertex -6.319593 -0.160490 -1.123453
		vertex -6.312692 -0.168675 -1.137005
	endloop
endfacet
facet normal 0.000000 1.000000 0.000000
	outer loop
		vertex -6.319593 -0.160490 -1.123453
		vertex -6.312692 -0.168675 -1.137005
		vertex -6.312692 -0.168675 -1.137005
	endloop
endfacet
facet normal -0.180386 0.201625 0.962709
	outer loop
		vertex -6.139134 -0.018240 -1.135991
		vertex -6.312692 -0.168675 -1.137005
		vertex -6.149559 -0.005877 -1.140534
	endloop
endfacet
facet normal -0.180388 0.201627 0.962708
	outer loop
		vertex -6.312692 -0.168675 -1.137005
		vertex -6.323411 -0.155964 -1.141676
		vertex -6.149559 -0.005877 -1.140534
	endloop
endfacet
facet normal 0.019631 -0.030342 0.999347
	outer loop
		vertex -6.149559 -0.005877 -1.140534
		vertex -6.323411 -0.155964 -1.141676
		vertex -6.171409 0.020034 -1.139318
	endloop
endfacet
facet normal 0.019633 -0.030343 0.999347
	outer loop
		vertex -6.323411 -0.155964 -1.141676
		vertex -6.345876 -0.129322 -1.140425
		vertex -6.171409 0.020034 -1.139318
	endloop
endfacet
facet normal 0.155804 -0.189187 0.969502
	outer loop
		vertex -6.171409 0.020034 -1.139318
		vertex -6.345876 -0.129322 -1.140425
		vertex -6.215182 0.071944 -1.122154
	endloop
endfacet
facet normal 0.155804 -0.189187 0.969502
	outer loop
		vertex -6.345876 -0.129322 -1.140425
		vertex -6.390882 -0.075951 -1.122778
		vertex -6.215182 0.071944 -1.122154
	endloop
endfacet
facet normal 0.197022 -0.238077 0.951053
	outer loop
		vertex -6.215182 0.071944 -1.122154
		vertex -6.390882 -0.075951 -1.122778
		vertex -6.272308 0.139688 -1.093361
	endloop
endfacet
facet normal 0.197023 -0.238077 0.951053
	outer loop
		vertex -6.390882 -0.075951 -1.122778
		vertex -6.449617 -0.006298 -1.093174
		vertex -6.272308 0.139688 -1.093361
	endloop
endfacet
facet normal 0.250930 -0.303591 0.919166
	outer loop
		vertex -6.272308 0.139688 -1.093361
		vertex -6.449617 -0.006298 -1.093174
		vertex -6.355465 0.238303 -1.038088
	endloop
endfacet
facet normal 0.250929 -0.303591 0.919167
	outer loop
		vertex -6.449617 -0.006298 -1.093174
		vertex -6.535117 0.095095 -1.036344
		vertex -6.355465 0.238303 -1.038088
	endloop
endfacet
facet normal 0.250928 -0.303591 0.919167
	outer loop
		vertex -6.355465 0.238303 -1.038088
		vertex -6.535117 0.095095 -1.036344
		vertex -6.424764 0.320483 -0.992027
	endloop
endfacet
facet normal 0.250929 -0.303591 0.919167
	outer loop
		vertex -6.535117 0.095095 -1.036344
		vertex -6.606368 0.179589 -0.988985
		vertex -6.424764 0.320483 -0.992027
	endloop
endfacet
facet normal 0.000000 1.000000 0.000000
	outer loop
		vertex -6.424764 0.320483 -0.992027
		vertex -6.606368 0.179589 -0.988985
		vertex -6.424764 0.320483 -0.992027
	endloop
endfacet
facet normal 0.000000 1.000000 0.000000
	outer loop
		vertex -6.606368 0.179589 -0.988985
		vertex -6.606368 0.179589 -0.988985
		vertex -6.424764 0.320483 -0.992027
	endloop
endfacet
facet normal -0.145847 0.166939 -0.975120
	outer loop
		vertex -6.424764 0.320483 -0.992027
		vertex -6.606368 0.179589 -0.988985
		vertex -6.351247 0.233301 -1.017948
	endloop
endfacet
facet normal -0.145847 0.166939 -0.975121
	outer loop
		vertex -6.606368 0.179589 -0.988985
		vertex -6.530780 0.089951 -1.015636
		vertex -6.351247 0.233301 -1.017948
	endloop
endfacet
facet normal -0.145848 0.166939 -0.975120
	outer loop
		vertex -6.351247 0.233301 -1.017948
		vertex -6.530780 0.089951 -1.015636
		vertex -6.263027 0.128682 -1.049053
	endloop
endfacet
facet normal -0.145848 0.166940 -0.975120
	outer loop
		vertex -6.530780 0.089951 -1.015636
		vertex -6.440075 -0.017614 -1.047618
		vertex -6.263027 0.128682 -1.049053
	endloop
endfacet
facet normal -0.201391 0.234394 -0.951052
	outer loop
		vertex -6.263027 0.128682 -1.049053
		vertex -6.440075 -0.017614 -1.047618
		vertex -6.205901 0.060938 -1.077846
	endloop
endfacet
facet normal -0.201391 0.234393 -0.951053
	outer loop
		vertex -6.440075 -0.017614 -1.047618
		vertex -6.381340 -0.087267 -1.077222
		vertex -6.205901 0.060938 -1.077846
	endloop
endfacet
facet normal -0.241728 0.282237 -0.928391
	outer loop
		vertex -6.205901 0.060938 -1.077846
		vertex -6.381340 -0.087267 -1.077222
		vertex -6.163985 0.011230 -1.103872
	endloop
endfacet
facet normal -0.241728 0.282238 -0.928391
	outer loop
		vertex -6.381340 -0.087267 -1.077222
		vertex -6.338243 -0.138375 -1.103981
		vertex -6.163985 0.011230 -1.103872
	endloop
endfacet
facet normal -0.363452 0.423948 -0.829561
	outer loop
		vertex -6.163985 0.011230 -1.103872
		vertex -6.338243 -0.138375 -1.103981
		vertex -6.145847 -0.010280 -1.122811
	endloop
endfacet
facet normal -0.363450 0.423946 -0.829562
	outer loop
		vertex -6.338243 -0.138375 -1.103981
		vertex -6.319593 -0.160490 -1.123453
		vertex -6.145847 -0.010280 -1.122811
	endloop
endfacet
facet normal -0.511877 0.594733 -0.619899
	outer loop
		vertex -6.145847 -0.010280 -1.122811
		vertex -6.319593 -0.160490 -1.123453
		vertex -6.139134 -0.018240 -1.135991
	endloop
endfacet
facet normal -0.511879 0.594735 -0.619895
	outer loop
		vertex -6.319593 -0.160490 -1.123453
		vertex -6.312692 -0.168675 -1.137005
		vertex -6.139134 -0.018240 -1.135991
	endloop
endfacet
facet normal 0.000000 1.000000 0.000000
	outer loop
		vertex -6.139134 -0.018240 -1.135991
		vertex -6.139134 -0.018240 -1.135991
		vertex -6.149559 -0.005877 -1.140534
	endloop
endfacet
facet normal 0.000000 1.000000 0.000000
	outer loop
		vertex -6.139134 -0.018240 -1.135991
		vertex -6.149559 -0.005877 -1.140534
		vertex -6.149559 -0.005877 -1.140534
	endloop
endfacet
facet normal 0.000000 1.000000 0.000000
	outer loop
		vertex -6.149559 -0.005877 -1.140534
		vertex -6.149559 -0.005877 -1.140534
		vertex -6.171409 0.020034 -1.139318
	endloop
endfacet
facet normal 0.000000 1.000000 0.000000
	outer loop
		vertex -6.149559 -0.005877 -1.140534
		vertex -6.171409 0.020034 -1.139318
		vertex -6.171409 0.020034 -1.139318
	endloop
endfacet
facet normal 0.000000 1.000000 0.000000
	outer loop
		vertex -6.171409 0.020034 -1.139318
		vertex -6.171409 0.020034 -1.139318
		vertex -6.215182 0.071944 -1.122154
	endloop
endfacet
facet normal 0.000000 1.000000 0.000000
	outer loop
		vertex -6.171409 0.020034 -1.139318
		vertex -6.215182 0.071944 -1.122154
		vertex -6.215182 0.071944 -1.122154
	endloop
endfacet
facet normal 0.000000 1.000000 0.000000
	outer loop
		vertex -6.215182 0.071944 -1.122154
		vertex -6.215182 0.071944 -1.122154
		vertex -6.272308 0.139688 -1.093361
	endloop
endfacet
facet normal 0.000000 1.000000 0.000000
	outer loop
		vertex -6.215182 0.071944 -1.122154
		vertex -6.272308 0.139688 -1.093361
		vertex -6.272308 0.139688 -1.093361
	endloop
endfacet
facet normal 0.000000 1.000000 0.000000
	outer loop
		vertex -6.272308 0.139688 -1.093361
		vertex -6.272308 0.139688 -1.093361
		vertex -6.355465 0.238303 -1.038088
	endloop
endfacet
facet normal 0.000000 1.000000 0.000000
	outer loop
		vertex -6.272308 0.139688 -1.093361
		vertex -6.355465 0.238303 -1.038088
		vertex -6.355465 0.238303 -1.038088
	endloop
endfacet
facet normal 0.000000 1.000000 0.000000
	outer loop
		vertex -6.355465 0.238303 -1.038088
		vertex -6.355465 0.238303 -1.038088
		vertex -6.424764 0.320483 -0.992027
	endloop
endfacet
facet normal 0.000000 1.000000 0.000000
	outer loop
		vertex -6.355465 0.238303 -1.038088
		vertex -6.424764 0.320483 -0.992027
		vertex -6.424764 0.320483 -0.992027
	endloop
endfacet
facet normal 0.000000 1.000000 0.000000
	outer loop
		vertex -6.424764 0.320483 -0.992027
		vertex -6.424764 0.320483 -0.992027
		vertex -6.424764 0.320483 -0.992027
	endloop
endfacet
facet normal 0.000000 1.000000 0.000000
	outer loop
		vertex -6.424764 0.320483 -0.992027
		vertex -6.424764 0.320483 -0.992027
		vertex -6.424764 0.320483 -0.992027
	endloop
endfacet
facet normal 0.000000 1.000000 0.000000
	outer loop
		vertex -6.424764 0.320483 -0.992027
		vertex -6.424764 0.320483 -0.992027
		vertex -6.351247 0.233301 -1.017948
	endloop
endfacet
facet normal 0.000000 1.000000 0.000000
	outer loop
		vertex -6.424764 0.320483 -0.992027
		vertex -6.351247 0.233301 -1.017948
		vertex -6.351247 0.233301 -1.017948
	endloop
endfacet
facet normal 0.000000 1.000000 0.000000
	outer loop
		vertex -6.351247 0.233301 -1.017948
		vertex -6.351247 0.233301 -1.017948
		vertex -6.263027 0.128682 -1.049053
	endloop
endfacet
facet normal 0.000000 1.000000 0.000000
	outer loop
		vertex -6.351247 0.233301 -1.017948
		vertex -6.263027 0.128682 -1.049053
		vertex -6.263027 0.128682 -1.049053
	endloop
endfacet
facet normal 0.000000 1.000000 0.000000
	outer loop
		vertex -6.263027 0.128682 -1.049053
		vertex -6.263027 0.128682 -1.049053
		vertex -6.205901 0.060938 -1.077846
	endloop
endfacet
facet normal 0.000000 1.000000 0.000000
	outer loop
		vertex -6.263027 0.128682 -1.049053
		vertex -6.205901 0.060938 -1.077846
		vertex -6.205901 0.060938 -1.077846
	endloop
endfacet
facet normal 0.000000 1.000000 0.000000
	outer loop
		vertex -6.205901 0.060938 -1.077846
		vertex -6.205901 0.060938 -1.077846
		vertex -6.163985 0.011230 -1.103872
	endloop
endfacet
facet normal 0.000000 1.000000 0.000000
	outer loop
		vertex -6.205901 0.060938 -1.077846
		vertex -6.163985 0.011230 -1.103872
		vertex -6.163985 0.011230 -1.103872
	endloop
endfacet
facet normal 0.000000 1.000000 0.000000
	outer loop
		vertex -6.163985 0.011230 -1.103872
		vertex -6.163985 0.011230 -1.103872
		vertex -6.145847 -0.010280 -1.122811
	endloop
endfacet
facet normal 0.000000 1.000000 0.000000
	outer loop
		vertex -6.163985 0.011230 -1.103872
		vertex -6.145847 -0.010280 -1.122811
		vertex -6.145847 -0.010280 -1.122811
	endloop
endfacet
facet normal 0.000000 1.000000 0.000000
	outer loop
		vertex -6.145847 -0.010280 -1.122811
		vertex -6.145847 -0.010280 -1.122811
		vertex -6.139134 -0.018240 -1.135991
	endloop
endfacet
facet normal 0.000000 1.000000 0.000000
	outer loop
		vertex -6.145847 -0.010280 -1.122811
		vertex -6.139134 -0.018240 -1.135991
		vertex -6.139134 -0.018240 -1.135991
	endloop
endfacet
facet normal -0.180388 0.201627 0.962708
	outer loop
		vertex -5.965576 0.132195 -1.134977
		vertex -6.139134 -0.018240 -1.135991
		vertex -5.975708 0.144210 -1.139392
	endloop
endfacet
facet normal -0.180386 0.201624 0.962709
	outer loop
		vertex -6.139134 -0.018240 -1.135991
		vertex -6.149559 -0.005877 -1.140534
		vertex -5.975708 0.144210 -1.139392
	endloop
endfacet
facet normal 0.019632 -0.030343 0.999347
	outer loop
		vertex -5.975708 0.144210 -1.139392
		vertex -6.149559 -0.005877 -1.140534
		vertex -5.996942 0.169391 -1.138210
	endloop
endfacet
facet normal 0.019631 -0.030342 0.999347
	outer loop
		vertex -6.149559 -0.005877 -1.140534
		vertex -6.171409 0.020034 -1.139318
		vertex -5.996942 0.169391 -1.138210
	endloop
endfacet
facet normal 0.155804 -0.189188 0.969501
	outer loop
		vertex -5.996942 0.169391 -1.138210
		vertex -6.171409 0.020034 -1.139318
		vertex -6.039482 0.219838 -1.121530
	endloop
endfacet
facet normal 0.155804 -0.189188 0.969501
	outer loop
		vertex -6.171409 0.020034 -1.139318
		vertex -6.215182 0.071944 -1.122154
		vertex -6.039482 0.219838 -1.121530
	endloop
endfacet
facet normal 0.197023 -0.238078 0.951053
	outer loop
		vertex -6.039482 0.219838 -1.121530
		vertex -6.215182 0.071944 -1.122154
		vertex -6.094998 0.285674 -1.093548
	endloop
endfacet
facet normal 0.197022 -0.238077 0.951053
	outer loop
		vertex -6.215182 0.071944 -1.122154
		vertex -6.272308 0.139688 -1.093361
		vertex -6.094998 0.285674 -1.093548
	endloop
endfacet
facet normal 0.250928 -0.303591 0.919167
	outer loop
		vertex -6.094998 0.285674 -1.093548
		vertex -6.272308 0.139688 -1.093361
		vertex -6.175814 0.381512 -1.039832
	endloop
endfacet
facet normal 0.250930 -0.303591 0.919166
	outer loop
		vertex -6.272308 0.139688 -1.093361
		vertex -6.355465 0.238303 -1.038088
		vertex -6.175814 0.381512 -1.039832
	endloop
endfacet
facet normal 0.250928 -0.303590 0.919167
	outer loop
		vertex -6.175814 0.381512 -1.039832
		vertex -6.355465 0.238303 -1.038088
		vertex -6.243160 0.461376 -0.995068
	endloop
endfacet
facet normal 0.250929 -0.303590 0.919167
	outer loop
		vertex -6.355465 0.238303 -1.038088
		vertex -6.424764 0.320483 -0.992027
		vertex -6.243160 0.461376 -0.995068
	endloop
endfacet
facet normal 0.000000 1.000000 0.000000
	outer loop
		vertex -6.243160 0.461376 -0.995068
		vertex -6.424764 0.320483 -0.992027
		vertex -6.243160 0.461376 -0.995068
	endloop
endfacet
facet normal 0.000000 1.000000 0.000000
	outer loop
		vertex -6.424764 0.320483 -0.992027
		vertex -6.424764 0.320483 -0.992027
		vertex -6.243160 0.461376 -0.995068
	endloop
endfacet
facet normal -0.145848 0.166939 -0.975120
	outer loop
		vertex -6.243160 0.461376 -0.995068
		vertex -6.424764 0.320483 -0.992027
		vertex -6.171714 0.376650 -1.020259
	endloop
endfacet
facet normal -0.145848 0.166939 -0.975120
	outer loop
		vertex -6.424764 0.320483 -0.992027
		vertex -6.351247 0.233301 -1.017948
		vertex -6.171714 0.376650 -1.020259
	endloop
endfacet
facet normal -0.145848 0.166939 -0.975120
	outer loop
		vertex -6.171714 0.376650 -1.020259
		vertex -6.351247 0.233301 -1.017948
		vertex -6.085979 0.274979 -1.050488
	endloop
endfacet
facet normal -0.145848 0.166939 -0.975120
	outer loop
		vertex -6.351247 0.233301 -1.017948
		vertex -6.263027 0.128682 -1.049053
		vertex -6.085979 0.274979 -1.050488
	endloop
endfacet
facet normal -0.201391 0.234393 -0.951053
	outer loop
		vertex -6.085979 0.274979 -1.050488
		vertex -6.263027 0.128682 -1.049053
		vertex -6.030462 0.209142 -1.078470
	endloop
endfacet
facet normal -0.201391 0.234394 -0.951053
	outer loop
		vertex -6.263027 0.128682 -1.049053
		vertex -6.205901 0.060938 -1.077846
		vertex -6.030462 0.209142 -1.078470
	endloop
endfacet
facet normal -0.241728 0.282239 -0.928391
	outer loop
		vertex -6.030462 0.209142 -1.078470
		vertex -6.205901 0.060938 -1.077846
		vertex -5.989727 0.160835 -1.103763
	endloop
endfacet
facet normal -0.241727 0.282238 -0.928391
	outer loop
		vertex -6.205901 0.060938 -1.077846
		vertex -6.163985 0.011230 -1.103872
		vertex -5.989727 0.160835 -1.103763
	endloop
endfacet
facet normal -0.363451 0.423947 -0.829562
	outer loop
		vertex -5.989727 0.160835 -1.103763
		vertex -6.163985 0.011230 -1.103872
		vertex -5.972100 0.139931 -1.122168
	endloop
endfacet
facet normal -0.363452 0.423949 -0.829561
	outer loop
		vertex -6.163985 0.011230 -1.103872
		vertex -6.145847 -0.010280 -1.122811
		vertex -5.972100 0.139931 -1.122168
	endloop
endfacet
facet normal -0.511878 0.594735 -0.619896
	outer loop
		vertex -5.972100 0.139931 -1.122168
		vertex -6.145847 -0.010280 -1.122811
		vertex -5.965576 0.132195 -1.134977
	endloop
endfacet
facet normal -0.511877 0.594733 -0.619899
	outer loop
		vertex -6.145847 -0.010280 -1.122811
		vertex -6.139134 -0.018240 -1.135991
		vertex -5.965576 0.132195 -1.134977
	endloop
endfacet
facet normal 0.000000 1.000000 0.000000
	outer loop
		vertex -5.965576 0.132195 -1.134977
		vertex -5.965576 0.132195 -1.134977
		vertex -5.975708 0.144210 -1.139392
	endloop
endfacet
facet normal 0.000000 1.000000 0.000000
	outer loop
		vertex -5.965576 0.132195 -1.134977
		vertex -5.975708 0.144210 -1.139392
		vertex -5.975708 0.144210 -1.139392
	endloop
endfacet
facet normal 0.000000 1.000000 0.000000
	outer loop
		vertex -5.975708 0.144210 -1.139392
		vertex -5.975708 0.144210 -1.139392
		vertex -5.996942 0.169391 -1.138210
	endloop
endfacet
facet normal 0.000000 1.000000 0.000000
	outer loop
		vertex -5.975708 0.144210 -1.139392
		vertex -5.996942 0.169391 -1.138210
		vertex -5.996942 0.169391 -1.138210
	endloop
endfacet
facet normal 0.000000 1.000000 0.000000
	outer loop
		vertex -5.996942 0.169391 -1.138210
		vertex -5.996942 0.169391 -1.138210
		vertex -6.039482 0.219838 -1.121530
	endloop
endfacet
facet normal 0.000000 1.000000 0.000000
	outer loop
		vertex -5.996942 0.169391 -1.138210
		vertex -6.039482 0.219838 -1.121530
		vertex -6.039482 0.219838 -1.121530
	endloop
endfacet
facet normal 0.000000 1.000000 0.000000
	outer loop
		vertex -6.039482 0.219838 -1.121530
		vertex -6.039482 0.219838 -1.121530
		vertex -6.094998 0.285674 -1.093548
	endloop
endfacet
facet normal 0.000000 1.000000 0.000000
	outer loop
		vertex -6.039482 0.219838 -1.121530
		vertex -6.094998 0.285674 -1.093548
		vertex -6.094998 0.285674 -1.093548
	endloop
endfacet
facet normal 0.000000 1.000000 0.000000
	outer loop
		vertex -6.094998 0.285674 -1.093548
		vertex -6.094998 0.285674 -1.093548
		vertex -6.175814 0.381512 -1.039832
	endloop
endfacet
facet normal 0.000000 1.000000 0.000000
	outer loop
		vertex -6.094998 0.285674 -1.093548
		vertex -6.175814 0.381512 -1.039832
		vertex -6.175814 0.381512 -1.039832
	endloop
endfacet
facet normal 0.000000 1.000000 0.000000
	outer loop
		vertex -6.175814 0.381512 -1.039832
		vertex -6.175814 0.381512 -1.039832
		vertex -6.243160 0.461376 -0.995068
	endloop
endfacet
facet normal 0.000000 1.000000 0.000000
	outer loop
		vertex -6.175814 0.381512 -1.039832
		vertex -6.243160 0.461376 -0.995068
		vertex -6.243160 0.461376 -0.995068
	endloop
endfacet
facet normal 0.000000 1.000000 0.000000
	outer loop
		vertex -6.243160 0.461376 -0.995068
		vertex -6.243160 0.461376 -0.995068
		vertex -6.243160 0.461376 -0.995068
	endloop
endfacet
facet normal 0.000000 1.000000 0.000000
	outer loop
		vertex -6.243160 0.461376 -0.995068
		vertex -6.243160 0.461376 -0.995068
		vertex -6.243160 0.461376 -0.995068
	endloop
endfacet
facet normal 0.000000 1.000000 0.000000
	outer loop
		vertex -6.243160 0.461376 -0.995068
		vertex -6.243160 0.461376 -0.995068
		vertex -6.171714 0.376650 -1.020259
	endloop
endfacet
facet normal 0.000000 1.000000 0.000000
	outer loop
		vertex -6.243160 0.461376 -0.995068
		vertex -6.171714 0.376650 -1.020259
		vertex -6.171714 0.376650 -1.020259
	endloop
endfacet
facet normal 0.000000 1.000000 0.000000
	outer loop
		vertex -6.171714 0.376650 -1.020259
		vertex -6.171714 0.376650 -1.020259
		vertex -6.085979 0.274979 -1.050488
	endloop
endfacet
facet normal 0.000000 1.000000 0.000000
	outer loop
		vertex -6.171714 0.376650 -1.020259
		vertex -6.085979 0.274979 -1.050488
		vertex -6.085979 0.274979 -1.050488
	endloop
endfacet
facet normal 0.000000 1.000000 0.000000
	outer loop
		vertex -6.085979 0.274979 -1.050488
		vertex -6.085979 0.274979 -1.050488
		vertex -6.030462 0.209142 -1.078470
	endloop
endfacet
facet normal 0.000000 1.000000 0.000000
	outer loop
		vertex -6.085979 0.274979 -1.050488
		vertex -6.030462 0.209142 -1.078470
		vertex -6.030462 0.209142 -1.078470
	endloop
endfacet
facet normal 0.000000 1.000000 0.000000
	outer loop
		vertex -6.030462 0.209142 -1.078470
		vertex -6.030462 0.209142 -1.078470
		vertex -5.989727 0.160835 -1.103763
	endloop
endfacet
facet normal 0.000000 1.000000 0.000000
	outer loop
		vertex -6.030462 0.209142 -1.078470
		vertex -5.989727 0.160835 -1.103763
		vertex -5.989727 0.160835 -1.103763
	endloop
endfacet
facet normal 0.000000 1.000000 0.000000
	outer loop
		vertex -5.989727 0.160835 -1.103763
		vertex -5.989727 0.160835 -1.103763
		vertex -5.972100 0.139931 -1.122168
	endloop
endfacet
facet normal 0.000000 1.000000 0.000000
	outer loop
		vertex -5.989727 0.160835 -1.103763
		vertex -5.972100 0.139931 -1.122168
		vertex -5.972100 0.139931 -1.122168
	endloop
endfacet
facet normal 0.000000 1.000000 0.000000
	outer loop
		vertex -5.972100 0.139931 -1.122168
		vertex -5.972100 0.139931 -1.122168
		vertex -5.965576 0.132195 -1.134977
	endloop
endfacet
facet normal 0.000000 1.000000 0.000000
	outer loop
		vertex -5.972100 0.139931 -1.122168
		vertex -5.965576 0.132195 -1.134977
		vertex -5.965576 0.132195 -1.134977
	endloop
endfacet
facet normal -0.180391 0.201630 0.962707
	outer loop
		vertex -5.792018 0.282630 -1.133963
		vertex -5.965576 0.132195 -1.134977
		vertex -5.801856 0.294296 -1.138250
	endloop
endfacet
facet normal -0.180388 0.201627 0.962708
	outer loop
		vertex -5.965576 0.132195 -1.134977
		vertex -5.975708 0.144210 -1.139392
		vertex -5.801856 0.294296 -1.138250
	endloop
endfacet
facet normal 0.019632 -0.030343 0.999347
	outer loop
		vertex -5.801856 0.294296 -1.138250
		vertex -5.975708 0.144210 -1.139392
		vertex -5.822475 0.318748 -1.137103
	endloop
endfacet
facet normal 0.019631 -0.030343 0.999347
	outer loop
		vertex -5.975708 0.144210 -1.139392
		vertex -5.996942 0.169391 -1.138210
		vertex -5.822475 0.318748 -1.137103
	endloop
endfacet
facet normal 0.155804 -0.189187 0.969501
	outer loop
		vertex -5.822475 0.318748 -1.137103
		vertex -5.996942 0.169391 -1.138210
		vertex -5.863782 0.367733 -1.120906
	endloop
endfacet
facet normal 0.155804 -0.189187 0.969501
	outer loop
		vertex -5.996942 0.169391 -1.138210
		vertex -6.039482 0.219838 -1.121530
		vertex -5.863782 0.367733 -1.120906
	endloop
endfacet
facet normal 0.197023 -0.238078 0.951052
	outer loop
		vertex -5.863782 0.367733 -1.120906
		vertex -6.039482 0.219838 -1.121530
		vertex -5.917689 0.431661 -1.093735
	endloop
endfacet
facet normal 0.197023 -0.238078 0.951052
	outer loop
		vertex -6.039482 0.219838 -1.121530
		vertex -6.094998 0.285674 -1.093548
		vertex -5.917689 0.431661 -1.093735
	endloop
endfacet
facet normal 0.250929 -0.303590 0.919167
	outer loop
		vertex -5.917689 0.431661 -1.093735
		vertex -6.094998 0.285674 -1.093548
		vertex -5.996162 0.524720 -1.041576
	endloop
endfacet
facet normal 0.250929 -0.303590 0.919167
	outer loop
		vertex -6.094998 0.285674 -1.093548
		vertex -6.175814 0.381512 -1.039832
		vertex -5.996162 0.524720 -1.041576
	endloop
endfacet
facet normal 0.250930 -0.303591 0.919167
	outer loop
		vertex -5.996162 0.524720 -1.041576
		vertex -6.175814 0.381512 -1.039832
		vertex -6.061556 0.602270 -0.998110
	endloop
endfacet
facet normal 0.250928 -0.303590 0.919167
	outer loop
		vertex -6.175814 0.381512 -1.039832
		vertex -6.243160 0.461376 -0.995068
		vertex -6.061556 0.602270 -0.998110
	endloop
endfacet
facet normal 0.000000 1.000000 0.000000
	outer loop
		vertex -6.061556 0.602270 -0.998110
		vertex -6.243160 0.461376 -0.995068
		vertex -6.061556 0.602270 -0.998110
	endloop
endfacet
facet normal 0.000000 1.000000 0.000000
	outer loop
		vertex -6.243160 0.461376 -0.995068
		vertex -6.243160 0.461376 -0.995068
		vertex -6.061556 0.602270 -0.998110
	endloop
endfacet
facet normal -0.145847 0.166938 -0.975121
	outer loop
		vertex -6.061556 0.602270 -0.998110
		vertex -6.243160 0.461376 -0.995068
		vertex -5.992181 0.520000 -1.022570
	endloop
endfacet
facet normal -0.145847 0.166939 -0.975120
	outer loop
		vertex -6.243160 0.461376 -0.995068
		vertex -6.171714 0.376650 -1.020259
		vertex -5.992181 0.520000 -1.022570
	endloop
endfacet
facet normal -0.145848 0.166940 -0.975120
	outer loop
		vertex -5.992181 0.520000 -1.022570
		vertex -6.171714 0.376650 -1.020259
		vertex -5.908932 0.421275 -1.051924
	endloop
endfacet
facet normal -0.145848 0.166939 -0.975120
	outer loop
		vertex -6.171714 0.376650 -1.020259
		vertex -6.085979 0.274979 -1.050488
		vertex -5.908932 0.421275 -1.051924
	endloop
endfacet
facet normal -0.201391 0.234393 -0.951053
	outer loop
		vertex -5.908932 0.421275 -1.051924
		vertex -6.085979 0.274979 -1.050488
		vertex -5.855024 0.357347 -1.079094
	endloop
endfacet
facet normal -0.201391 0.234393 -0.951053
	outer loop
		vertex -6.085979 0.274979 -1.050488
		vertex -6.030462 0.209142 -1.078470
		vertex -5.855024 0.357347 -1.079094
	endloop
endfacet
facet normal -0.241728 0.282238 -0.928391
	outer loop
		vertex -5.855024 0.357347 -1.079094
		vertex -6.030462 0.209142 -1.078470
		vertex -5.815469 0.310440 -1.103654
	endloop
endfacet
facet normal -0.241728 0.282238 -0.928391
	outer loop
		vertex -6.030462 0.209142 -1.078470
		vertex -5.989727 0.160835 -1.103763
		vertex -5.815469 0.310440 -1.103654
	endloop
endfacet
facet normal -0.363449 0.423946 -0.829563
	outer loop
		vertex -5.815469 0.310440 -1.103654
		vertex -5.989727 0.160835 -1.103763
		vertex -5.798353 0.290142 -1.121526
	endloop
endfacet
facet normal -0.363450 0.423948 -0.829561
	outer loop
		vertex -5.989727 0.160835 -1.103763
		vertex -5.972100 0.139931 -1.122168
		vertex -5.798353 0.290142 -1.121526
	endloop
endfacet
facet normal -0.511882 0.594740 -0.619888
	outer loop
		vertex -5.798353 0.290142 -1.121526
		vertex -5.972100 0.139931 -1.122168
		vertex -5.792018 0.282630 -1.133963
	endloop
endfacet
facet normal -0.511879 0.594735 -0.619896
	outer loop
		vertex -5.972100 0.139931 -1.122168
		vertex -5.965576 0.132195 -1.134977
		vertex -5.792018 0.282630 -1.133963
	endloop
endfacet
facet normal 0.000000 1.000000 0.000000
	outer loop
		vertex -5.792018 0.282630 -1.133963
		vertex -5.792018 0.282630 -1.133963
		vertex -5.801856 0.294296 -1.138250
	endloop
endfacet
facet normal 0.000000 1.000000 0.000000
	outer loop
		vertex -5.792018 0.282630 -1.133963
		vertex -5.801856 0.294296 -1.138250
		vertex -5.801856 0.294296 -1.138250
	endloop
endfacet
facet normal 0.000000 1.000000 0.000000
	outer loop
		vertex -5.801856 0.294296 -1.138250
		vertex -5.801856 0.294296 -1.138250
		vertex -5.822475 0.318748 -1.137103
	endloop
endfacet
facet normal 0.000000 1.000000 0.000000
	outer loop
		vertex -5.801856 0.294296 -1.138250
		vertex -5.822475 0.318748 -1.137103
		vertex -5.822475 0.318748 -1.137103
	endloop
endfacet
facet normal 0.000000 1.000000 0.000000
	outer loop
		vertex -5.822475 0.318748 -1.137103
		vertex -5.822475 0.318748 -1.137103
		vertex -5.863782 0.367733 -1.120906
	endloop
endfacet
facet normal 0.000000 1.000000 0.000000
	outer loop
		vertex -5.822475 0.318748 -1.137103
		vertex -5.863782 0.367733 -1.120906
		vertex -5.863782 0.367733 -1.120906
	endloop
endfacet
facet normal 0.000000 1.000000 0.000000
	outer loop
		vertex -5.863782 0.367733 -1.120906
		vertex -5.863782 0.367733 -1.120906
		vertex -5.917689 0.431661 -1.093735
	endloop
endfacet
facet normal 0.000000 1.000000 0.000000
	outer loop
		vertex -5.863782 0.367733 -1.120906
		vertex -5.917689 0.431661 -1.093735
		vertex -5.917689 0.431661 -1.093735
	endloop
endfacet
facet normal 0.000000 1.000000 0.000000
	outer loop
		vertex -5.917689 0.431661 -1.093735
		vertex -5.917689 0.431661 -1.093735
		vertex -5.996162 0.524720 -1.041576
	endloop
endfacet
facet normal 0.000000 1.000000 0.000000
	outer loop
		vertex -5.917689 0.431661 -1.093735
		vertex -5.996162 0.524720 -1.041576
		vertex -5.996162 0.524720 -1.041576
	endloop
endfacet
facet normal 0.000000 1.000000 0.000000
	outer loop
		vertex -5.996162 0.524720 -1.041576
		vertex -5.996162 0.524720 -1.041576
		vertex -6.061556 0.602270 -0.998110
	endloop
endfacet
facet normal 0.000000 1.000000 0.000000
	outer loop
		vertex -5.996162 0.524720 -1.041576
		vertex -6.061556 0.602270 -0.998110
		vertex -6.061556 0.602270 -0.998110
	endloop
endfacet
facet normal 0.000000 1.000000 0.000000
	outer loop
		vertex -6.061556 0.602270 -0.998110
		vertex -6.061556 0.602270 -0.998110
		vertex -6.061556 0.602270 -0.998110
	endloop
endfacet
facet normal 0.000000 1.000000 0.000000
	outer loop
		vertex -6.061556 0.602270 -0.998110
		vertex -6.061556 0.602270 -0.998110
		vertex -6.061556 0.602270 -0.998110
	endloop
endfacet
facet normal 0.000000 1.000000 0.000000
	outer loop
		vertex -6.061556 0.602270 -0.998110
		vertex -6.061556 0.602270 -0.998110
		vertex -5.992181 0.520000 -1.022570
	endloop
endfacet
facet normal 0.000000 1.000000 0.000000
	outer loop
		vertex -6.061556 0.602270 -0.998110
		vertex -5.992181 0.520000 -1.022570
		vertex -5.992181 0.520000 -1.022570
	endloop
endfacet
facet normal 0.000000 1.000000 0.000000
	outer loop
		vertex -5.992181 0.520000 -1.022570
		vertex -5.992181 0.520000 -1.022570
		vertex -5.908932 0.421275 -1.051924
	endloop
endfacet
facet normal 0.000000 1.000000 0.000000
	outer loop
		vertex -5.992181 0.520000 -1.022570
		vertex -5.908932 0.421275 -1.051924
		vertex -5.908932 0.421275 -1.051924
	endloop
endfacet
facet normal 0.000000 1.000000 0.000000
	outer loop
		vertex -5.908932 0.421275 -1.051924
		vertex -5.908932 0.421275 -1.051924
		vertex -5.855024 0.357347 -1.079094
	endloop
endfacet
facet normal 0.000000 1.000000 0.000000
	outer loop
		vertex -5.908932 0.421275 -1.051924
		vertex -5.855024 0.357347 -1.079094
		vertex -5.855024 0.357347 -1.079094
	endloop
endfacet
facet normal 0.000000 1.000000 0.000000
	outer loop
		vertex -5.855024 0.357347 -1.079094
		vertex -5.855024 0.357347 -1.079094
		vertex -5.815469 0.310440 -1.103654
	endloop
endfacet
facet normal 0.000000 1.000000 0.000000
	outer loop
		vertex -5.855024 0.357347 -1.079094
		vertex -5.815469 0.310440 -1.103654
		vertex -5.815469 0.310440 -1.103654
	endloop
endfacet
facet normal 0.000000 1.000000 0.000000
	outer loop
		vertex -5.815469 0.310440 -1.103654
		vertex -5.815469 0.310440 -1.103654
		vertex -5.798353 0.290142 -1.121526
	endloop
endfacet
facet normal 0.000000 1.000000 0.000000
	outer loop
		vertex -5.815469 0.310440 -1.103654
		vertex -5.798353 0.290142 -1.121526
		vertex -5.798353 0.290142 -1.121526
	endloop
endfacet
facet normal 0.000000 1.000000 0.000000
	outer loop
		vertex -5.798353 0.290142 -1.121526
		vertex -5.798353 0.290142 -1.121526
		vertex -5.792018 0.282630 -1.133963
	endloop
endfacet
facet normal 0.000000 1.000000 0.000000
	outer loop
		vertex -5.798353 0.290142 -1.121526
		vertex -5.792018 0.282630 -1.133963
		vertex -5.792018 0.282630 -1.133963
	endloop
endfacet
facet normal -0.180388 0.201628 0.962708
	outer loop
		vertex -5.618461 0.433065 -1.132950
		vertex -5.792018 0.282630 -1.133963
		vertex -5.628005 0.444383 -1.137108
	endloop
endfacet
facet normal -0.180391 0.201630 0.962707
	outer loop
		vertex -5.792018 0.282630 -1.133963
		vertex -5.801856 0.294296 -1.138250
		vertex -5.628005 0.444383 -1.137108
	endloop
endfacet
facet normal 0.019633 -0.030344 0.999347
	outer loop
		vertex -5.628005 0.444383 -1.137108
		vertex -5.801856 0.294296 -1.138250
		vertex -5.648008 0.468105 -1.135995
	endloop
endfacet
facet normal 0.019632 -0.030343 0.999347
	outer loop
		vertex -5.801856 0.294296 -1.138250
		vertex -5.822475 0.318748 -1.137103
		vertex -5.648008 0.468105 -1.135995
	endloop
endfacet
facet normal 0.155804 -0.189187 0.969502
	outer loop
		vertex -5.648008 0.468105 -1.135995
		vertex -5.822475 0.318748 -1.137103
		vertex -5.688082 0.515628 -1.120282
	endloop
endfacet
facet normal 0.155804 -0.189187 0.969501
	outer loop
		vertex -5.822475 0.318748 -1.137103
		vertex -5.863782 0.367733 -1.120906
		vertex -5.688082 0.515628 -1.120282
	endloop
endfacet
facet normal 0.197022 -0.238077 0.951053
	outer loop
		vertex -5.688082 0.515628 -1.120282
		vertex -5.863782 0.367733 -1.120906
		vertex -5.740380 0.577647 -1.093922
	endloop
endfacet
facet normal 0.197023 -0.238078 0.951052
	outer loop
		vertex -5.863782 0.367733 -1.120906
		vertex -5.917689 0.431661 -1.093735
		vertex -5.740380 0.577647 -1.093922
	endloop
endfacet
facet normal 0.250929 -0.303590 0.919167
	outer loop
		vertex -5.740380 0.577647 -1.093922
		vertex -5.917689 0.431661 -1.093735
		vertex -5.816511 0.667929 -1.043320
	endloop
endfacet
facet normal 0.250929 -0.303590 0.919167
	outer loop
		vertex -5.917689 0.431661 -1.093735
		vertex -5.996162 0.524720 -1.041576
		vertex -5.816511 0.667929 -1.043320
	endloop
endfacet
facet normal 0.250929 -0.303591 0.919166
	outer loop
		vertex -5.816511 0.667929 -1.043320
		vertex -5.996162 0.524720 -1.041576
		vertex -5.879952 0.743164 -1.001151
	endloop
endfacet
facet normal 0.250929 -0.303591 0.919167
	outer loop
		vertex -5.996162 0.524720 -1.041576
		vertex -6.061556 0.602270 -0.998110
		vertex -5.879952 0.743164 -1.001151
	endloop
endfacet
facet normal 0.000000 1.000000 0.000000
	outer loop
		vertex -5.879952 0.743164 -1.001151
		vertex -6.061556 0.602270 -0.998110
		vertex -5.879952 0.743164 -1.001151
	endloop
endfacet
facet normal 0.000000 1.000000 0.000000
	outer loop
		vertex -6.061556 0.602270 -0.998110
		vertex -6.061556 0.602270 -0.998110
		vertex -5.879952 0.743164 -1.001151
	endloop
endfacet
facet normal -0.145848 0.166939 -0.975120
	outer loop
		vertex -5.879952 0.743164 -1.001151
		vertex -6.061556 0.602270 -0.998110
		vertex -5.812649 0.663349 -1.024882
	endloop
endfacet
facet normal -0.145847 0.166938 -0.975121
	outer loop
		vertex -6.061556 0.602270 -0.998110
		vertex -5.992181 0.520000 -1.022570
		vertex -5.812649 0.663349 -1.024882
	endloop
endfacet
facet normal -0.145848 0.166939 -0.975120
	outer loop
		vertex -5.812649 0.663349 -1.024882
		vertex -5.992181 0.520000 -1.022570
		vertex -5.731884 0.567572 -1.053359
	endloop
endfacet
facet normal -0.145848 0.166940 -0.975120
	outer loop
		vertex -5.992181 0.520000 -1.022570
		vertex -5.908932 0.421275 -1.051924
		vertex -5.731884 0.567572 -1.053359
	endloop
endfacet
facet normal -0.201391 0.234394 -0.951052
	outer loop
		vertex -5.731884 0.567572 -1.053359
		vertex -5.908932 0.421275 -1.051924
		vertex -5.679585 0.505552 -1.079718
	endloop
endfacet
facet normal -0.201391 0.234393 -0.951053
	outer loop
		vertex -5.908932 0.421275 -1.051924
		vertex -5.855024 0.357347 -1.079094
		vertex -5.679585 0.505552 -1.079718
	endloop
endfacet
facet normal -0.241727 0.282237 -0.928391
	outer loop
		vertex -5.679585 0.505552 -1.079718
		vertex -5.855024 0.357347 -1.079094
		vertex -5.641211 0.460045 -1.103544
	endloop
endfacet
facet normal -0.241728 0.282238 -0.928391
	outer loop
		vertex -5.855024 0.357347 -1.079094
		vertex -5.815469 0.310440 -1.103654
		vertex -5.641211 0.460045 -1.103544
	endloop
endfacet
facet normal -0.363451 0.423948 -0.829561
	outer loop
		vertex -5.641211 0.460045 -1.103544
		vertex -5.815469 0.310440 -1.103654
		vertex -5.624606 0.440353 -1.120883
	endloop
endfacet
facet normal -0.363450 0.423945 -0.829563
	outer loop
		vertex -5.815469 0.310440 -1.103654
		vertex -5.798353 0.290142 -1.121526
		vertex -5.624606 0.440353 -1.120883
	endloop
endfacet
facet normal -0.511881 0.594736 -0.619893
	outer loop
		vertex -5.624606 0.440353 -1.120883
		vertex -5.798353 0.290142 -1.121526
		vertex -5.618461 0.433065 -1.132950
	endloop
endfacet
facet normal -0.511883 0.594739 -0.619888
	outer loop
		vertex -5.798353 0.290142 -1.121526
		vertex -5.792018 0.282630 -1.133963
		vertex -5.618461 0.433065 -1.132950
	endloop
endfacet
facet normal 0.000000 1.000000 0.000000
	outer loop
		vertex -5.618461 0.433065 -1.132950
		vertex -5.618461 0.433065 -1.132950
		vertex -5.628005 0.444383 -1.137108
	endloop
endfacet
facet normal 0.000000 1.000000 0.000000
	outer loop
		vertex -5.618461 0.433065 -1.132950
		vertex -5.628005 0.444383 -1.137108
		vertex -5.628005 0.444383 -1.137108
	endloop
endfacet
facet normal 0.000000 1.000000 0.000000
	outer loop
		vertex -5.628005 0.444383 -1.137108
		vertex -5.628005 0.444383 -1.137108
		vertex -5.648008 0.468105 -1.135995
	endloop
endfacet
facet normal 0.000000 1.000000 0.000000
	outer loop
		vertex -5.628005 0.444383 -1.137108
		vertex -5.648008 0.468105 -1.135995
		vertex -5.648008 0.468105 -1.135995
	endloop
endfacet
facet normal 0.000000 1.000000 0.000000
	outer loop
		vertex -5.648008 0.468105 -1.135995
		vertex -5.648008 0.468105 -1.135995
		vertex -5.688082 0.515628 -1.120282
	endloop
endfacet
facet normal 0.000000 1.000000 0.000000
	outer loop
		vertex -5.648008 0.468105 -1.135995
		vertex -5.688082 0.515628 -1.120282
		vertex -5.688082 0.515628 -1.120282
	endloop
endfacet
facet normal 0.000000 1.000000 0.000000
	outer loop
		vertex -5.688082 0.515628 -1.120282
		vertex -5.688082 0.515628 -1.120282
		vertex -5.740380 0.577647 -1.093922
	endloop
endfacet
facet normal 0.000000 1.000000 0.000000
	outer loop
		vertex -5.688082 0.515628 -1.120282
		vertex -5.740380 0.577647 -1.093922
		vertex -5.740380 0.577647 -1.093922
	endloop
endfacet
facet normal 0.000000 1.000000 0.000000
	outer loop
		vertex -5.740380 0.577647 -1.093922
		vertex -5.740380 0.577647 -1.093922
		vertex -5.816511 0.667929 -1.043320
	endloop
endfacet
facet normal 0.000000 1.000000 0.000000
	outer loop
		vertex -5.740380 0.577647 -1.093922
		vertex -5.816511 0.667929 -1.043320
		vertex -5.816511 0.667929 -1.043320
	endloop
endfacet
facet normal 0.000000 1.000000 0.000000
	outer loop
		vertex -5.816511 0.667929 -1.043320
		vertex -5.816511 0.667929 -1.043320
		vertex -5.879952 0.743164 -1.001151
	endloop
endfacet
facet normal 0.000000 1.000000 0.000000
	outer loop
		vertex -5.816511 0.667929 -1.043320
		vertex -5.879952 0.743164 -1.001151
		vertex -5.879952 0.743164 -1.001151
	endloop
endfacet
facet normal 0.000000 1.000000 0.000000
	outer loop
		vertex -5.879952 0.743164 -1.001151
		vertex -5.879952 0.743164 -1.001151
		vertex -5.879952 0.743164 -1.001151
	endloop
endfacet
facet normal 0.000000 1.000000 0.000000
	outer loop
		vertex -5.879952 0.743164 -1.001151
		vertex -5.879952 0.743164 -1.001151
		vertex -5.879952 0.743164 -1.001151
	endloop
endfacet
facet normal 0.000000 1.000000 0.000000
	outer loop
		vertex -5.879952 0.743164 -1.001151
		vertex -5.879952 0.743164 -1.001151
		vertex -5.812649 0.663349 -1.024882
	endloop
endfacet
facet normal 0.000000 1.000000 0.000000
	outer loop
		vertex -5.879952 0.743164 -1.001151
		vertex -5.812649 0.663349 -1.024882
		vertex -5.812649 0.663349 -1.024882
	endloop
endfacet
facet normal 0.000000 1.000000 0.000000
	outer loop
		vertex -5.812649 0.663349 -1.024882
		vertex -5.812649 0.663349 -1.024882
		vertex -5.731884 0.567572 -1.053359
	endloop
endfacet
facet normal 0.000000 1.000000 0.000000
	outer loop
		vertex -5.812649 0.663349 -1.024882
		vertex -5.731884 0.567572 -1.053359
		vertex -5.731884 0.567572 -1.053359
	endloop
endfacet
facet normal 0.000000 1.000000 0.000000
	outer loop
		vertex -5.731884 0.567572 -1.053359
		vertex -5.731884 0.567572 -1.053359
		vertex -5.679585 0.505552 -1.079718
	endloop
endfacet
facet normal 0.000000 1.000000 0.000000
	outer loop
		vertex -5.731884 0.567572 -1.053359
		vertex -5.679585 0.505552 -1.079718
		vertex -5.679585 0.505552 -1.079718
	endloop
endfacet
facet normal 0.000000 1.000000 0.000000
	outer loop
		vertex -5.679585 0.505552 -1.079718
		vertex -5.679585 0.505552 -1.079718
		vertex -5.641211 0.460045 -1.103544
	endloop
endfacet
facet normal 0.000000 1.000000 0.000000
	outer loop
		vertex -5.679585 0.505552 -1.079718
		vertex -5.641211 0.460045 -1.103544
		vertex -5.641211 0.460045 -1.103544
	endloop
endfacet
facet normal 0.000000 1.000000 0.000000
	outer loop
		vertex -5.641211 0.460045 -1.103544
		vertex -5.641211 0.460045 -1.103544
		vertex -5.624606 0.440353 -1.120883
	endloop
endfacet
facet normal 0.000000 1.000000 0.000000
	outer loop
		vertex -5.641211 0.460045 -1.103544
		vertex -5.624606 0.440353 -1.120883
		vertex -5.624606 0.440353 -1.120883
	endloop
endfacet
facet normal 0.000000 1.000000 0.000000
	outer loop
		vertex -5.624606 0.440353 -1.120883
		vertex -5.624606 0.440353 -1.120883
		vertex -5.618461 0.433065 -1.132950
	endloop
endfacet
facet normal 0.000000 1.000000 0.000000
	outer loop
		vertex -5.624606 0.440353 -1.120883
		vertex -5.618461 0.433065 -1.132950
		vertex -5.618461 0.433065 -1.132950
	endloop
endfacet
facet normal -0.180392 0.201630 0.962707
	outer loop
		vertex -5.444903 0.583500 -1.131936
		vertex -5.618461 0.433065 -1.132950
		vertex -5.454153 0.594470 -1.135967
	endloop
endfacet
facet normal -0.180389 0.201627 0.962708
	outer loop
		vertex -5.618461 0.433065 -1.132950
		vertex -5.628005 0.444383 -1.137108
		vertex -5.454153 0.594470 -1.135967
	endloop
endfacet
facet normal 0.019632 -0.030342 0.999347
	outer loop
		vertex -5.454153 0.594470 -1.135967
		vertex -5.628005 0.444383 -1.137108
		vertex -5.473541 0.617462 -1.134888
	endloop
endfacet
facet normal 0.019633 -0.030344 0.999347
	outer loop
		vertex -5.628005 0.444383 -1.137108
		vertex -5.648008 0.468105 -1.135995
		vertex -5.473541 0.617462 -1.134888
	endloop
endfacet
facet normal 0.155805 -0.189188 0.969501
	outer loop
		vertex -5.473541 0.617462 -1.134888
		vertex -5.648008 0.468105 -1.135995
		vertex -5.512382 0.663522 -1.119658
	endloop
endfacet
facet normal 0.155804 -0.189187 0.969502
	outer loop
		vertex -5.648008 0.468105 -1.135995
		vertex -5.688082 0.515628 -1.120282
		vertex -5.512382 0.663522 -1.119658
	endloop
endfacet
facet normal 0.197021 -0.238076 0.951053
	outer loop
		vertex -5.512382 0.663522 -1.119658
		vertex -5.688082 0.515628 -1.120282
		vertex -5.563071 0.723634 -1.094109
	endloop
endfacet
facet normal 0.197022 -0.238077 0.951053
	outer loop
		vertex -5.688082 0.515628 -1.120282
		vertex -5.740380 0.577647 -1.093922
		vertex -5.563071 0.723634 -1.094109
	endloop
endfacet
facet normal 0.250929 -0.303591 0.919167
	outer loop
		vertex -5.563071 0.723634 -1.094109
		vertex -5.740380 0.577647 -1.093922
		vertex -5.636859 0.811137 -1.045064
	endloop
endfacet
facet normal 0.250929 -0.303591 0.919167
	outer loop
		vertex -5.740380 0.577647 -1.093922
		vertex -5.816511 0.667929 -1.043320
		vertex -5.636859 0.811137 -1.045064
	endloop
endfacet
facet normal 0.250929 -0.303591 0.919167
	outer loop
		vertex -5.636859 0.811137 -1.045064
		vertex -5.816511 0.667929 -1.043320
		vertex -5.698349 0.884057 -1.004193
	endloop
endfacet
facet normal 0.250929 -0.303591 0.919166
	outer loop
		vertex -5.816511 0.667929 -1.043320
		vertex -5.879952 0.743164 -1.001151
		vertex -5.698349 0.884057 -1.004193
	endloop
endfacet
facet normal 0.000000 1.000000 0.000000
	outer loop
		vertex -5.698349 0.884057 -1.004193
		vertex -5.879952 0.743164 -1.001151
		vertex -5.698349 0.884057 -1.004193
	endloop
endfacet
facet normal 0.000000 1.000000 0.000000
	outer loop
		vertex -5.879952 0.743164 -1.001151
		vertex -5.879952 0.743164 -1.001151
		vertex -5.698349 0.884057 -1.004193
	endloop
endfacet
facet normal -0.145847 0.166938 -0.975121
	outer loop
		vertex -5.698349 0.884057 -1.004193
		vertex -5.879952 0.743164 -1.001151
		vertex -5.633116 0.806699 -1.027193
	endloop
endfacet
facet normal -0.145848 0.166939 -0.975120
	outer loop
		vertex -5.879952 0.743164 -1.001151
		vertex -5.812649 0.663349 -1.024882
		vertex -5.633116 0.806699 -1.027193
	endloop
endfacet
facet normal -0.145848 0.166939 -0.975120
	outer loop
		vertex -5.633116 0.806699 -1.027193
		vertex -5.812649 0.663349 -1.024882
		vertex -5.554836 0.713868 -1.054794
	endloop
endfacet
facet normal -0.145848 0.166939 -0.975120
	outer loop
		vertex -5.812649 0.663349 -1.024882
		vertex -5.731884 0.567572 -1.053359
		vertex -5.554836 0.713868 -1.054794
	endloop
endfacet
facet normal -0.201391 0.234393 -0.951053
	outer loop
		vertex -5.554836 0.713868 -1.054794
		vertex -5.731884 0.567572 -1.053359
		vertex -5.504147 0.653757 -1.080342
	endloop
endfacet
facet normal -0.201391 0.234394 -0.951052
	outer loop
		vertex -5.731884 0.567572 -1.053359
		vertex -5.679585 0.505552 -1.079718
		vertex -5.504147 0.653757 -1.080342
	endloop
endfacet
facet normal -0.241728 0.282238 -0.928391
	outer loop
		vertex -5.504147 0.653757 -1.080342
		vertex -5.679585 0.505552 -1.079718
		vertex -5.466953 0.609650 -1.103435
	endloop
endfacet
facet normal -0.241727 0.282237 -0.928391
	outer loop
		vertex -5.679585 0.505552 -1.079718
		vertex -5.641211 0.460045 -1.103544
		vertex -5.466953 0.609650 -1.103435
	endloop
endfacet
facet normal -0.363451 0.423947 -0.829562
	outer loop
		vertex -5.466953 0.609650 -1.103435
		vertex -5.641211 0.460045 -1.103544
		vertex -5.450859 0.590564 -1.120240
	endloop
endfacet
facet normal -0.363451 0.423948 -0.829561
	outer loop
		vertex -5.641211 0.460045 -1.103544
		vertex -5.624606 0.440353 -1.120883
		vertex -5.450859 0.590564 -1.120240
	endloop
endfacet
facet normal -0.511882 0.594739 -0.619889
	outer loop
		vertex -5.450859 0.590564 -1.120240
		vertex -5.624606 0.440353 -1.120883
		vertex -5.444903 0.583500 -1.131936
	endloop
endfacet
facet normal -0.511880 0.594737 -0.619893
	outer loop
		vertex -5.624606 0.440353 -1.120883
		vertex -5.618461 0.433065 -1.132950
		vertex -5.444903 0.583500 -1.131936
	endloop
endfacet
facet normal 0.000000 1.000000 0.000000
	outer loop
		vertex -5.444903 0.583500 -1.131936
		vertex -5.444903 0.583500 -1.131936
		vertex -5.454153 0.594470 -1.135967
	endloop
endfacet
facet normal 0.000000 1.000000 0.000000
	outer loop
		vertex -5.444903 0.583500 -1.131936
		vertex -5.454153 0.594470 -1.135967
		vertex -5.454153 0.594470 -1.135967
	endloop
endfacet
facet normal 0.000000 1.000000 0.000000
	outer loop
		vertex -5.454153 0.594470 -1.135967
		vertex -5.454153 0.594470 -1.135967
		vertex -5.473541 0.617462 -1.134888
	endloop
endfacet
facet normal 0.000000 1.000000 0.000000
	outer loop
		vertex -5.454153 0.594470 -1.135967
		vertex -5.473541 0.617462 -1.134888
		vertex -5.473541 0.617462 -1.134888
	endloop
endfacet
facet normal 0.000000 1.000000 0.000000
	outer loop
		vertex -5.473541 0.617462 -1.134888
		vertex -5.473541 0.617462 -1.134888
		vertex -5.512382 0.663522 -1.119658
	endloop
endfacet
facet normal 0.000000 1.000000 0.000000
	outer loop
		vertex -5.473541 0.617462 -1.134888
		vertex -5.512382 0.663522 -1.119658
		vertex -5.512382 0.663522 -1.119658
	endloop
endfacet
facet normal 0.000000 1.000000 0.000000
	outer loop
		vertex -5.512382 0.663522 -1.119658
		vertex -5.512382 0.663522 -1.119658
		vertex -5.563071 0.723634 -1.094109
	endloop
endfacet
facet normal 0.000000 1.000000 0.000000
	outer loop
		vertex -5.512382 0.663522 -1.119658
		vertex -5.563071 0.723634 -1.094109
		vertex -5.563071 0.723634 -1.094109
	endloop
endfacet
facet normal 0.000000 1.000000 0.000000
	outer loop
		vertex -5.563071 0.723634 -1.094109
		vertex -5.563071 0.723634 -1.094109
		vertex -5.636859 0.811137 -1.045064
	endloop
endfacet
facet normal 0.000000 1.000000 0.000000
	outer loop
		vertex -5.563071 0.723634 -1.094109
		vertex -5.636859 0.811137 -1.045064
		vertex -5.636859 0.811137 -1.045064
	endloop
endfacet
facet normal 0.000000 1.000000 0.000000
	outer loop
		vertex -5.636859 0.811137 -1.045064
		vertex -5.636859 0.811137 -1.045064
		vertex -5.698349 0.884057 -1.004193
	endloop
endfacet
facet normal 0.000000 1.000000 0.000000
	outer loop
		vertex -5.636859 0.811137 -1.045064
		vertex -5.698349 0.884057 -1.004193
		vertex -5.698349 0.884057 -1.004193
	endloop
endfacet
facet normal 0.000000 1.000000 0.000000
	outer loop
		vertex -5.698349 0.884057 -1.004193
		vertex -5.698349 0.884057 -1.004193
		vertex -5.698349 0.884057 -1.004193
	endloop
endfacet
facet normal 0.000000 1.000000 0.000000
	outer loop
		vertex -5.698349 0.884057 -1.004193
		vertex -5.698349 0.884057 -1.004193
		vertex -5.698349 0.884057 -1.004193
	endloop
endfacet
facet normal 0.000000 1.000000 0.000000
	outer loop
		vertex -5.698349 0.884057 -1.004193
		vertex -5.698349 0.884057 -1.004193
		vertex -5.633116 0.806699 -1.027193
	endloop
endfacet
facet normal 0.000000 1.000000 0.000000
	outer loop
		vertex -5.698349 0.884057 -1.004193
		vertex -5.633116 0.806699 -1.027193
		vertex -5.633116 0.806699 -1.027193
	endloop
endfacet
facet normal 0.000000 1.000000 0.000000
	outer loop
		vertex -5.633116 0.806699 -1.027193
		vertex -5.633116 0.806699 -1.027193
		vertex -5.554836 0.713868 -1.054794
	endloop
endfacet
facet normal 0.000000 1.000000 0.000000
	outer loop
		vertex -5.633116 0.806699 -1.027193
		vertex -5.554836 0.713868 -1.054794
		vertex -5.554836 0.713868 -1.054794
	endloop
endfacet
facet normal 0.000000 1.000000 0.000000
	outer loop
		vertex -5.554836 0.713868 -1.054794
		vertex -5.554836 0.713868 -1.054794
		vertex -5.504147 0.653757 -1.080342
	endloop
endfacet
facet normal 0.000000 1.000000 0.000000
	outer loop
		vertex -5.554836 0.713868 -1.054794
		vertex -5.504147 0.653757 -1.080342
		vertex -5.504147 0.653757 -1.080342
	endloop
endfacet
facet normal 0.000000 1.000000 0.000000
	outer loop
		vertex -5.504147 0.653757 -1.080342
		vertex -5.504147 0.653757 -1.080342
		vertex -5.466953 0.609650 -1.103435
	endloop
endfacet
facet normal 0.000000 1.000000 0.000000
	outer loop
		vertex -5.504147 0.653757 -1.080342
		vertex -5.466953 0.609650 -1.103435
		vertex -5.466953 0.609650 -1.103435
	endloop
endfacet
facet normal 0.000000 1.000000 0.000000
	outer loop
		vertex -5.466953 0.609650 -1.103435
		vertex -5.466953 0.609650 -1.103435
		vertex -5.450859 0.590564 -1.120240
	endloop
endfacet
facet normal 0.000000 1.000000 0.000000
	outer loop
		vertex -5.466953 0.609650 -1.103435
		vertex -5.450859 0.590564 -1.120240
		vertex -5.450859 0.590564 -1.120240
	endloop
endfacet
facet normal 0.000000 1.000000 0.000000
	outer loop
		vertex -5.450859 0.590564 -1.120240
		vertex -5.450859 0.590564 -1.120240
		vertex -5.444903 0.583500 -1.131936
	endloop
endfacet
facet normal 0.000000 1.000000 0.000000
	outer loop
		vertex -5.450859 0.590564 -1.120240
		vertex -5.444903 0.583500 -1.131936
		vertex -5.444903 0.583500 -1.131936
	endloop
endfacet
facet normal -0.180390 0.201628 0.962708
	outer loop
		vertex -5.271345 0.733935 -1.130922
		vertex -5.444903 0.583500 -1.131936
		vertex -5.280302 0.744557 -1.134825
	endloop
endfacet
facet normal -0.180392 0.201630 0.962707
	outer loop
		vertex -5.444903 0.583500 -1.131936
		vertex -5.454153 0.594470 -1.135967
		vertex -5.280302 0.744557 -1.134825
	endloop
endfacet
facet normal 0.019629 -0.030341 0.999347
	outer loop
		vertex -5.280302 0.744557 -1.134825
		vertex -5.454153 0.594470 -1.135967
		vertex -5.299074 0.766819 -1.133780
	endloop
endfacet
facet normal 0.019631 -0.030343 0.999347
	outer loop
		vertex -5.454153 0.594470 -1.135967
		vertex -5.473541 0.617462 -1.134888
		vertex -5.299074 0.766819 -1.133780
	endloop
endfacet
facet normal 0.155804 -0.189188 0.969501
	outer loop
		vertex -5.299074 0.766819 -1.133780
		vertex -5.473541 0.617462 -1.134888
		vertex -5.336682 0.811417 -1.119034
	endloop
endfacet
facet normal 0.155805 -0.189188 0.969501
	outer loop
		vertex -5.473541 0.617462 -1.134888
		vertex -5.512382 0.663522 -1.119658
		vertex -5.336682 0.811417 -1.119034
	endloop
endfacet
facet normal 0.197022 -0.238077 0.951053
	outer loop
		vertex -5.336682 0.811417 -1.119034
		vertex -5.512382 0.663522 -1.119658
		vertex -5.385762 0.869620 -1.094296
	endloop
endfacet
facet normal 0.197021 -0.238076 0.951053
	outer loop
		vertex -5.512382 0.663522 -1.119658
		vertex -5.563071 0.723634 -1.094109
		vertex -5.385762 0.869620 -1.094296
	endloop
endfacet
facet normal 0.250929 -0.303591 0.919167
	outer loop
		vertex -5.385762 0.869620 -1.094296
		vertex -5.563071 0.723634 -1.094109
		vertex -5.457207 0.954346 -1.046808
	endloop
endfacet
facet normal 0.250929 -0.303591 0.919167
	outer loop
		vertex -5.563071 0.723634 -1.094109
		vertex -5.636859 0.811137 -1.045064
		vertex -5.457207 0.954346 -1.046808
	endloop
endfacet
facet normal 0.250929 -0.303591 0.919166
	outer loop
		vertex -5.457207 0.954346 -1.046808
		vertex -5.636859 0.811137 -1.045064
		vertex -5.516745 1.024951 -1.007234
	endloop
endfacet
facet normal 0.250929 -0.303591 0.919167
	outer loop
		vertex -5.636859 0.811137 -1.045064
		vertex -5.698349 0.884057 -1.004193
		vertex -5.516745 1.024951 -1.007234
	endloop
endfacet
facet normal 0.000000 1.000000 0.000000
	outer loop
		vertex -5.516745 1.024951 -1.007234
		vertex -5.698349 0.884057 -1.004193
		vertex -5.516745 1.024951 -1.007234
	endloop
endfacet
facet normal 0.000000 1.000000 0.000000
	outer loop
		vertex -5.698349 0.884057 -1.004193
		vertex -5.698349 0.884057 -1.004193
		vertex -5.516745 1.024951 -1.007234
	endloop
endfacet
facet normal -0.145847 0.166939 -0.975121
	outer loop
		vertex -5.516745 1.024951 -1.007234
		vertex -5.698349 0.884057 -1.004193
		vertex -5.453583 0.950048 -1.029504
	endloop
endfacet
facet normal -0.145847 0.166939 -0.975121
	outer loop
		vertex -5.698349 0.884057 -1.004193
		vertex -5.633116 0.806699 -1.027193
		vertex -5.453583 0.950048 -1.029504
	endloop
endfacet
facet normal -0.145848 0.166940 -0.975120
	outer loop
		vertex -5.453583 0.950048 -1.029504
		vertex -5.633116 0.806699 -1.027193
		vertex -5.377789 0.860164 -1.056229
	endloop
endfacet
facet normal -0.145848 0.166939 -0.975120
	outer loop
		vertex -5.633116 0.806699 -1.027193
		vertex -5.554836 0.713868 -1.054794
		vertex -5.377789 0.860164 -1.056229
	endloop
endfacet
facet normal -0.201391 0.234393 -0.951053
	outer loop
		vertex -5.377789 0.860164 -1.056229
		vertex -5.554836 0.713868 -1.054794
		vertex -5.328708 0.801961 -1.080966
	endloop
endfacet
facet normal -0.201391 0.234393 -0.951053
	outer loop
		vertex -5.554836 0.713868 -1.054794
		vertex -5.504147 0.653757 -1.080342
		vertex -5.328708 0.801961 -1.080966
	endloop
endfacet
facet normal -0.241728 0.282237 -0.928391
	outer loop
		vertex -5.328708 0.801961 -1.080966
		vertex -5.504147 0.653757 -1.080342
		vertex -5.292696 0.759255 -1.103326
	endloop
endfacet
facet normal -0.241728 0.282238 -0.928391
	outer loop
		vertex -5.504147 0.653757 -1.080342
		vertex -5.466953 0.609650 -1.103435
		vertex -5.292696 0.759255 -1.103326
	endloop
endfacet
facet normal -0.363449 0.423946 -0.829563
	outer loop
		vertex -5.292696 0.759255 -1.103326
		vertex -5.466953 0.609650 -1.103435
		vertex -5.277112 0.740775 -1.119598
	endloop
endfacet
facet normal -0.363450 0.423947 -0.829562
	outer loop
		vertex -5.466953 0.609650 -1.103435
		vertex -5.450859 0.590564 -1.120240
		vertex -5.277112 0.740775 -1.119598
	endloop
endfacet
facet normal -0.511884 0.594742 -0.619885
	outer loop
		vertex -5.277112 0.740775 -1.119598
		vertex -5.450859 0.590564 -1.120240
		vertex -5.271345 0.733935 -1.130922
	endloop
endfacet
facet normal -0.511882 0.594739 -0.619889
	outer loop
		vertex -5.450859 0.590564 -1.120240
		vertex -5.444903 0.583500 -1.131936
		vertex -5.271345 0.733935 -1.130922
	endloop
endfacet
facet normal 0.000000 1.000000 0.000000
	outer loop
		vertex -5.271345 0.733935 -1.130922
		vertex -5.271345 0.733935 -1.130922
		vertex -5.280302 0.744557 -1.134825
	endloop
endfacet
facet normal 0.000000 1.000000 0.000000
	outer loop
		vertex -5.271345 0.733935 -1.130922
		vertex -5.280302 0.744557 -1.134825
		vertex -5.280302 0.744557 -1.134825
	endloop
endfacet
facet normal 0.000000 1.000000 0.000000
	outer loop
		vertex -5.280302 0.744557 -1.134825
		vertex -5.280302 0.744557 -1.134825
		vertex -5.299074 0.766819 -1.133780
	endloop
endfacet
facet normal 0.000000 1.000000 0.000000
	outer loop
		vertex -5.280302 0.744557 -1.134825
		vertex -5.299074 0.766819 -1.133780
		vertex -5.299074 0.766819 -1.133780
	endloop
endfacet
facet normal 0.000000 1.000000 0.000000
	outer loop
		vertex -5.299074 0.766819 -1.133780
		vertex -5.299074 0.766819 -1.133780
		vertex -5.336682 0.811417 -1.119034
	endloop
endfacet
facet normal 0.000000 1.000000 0.000000
	outer loop
		vertex -5.299074 0.766819 -1.133780
		vertex -5.336682 0.811417 -1.119034
		vertex -5.336682 0.811417 -1.119034
	endloop
endfacet
facet normal 0.000000 1.000000 0.000000
	outer loop
		vertex -5.336682 0.811417 -1.119034
		vertex -5.336682 0.811417 -1.119034
		vertex -5.385762 0.869620 -1.094296
	endloop
endfacet
facet normal 0.000000 1.000000 0.000000
	outer loop
		vertex -5.336682 0.811417 -1.119034
		vertex -5.385762 0.869620 -1.094296
		vertex -5.385762 0.869620 -1.094296
	endloop
endfacet
facet normal 0.000000 1.000000 0.000000
	outer loop
		vertex -5.385762 0.869620 -1.094296
		vertex -5.385762 0.869620 -1.094296
		vertex -5.457207 0.954346 -1.046808
	endloop
endfacet
facet normal 0.000000 1.000000 0.000000
	outer loop
		vertex -5.385762 0.869620 -1.094296
		vertex -5.457207 0.954346 -1.046808
		vertex -5.457207 0.954346 -1.046808
	endloop
endfacet
facet normal 0.000000 1.000000 0.000000
	outer loop
		vertex -5.457207 0.954346 -1.046808
		vertex -5.457207 0.954346 -1.046808
		vertex -5.516745 1.024951 -1.007234
	endloop
endfacet
facet normal 0.000000 1.000000 0.000000
	outer loop
		vertex -5.457207 0.954346 -1.046808
		vertex -5.516745 1.024951 -1.007234
		vertex -5.516745 1.024951 -1.007234
	endloop
endfacet
facet normal 0.000000 1.000000 0.000000
	outer loop
		vertex -5.516745 1.024951 -1.007234
		vertex -5.516745 1.024951 -1.007234
		vertex -5.516745 1.024951 -1.007234
	endloop
endfacet
facet normal 0.000000 1.000000 0.000000
	outer loop
		vertex -5.516745 1.024951 -1.007234
		vertex -5.516745 1.024951 -1.007234
		vertex -5.516745 1.024951 -1.007234
	endloop
endfacet
facet normal 0.000000 1.000000 0.000000
	outer loop
		vertex -5.516745 1.024951 -1.007234
		vertex -5.516745 1.024951 -1.007234
		vertex -5.453583 0.950048 -1.029504
	endloop
endfacet
facet normal 0.000000 1.000000 0.000000
	outer loop
		vertex -5.516745 1.024951 -1.007234
		vertex -5.453583 0.950048 -1.029504
		vertex -5.453583 0.950048 -1.029504
	endloop
endfacet
facet normal 0.000000 1.000000 0.000000
	outer loop
		vertex -5.453583 0.950048 -1.029504
		vertex -5.453583 0.950048 -1.029504
		vertex -5.377789 0.860164 -1.056229
	endloop
endfacet
facet normal 0.000000 1.000000 0.000000
	outer loop
		vertex -5.453583 0.950048 -1.029504
		vertex -5.377789 0.860164 -1.056229
		vertex -5.377789 0.860164 -1.056229
	endloop
endfacet
facet normal 0.000000 1.000000 0.000000
	outer loop
		vertex -5.377789 0.860164 -1.056229
		vertex -5.377789 0.860164 -1.056229
		vertex -5.328708 0.801961 -1.080966
	endloop
endfacet
facet normal 0.000000 1.000000 0.000000
	outer loop
		vertex -5.377789 0.860164 -1.056229
		vertex -5.328708 0.801961 -1.080966
		vertex -5.328708 0.801961 -1.080966
	endloop
endfacet
facet normal 0.000000 1.000000 0.000000
	outer loop
		vertex -5.328708 0.801961 -1.080966
		vertex -5.328708 0.801961 -1.080966
		vertex -5.292696 0.759255 -1.103326
	endloop
endfacet
facet normal 0.000000 1.000000 0.000000
	outer loop
		vertex -5.328708 0.801961 -1.080966
		vertex -5.292696 0.759255 -1.103326
		vertex -5.292696 0.759255 -1.103326
	endloop
endfacet
facet normal 0.000000 1.000000 0.000000
	outer loop
		vertex -5.292696 0.759255 -1.103326
		vertex -5.292696 0.759255 -1.103326
		vertex -5.277112 0.740775 -1.119598
	endloop
endfacet
facet normal 0.000000 1.000000 0.000000
	outer loop
		vertex -5.292696 0.759255 -1.103326
		vertex -5.277112 0.740775 -1.119598
		vertex -5.277112 0.740775 -1.119598
	endloop
endfacet
facet normal 0.000000 1.000000 0.000000
	outer loop
		vertex -5.277112 0.740775 -1.119598
		vertex -5.277112 0.740775 -1.119598
		vertex -5.271345 0.733935 -1.130922
	endloop
endfacet
facet normal 0.000000 1.000000 0.000000
	outer loop
		vertex -5.277112 0.740775 -1.119598
		vertex -5.271345 0.733935 -1.130922
		vertex -5.271345 0.733935 -1.130922
	endloop
endfacet
facet normal -0.180382 0.201621 0.962710
	outer loop
		vertex -5.097787 0.884370 -1.129908
		vertex -5.271345 0.733935 -1.130922
		vertex -5.106450 0.894644 -1.133683
	endloop
endfacet
facet normal -0.180389 0.201628 0.962708
	outer loop
		vertex -5.271345 0.733935 -1.130922
		vertex -5.280302 0.744557 -1.134825
		vertex -5.106450 0.894644 -1.133683
	endloop
endfacet
facet normal 0.019630 -0.030341 0.999347
	outer loop
		vertex -5.106450 0.894644 -1.133683
		vertex -5.280302 0.744557 -1.134825
		vertex -5.124608 0.916176 -1.132673
	endloop
endfacet
facet normal 0.019630 -0.030341 0.999347
	outer loop
		vertex -5.280302 0.744557 -1.134825
		vertex -5.299074 0.766819 -1.133780
		vertex -5.124608 0.916176 -1.132673
	endloop
endfacet
facet normal 0.155804 -0.189187 0.969502
	outer loop
		vertex -5.124608 0.916176 -1.132673
		vertex -5.299074 0.766819 -1.133780
		vertex -5.160982 0.959312 -1.118410
	endloop
endfacet
facet normal 0.155804 -0.189187 0.969501
	outer loop
		vertex -5.299074 0.766819 -1.133780
		vertex -5.336682 0.811417 -1.119034
		vertex -5.160982 0.959312 -1.118410
	endloop
endfacet
facet normal 0.197024 -0.238078 0.951052
	outer loop
		vertex -5.160982 0.959312 -1.118410
		vertex -5.336682 0.811417 -1.119034
		vertex -5.208453 1.015607 -1.094483
	endloop
endfacet
facet normal 0.197022 -0.238077 0.951053
	outer loop
		vertex -5.336682 0.811417 -1.119034
		vertex -5.385762 0.869620 -1.094296
		vertex -5.208453 1.015607 -1.094483
	endloop
endfacet
facet normal 0.250929 -0.303591 0.919166
	outer loop
		vertex -5.208453 1.015607 -1.094483
		vertex -5.385762 0.869620 -1.094296
		vertex -5.277555 1.097554 -1.048552
	endloop
endfacet
facet normal 0.250928 -0.303591 0.919167
	outer loop
		vertex -5.385762 0.869620 -1.094296
		vertex -5.457207 0.954346 -1.046808
		vertex -5.277555 1.097554 -1.048552
	endloop
endfacet
facet normal 0.250928 -0.303590 0.919167
	outer loop
		vertex -5.277555 1.097554 -1.048552
		vertex -5.457207 0.954346 -1.046808
		vertex -5.335142 1.165844 -1.010276
	endloop
endfacet
facet normal 0.250930 -0.303591 0.919166
	outer loop
		vertex -5.457207 0.954346 -1.046808
		vertex -5.516745 1.024951 -1.007234
		vertex -5.335142 1.165844 -1.010276
	endloop
endfacet
facet normal 0.000000 1.000000 0.000000
	outer loop
		vertex -5.335142 1.165844 -1.010276
		vertex -5.516745 1.024951 -1.007234
		vertex -5.335142 1.165844 -1.010276
	endloop
endfacet
facet normal 0.000000 1.000000 0.000000
	outer loop
		vertex -5.516745 1.024951 -1.007234
		vertex -5.516745 1.024951 -1.007234
		vertex -5.335142 1.165844 -1.010276
	endloop
endfacet
facet normal -0.145848 0.166939 -0.975120
	outer loop
		vertex -5.335142 1.165844 -1.010276
		vertex -5.516745 1.024951 -1.007234
		vertex -5.274050 1.093397 -1.031816
	endloop
endfacet
facet normal -0.145848 0.166939 -0.975121
	outer loop
		vertex -5.516745 1.024951 -1.007234
		vertex -5.453583 0.950048 -1.029504
		vertex -5.274050 1.093397 -1.031816
	endloop
endfacet
facet normal -0.145848 0.166939 -0.975121
	outer loop
		vertex -5.274050 1.093397 -1.031816
		vertex -5.453583 0.950048 -1.029504
		vertex -5.200741 1.006461 -1.057664
	endloop
endfacet
facet normal -0.145848 0.166940 -0.975120
	outer loop
		vertex -5.453583 0.950048 -1.029504
		vertex -5.377789 0.860164 -1.056229
		vertex -5.200741 1.006461 -1.057664
	endloop
endfacet
facet normal -0.201391 0.234394 -0.951053
	outer loop
		vertex -5.200741 1.006461 -1.057664
		vertex -5.377789 0.860164 -1.056229
		vertex -5.153270 0.950166 -1.081590
	endloop
endfacet
facet normal -0.201391 0.234394 -0.951053
	outer loop
		vertex -5.377789 0.860164 -1.056229
		vertex -5.328708 0.801961 -1.080966
		vertex -5.153270 0.950166 -1.081590
	endloop
endfacet
facet normal -0.241728 0.282239 -0.928391
	outer loop
		vertex -5.153270 0.950166 -1.081590
		vertex -5.328708 0.801961 -1.080966
		vertex -5.118438 0.908860 -1.103217
	endloop
endfacet
facet normal -0.241727 0.282238 -0.928391
	outer loop
		vertex -5.328708 0.801961 -1.080966
		vertex -5.292696 0.759255 -1.103326
		vertex -5.118438 0.908860 -1.103217
	endloop
endfacet
facet normal -0.363452 0.423949 -0.829560
	outer loop
		vertex -5.118438 0.908860 -1.103217
		vertex -5.292696 0.759255 -1.103326
		vertex -5.103365 0.890986 -1.118955
	endloop
endfacet
facet normal -0.363450 0.423945 -0.829563
	outer loop
		vertex -5.292696 0.759255 -1.103326
		vertex -5.277112 0.740775 -1.119598
		vertex -5.103365 0.890986 -1.118955
	endloop
endfacet
facet normal -0.511874 0.594728 -0.619906
	outer loop
		vertex -5.103365 0.890986 -1.118955
		vertex -5.277112 0.740775 -1.119598
		vertex -5.097787 0.884370 -1.129908
	endloop
endfacet
facet normal -0.511884 0.594742 -0.619885
	outer loop
		vertex -5.277112 0.740775 -1.119598
		vertex -5.271345 0.733935 -1.130922
		vertex -5.097787 0.884370 -1.129908
	endloop
endfacet
facet normal 0.000000 1.000000 0.000000
	outer loop
		vertex -5.097787 0.884370 -1.129908
		vertex -5.097787 0.884370 -1.129908
		vertex -5.106450 0.894644 -1.133683
	endloop
endfacet
facet normal 0.000000 1.000000 0.000000
	outer loop
		vertex -5.097787 0.884370 -1.129908
		vertex -5.106450 0.894644 -1.133683
		vertex -5.106450 0.894644 -1.133683
	endloop
endfacet
facet normal 0.000000 1.000000 0.000000
	outer loop
		vertex -5.106450 0.894644 -1.133683
		vertex -5.106450 0.894644 -1.133683
		vertex -5.124608 0.916176 -1.132673
	endloop
endfacet
facet normal 0.000000 1.000000 0.000000
	outer loop
		vertex -5.106450 0.894644 -1.133683
		vertex -5.124608 0.916176 -1.132673
		vertex -5.124608 0.916176 -1.132673
	endloop
endfacet
facet normal 0.000000 1.000000 0.000000
	outer loop
		vertex -5.124608 0.916176 -1.132673
		vertex -5.124608 0.916176 -1.132673
		vertex -5.160982 0.959312 -1.118410
	endloop
endfacet
facet normal 0.000000 1.000000 0.000000
	outer loop
		vertex -5.124608 0.916176 -1.132673
		vertex -5.160982 0.959312 -1.118410
		vertex -5.160982 0.959312 -1.118410
	endloop
endfacet
facet normal 0.000000 1.000000 0.000000
	outer loop
		vertex -5.160982 0.959312 -1.118410
		vertex -5.160982 0.959312 -1.118410
		vertex -5.208453 1.015607 -1.094483
	endloop
endfacet
facet normal 0.000000 1.000000 0.000000
	outer loop
		vertex -5.160982 0.959312 -1.118410
		vertex -5.208453 1.015607 -1.094483
		vertex -5.208453 1.015607 -1.094483
	endloop
endfacet
facet normal 0.000000 1.000000 0.000000
	outer loop
		vertex -5.208453 1.015607 -1.094483
		vertex -5.208453 1.015607 -1.094483
		vertex -5.277555 1.097554 -1.048552
	endloop
endfacet
facet normal 0.000000 1.000000 0.000000
	outer loop
		vertex -5.208453 1.015607 -1.094483
		vertex -5.277555 1.097554 -1.048552
		vertex -5.277555 1.097554 -1.048552
	endloop
endfacet
facet normal 0.000000 1.000000 0.000000
	outer loop
		vertex -5.277555 1.097554 -1.048552
		vertex -5.277555 1.097554 -1.048552
		vertex -5.335142 1.165844 -1.010276
	endloop
endfacet
facet normal 0.000000 1.000000 0.000000
	outer loop
		vertex -5.277555 1.097554 -1.048552
		vertex -5.335142 1.165844 -1.010276
		vertex -5.335142 1.165844 -1.010276
	endloop
endfacet
facet normal 0.000000 1.000000 0.000000
	outer loop
		vertex -5.335142 1.165844 -1.010276
		vertex -5.335142 1.165844 -1.010276
		vertex -5.335142 1.165844 -1.010276
	endloop
endfacet
facet normal 0.000000 1.000000 0.000000
	outer loop
		vertex -5.335142 1.165844 -1.010276
		vertex -5.335142 1.165844 -1.010276
		vertex -5.335142 1.165844 -1.010276
	endloop
endfacet
facet normal 0.000000 1.000000 0.000000
	outer loop
		vertex -5.335142 1.165844 -1.010276
		vertex -5.335142 1.165844 -1.010276
		vertex -5.274050 1.093397 -1.031816
	endloop
endfacet
facet normal 0.000000 1.000000 0.000000
	outer loop
		vertex -5.335142 1.165844 -1.010276
		vertex -5.274050 1.093397 -1.031816
		vertex -5.274050 1.093397 -1.031816
	endloop
endfacet
facet normal 0.000000 1.000000 0.000000
	outer loop
		vertex -5.274050 1.093397 -1.031816
		vertex -5.274050 1.093397 -1.031816
		vertex -5.200741 1.006461 -1.057664
	endloop
endfacet
facet normal 0.000000 1.000000 0.000000
	outer loop
		vertex -5.274050 1.093397 -1.031816
		vertex -5.200741 1.006461 -1.057664
		vertex -5.200741 1.006461 -1.057664
	endloop
endfacet
facet normal 0.000000 1.000000 0.000000
	outer loop
		vertex -5.200741 1.006461 -1.057664
		vertex -5.200741 1.006461 -1.057664
		vertex -5.153270 0.950166 -1.081590
	endloop
endfacet
facet normal 0.000000 1.000000 0.000000
	outer loop
		vertex -5.200741 1.006461 -1.057664
		vertex -5.153270 0.950166 -1.081590
		vertex -5.153270 0.950166 -1.081590
	endloop
endfacet
facet normal 0.000000 1.000000 0.000000
	outer loop
		vertex -5.153270 0.950166 -1.081590
		vertex -5.153270 0.950166 -1.081590
		vertex -5.118438 0.908860 -1.103217
	endloop
endfacet
facet normal 0.000000 1.000000 0.000000
	outer loop
		vertex -5.153270 0.950166 -1.081590
		vertex -5.118438 0.908860 -1.103217
		vertex -5.118438 0.908860 -1.103217
	endloop
endfacet
facet normal 0.000000 1.000000 0.000000
	outer loop
		vertex -5.118438 0.908860 -1.103217
		vertex -5.118438 0.908860 -1.103217
		vertex -5.103365 0.890986 -1.118955
	endloop
endfacet
facet normal 0.000000 1.000000 0.000000
	outer loop
		vertex -5.118438 0.908860 -1.103217
		vertex -5.103365 0.890986 -1.118955
		vertex -5.103365 0.890986 -1.118955
	endloop
endfacet
facet normal 0.000000 1.000000 0.000000
	outer loop
		vertex -5.103365 0.890986 -1.118955
		vertex -5.103365 0.890986 -1.118955
		vertex -5.097787 0.884370 -1.129908
	endloop
endfacet
facet normal 0.000000 1.000000 0.000000
	outer loop
		vertex -5.103365 0.890986 -1.118955
		vertex -5.097787 0.884370 -1.129908
		vertex -5.097787 0.884370 -1.129908
	endloop
endfacet
facet normal -0.180385 0.201623 0.962709
	outer loop
		vertex -4.924230 1.034805 -1.128894
		vertex -5.097787 0.884370 -1.129908
		vertex -4.932599 1.044730 -1.132541
	endloop
endfacet
facet normal -0.180383 0.201620 0.962710
	outer loop
		vertex -5.097787 0.884370 -1.129908
		vertex -5.106450 0.894644 -1.133683
		vertex -4.932599 1.044730 -1.132541
	endloop
endfacet
facet normal 0.019632 -0.030343 0.999347
	outer loop
		vertex -4.932599 1.044730 -1.132541
		vertex -5.106450 0.894644 -1.133683
		vertex -4.950140 1.065533 -1.131565
	endloop
endfacet
facet normal 0.019630 -0.030341 0.999347
	outer loop
		vertex -5.106450 0.894644 -1.133683
		vertex -5.124608 0.916176 -1.132673
		vertex -4.950140 1.065533 -1.131565
	endloop
endfacet
facet normal 0.155803 -0.189186 0.969502
	outer loop
		vertex -4.950140 1.065533 -1.131565
		vertex -5.124608 0.916176 -1.132673
		vertex -4.985282 1.107206 -1.117786
	endloop
endfacet
facet normal 0.155804 -0.189187 0.969502
	outer loop
		vertex -5.124608 0.916176 -1.132673
		vertex -5.160982 0.959312 -1.118410
		vertex -4.985282 1.107206 -1.117786
	endloop
endfacet
facet normal 0.197023 -0.238078 0.951052
	outer loop
		vertex -4.985282 1.107206 -1.117786
		vertex -5.160982 0.959312 -1.118410
		vertex -5.031144 1.161593 -1.094670
	endloop
endfacet
facet normal 0.197023 -0.238078 0.951052
	outer loop
		vertex -5.160982 0.959312 -1.118410
		vertex -5.208453 1.015607 -1.094483
		vertex -5.031144 1.161593 -1.094670
	endloop
endfacet
facet normal 0.250929 -0.303590 0.919167
	outer loop
		vertex -5.031144 1.161593 -1.094670
		vertex -5.208453 1.015607 -1.094483
		vertex -5.097904 1.240763 -1.050296
	endloop
endfacet
facet normal 0.250929 -0.303591 0.919167
	outer loop
		vertex -5.208453 1.015607 -1.094483
		vertex -5.277555 1.097554 -1.048552
		vertex -5.097904 1.240763 -1.050296
	endloop
endfacet
facet normal 0.250930 -0.303591 0.919166
	outer loop
		vertex -5.097904 1.240763 -1.050296
		vertex -5.277555 1.097554 -1.048552
		vertex -5.153538 1.306738 -1.013317
	endloop
endfacet
facet normal 0.250928 -0.303590 0.919167
	outer loop
		vertex -5.277555 1.097554 -1.048552
		vertex -5.335142 1.165844 -1.010276
		vertex -5.153538 1.306738 -1.013317
	endloop
endfacet
facet normal 0.000000 1.000000 0.000000
	outer loop
		vertex -5.153538 1.306738 -1.013317
		vertex -5.335142 1.165844 -1.010276
		vertex -5.153538 1.306738 -1.013317
	endloop
endfacet
facet normal 0.000000 1.000000 0.000000
	outer loop
		vertex -5.335142 1.165844 -1.010276
		vertex -5.335142 1.165844 -1.010276
		vertex -5.153538 1.306738 -1.013317
	endloop
endfacet
facet normal -0.145848 0.166940 -0.975120
	outer loop
		vertex -5.153538 1.306738 -1.013317
		vertex -5.335142 1.165844 -1.010276
		vertex -5.094518 1.236747 -1.034127
	endloop
endfacet
facet normal -0.145848 0.166939 -0.975120
	outer loop
		vertex -5.335142 1.165844 -1.010276
		vertex -5.274050 1.093397 -1.031816
		vertex -5.094518 1.236747 -1.034127
	endloop
endfacet
facet normal -0.145848 0.166939 -0.975120
	outer loop
		vertex -5.094518 1.236747 -1.034127
		vertex -5.274050 1.093397 -1.031816
		vertex -5.023693 1.152757 -1.059099
	endloop
endfacet
facet normal -0.145848 0.166939 -0.975120
	outer loop
		vertex -5.274050 1.093397 -1.031816
		vertex -5.200741 1.006461 -1.057664
		vertex -5.023693 1.152757 -1.059099
	endloop
endfacet
facet normal -0.201391 0.234393 -0.951053
	outer loop
		vertex -5.023693 1.152757 -1.059099
		vertex -5.200741 1.006461 -1.057664
		vertex -4.977831 1.098371 -1.082214
	endloop
endfacet
facet normal -0.201391 0.234393 -0.951053
	outer loop
		vertex -5.200741 1.006461 -1.057664
		vertex -5.153270 0.950166 -1.081590
		vertex -4.977831 1.098371 -1.082214
	endloop
endfacet
facet normal -0.241727 0.282237 -0.928391
	outer loop
		vertex -4.977831 1.098371 -1.082214
		vertex -5.153270 0.950166 -1.081590
		vertex -4.944180 1.058464 -1.103108
	endloop
endfacet
facet normal -0.241728 0.282238 -0.928391
	outer loop
		vertex -5.153270 0.950166 -1.081590
		vertex -5.118438 0.908860 -1.103217
		vertex -4.944180 1.058464 -1.103108
	endloop
endfacet
facet normal -0.363451 0.423948 -0.829561
	outer loop
		vertex -4.944180 1.058464 -1.103108
		vertex -5.118438 0.908860 -1.103217
		vertex -4.929618 1.041196 -1.118313
	endloop
endfacet
facet normal -0.363451 0.423949 -0.829560
	outer loop
		vertex -5.118438 0.908860 -1.103217
		vertex -5.103365 0.890986 -1.118955
		vertex -4.929618 1.041196 -1.118313
	endloop
endfacet
facet normal -0.511882 0.594740 -0.619888
	outer loop
		vertex -4.929618 1.041196 -1.118313
		vertex -5.103365 0.890986 -1.118955
		vertex -4.924230 1.034805 -1.128894
	endloop
endfacet
facet normal -0.511874 0.594728 -0.619906
	outer loop
		vertex -5.103365 0.890986 -1.118955
		vertex -5.097787 0.884370 -1.129908
		vertex -4.924230 1.034805 -1.128894
	endloop
endfacet
facet normal 0.000000 1.000000 0.000000
	outer loop
		vertex -4.924230 1.034805 -1.128894
		vertex -4.924230 1.034805 -1.128894
		vertex -4.932599 1.044730 -1.132541
	endloop
endfacet
facet normal 0.000000 1.000000 0.000000
	outer loop
		vertex -4.924230 1.034805 -1.128894
		vertex -4.932599 1.044730 -1.132541
		vertex -4.932599 1.044730 -1.132541
	endloop
endfacet
facet normal 0.000000 1.000000 0.000000
	outer loop
		vertex -4.932599 1.044730 -1.132541
		vertex -4.932599 1.044730 -1.132541
		vertex -4.950140 1.065533 -1.131565
	endloop
endfacet
facet normal 0.000000 1.000000 0.000000
	outer loop
		vertex -4.932599 1.044730 -1.132541
		vertex -4.950140 1.065533 -1.131565
		vertex -4.950140 1.065533 -1.131565
	endloop
endfacet
facet normal 0.000000 1.000000 0.000000
	outer loop
		vertex -4.950140 1.065533 -1.131565
		vertex -4.950140 1.065533 -1.131565
		vertex -4.985282 1.107206 -1.117786
	endloop
endfacet
facet normal 0.000000 1.000000 0.000000
	outer loop
		vertex -4.950140 1.065533 -1.131565
		vertex -4.985282 1.107206 -1.117786
		vertex -4.985282 1.107206 -1.117786
	endloop
endfacet
facet normal 0.000000 1.000000 0.000000
	outer loop
		vertex -4.985282 1.107206 -1.117786
		vertex -4.985282 1.107206 -1.117786
		vertex -5.031144 1.161593 -1.094670
	endloop
endfacet
facet normal 0.000000 1.000000 0.000000
	outer loop
		vertex -4.985282 1.107206 -1.117786
		vertex -5.031144 1.161593 -1.094670
		vertex -5.031144 1.161593 -1.094670
	endloop
endfacet
facet normal 0.000000 1.000000 0.000000
	outer loop
		vertex -5.031144 1.161593 -1.094670
		vertex -5.031144 1.161593 -1.094670
		vertex -5.097904 1.240763 -1.050296
	endloop
endfacet
facet normal 0.000000 1.000000 0.000000
	outer loop
		vertex -5.031144 1.161593 -1.094670
		vertex -5.097904 1.240763 -1.050296
		vertex -5.097904 1.240763 -1.050296
	endloop
endfacet
facet normal 0.000000 1.000000 0.000000
	outer loop
		vertex -5.097904 1.240763 -1.050296
		vertex -5.097904 1.240763 -1.050296
		vertex -5.153538 1.306738 -1.013317
	endloop
endfacet
facet normal 0.000000 1.000000 0.000000
	outer loop
		vertex -5.097904 1.240763 -1.050296
		vertex -5.153538 1.306738 -1.013317
		vertex -5.153538 1.306738 -1.013317
	endloop
endfacet
facet normal 0.000000 1.000000 0.000000
	outer loop
		vertex -5.153538 1.306738 -1.013317
		vertex -5.153538 1.306738 -1.013317
		vertex -5.153538 1.306738 -1.013317
	endloop
endfacet
facet normal 0.000000 1.000000 0.000000
	outer loop
		vertex -5.153538 1.306738 -1.013317
		vertex -5.153538 1.306738 -1.013317
		vertex -5.153538 1.306738 -1.013317
	endloop
endfacet
facet normal 0.000000 1.000000 0.000000
	outer loop
		vertex -5.153538 1.306738 -1.013317
		vertex -5.153538 1.306738 -1.013317
		vertex -5.094518 1.236747 -1.034127
	endloop
endfacet
facet normal 0.000000 1.000000 0.000000
	outer loop
		vertex -5.153538 1.306738 -1.013317
		vertex -5.094518 1.236747 -1.034127
		vertex -5.094518 1.236747 -1.034127
	endloop
endfacet
facet normal 0.000000 1.000000 0.000000
	outer loop
		vertex -5.094518 1.236747 -1.034127
		vertex -5.094518 1.236747 -1.034127
		vertex -5.023693 1.152757 -1.059099
	endloop
endfacet
facet normal 0.000000 1.000000 0.000000
	outer loop
		vertex -5.094518 1.236747 -1.034127
		vertex -5.023693 1.152757 -1.059099
		vertex -5.023693 1.152757 -1.059099
	endloop
endfacet
facet normal 0.000000 1.000000 0.000000
	outer loop
		vertex -5.023693 1.152757 -1.059099
		vertex -5.023693 1.152757 -1.059099
		vertex -4.977831 1.098371 -1.082214
	endloop
endfacet
facet normal 0.000000 1.000000 0.000000
	outer loop
		vertex -5.023693 1.152757 -1.059099
		vertex -4.977831 1.098371 -1.082214
		vertex -4.977831 1.098371 -1.082214
	endloop
endfacet
facet normal 0.000000 1.000000 0.000000
	outer loop
		vertex -4.977831 1.098371 -1.082214
		vertex -4.977831 1.098371 -1.082214
		vertex -4.944180 1.058464 -1.103108
	endloop
endfacet
facet normal 0.000000 1.000000 0.000000
	outer loop
		vertex -4.977831 1.098371 -1.082214
		vertex -4.944180 1.058464 -1.103108
		vertex -4.944180 1.058464 -1.103108
	endloop
endfacet
facet normal 0.000000 1.000000 0.000000
	outer loop
		vertex -4.944180 1.058464 -1.103108
		vertex -4.944180 1.058464 -1.103108
		vertex -4.929618 1.041196 -1.118313
	endloop
endfacet
facet normal 0.000000 1.000000 0.000000
	outer loop
		vertex -4.944180 1.058464 -1.103108
		vertex -4.929618 1.041196 -1.118313
		vertex -4.929618 1.041196 -1.118313
	endloop
endfacet
facet normal 0.000000 1.000000 0.000000
	outer loop
		vertex -4.929618 1.041196 -1.118313
		vertex -4.929618 1.041196 -1.118313
		vertex -4.924230 1.034805 -1.128894
	endloop
endfacet
facet normal 0.000000 1.000000 0.000000
	outer loop
		vertex -4.929618 1.041196 -1.118313
		vertex -4.924230 1.034805 -1.128894
		vertex -4.924230 1.034805 -1.128894
	endloop
endfacet
facet normal -0.180387 0.201626 0.962708
	outer loop
		vertex -4.750671 1.185241 -1.127880
		vertex -4.924230 1.034805 -1.128894
		vertex -4.758747 1.194817 -1.131399
	endloop
endfacet
facet normal -0.180385 0.201623 0.962709
	outer loop
		vertex -4.924230 1.034805 -1.128894
		vertex -4.932599 1.044730 -1.132541
		vertex -4.758747 1.194817 -1.131399
	endloop
endfacet
facet normal 0.019630 -0.030340 0.999347
	outer loop
		vertex -4.758747 1.194817 -1.131399
		vertex -4.932599 1.044730 -1.132541
		vertex -4.775673 1.214890 -1.130458
	endloop
endfacet
facet normal 0.019632 -0.030342 0.999347
	outer loop
		vertex -4.932599 1.044730 -1.132541
		vertex -4.950140 1.065533 -1.131565
		vertex -4.775673 1.214890 -1.130458
	endloop
endfacet
facet normal 0.155804 -0.189187 0.969502
	outer loop
		vertex -4.775673 1.214890 -1.130458
		vertex -4.950140 1.065533 -1.131565
		vertex -4.809582 1.255101 -1.117162
	endloop
endfacet
facet normal 0.155803 -0.189186 0.969502
	outer loop
		vertex -4.950140 1.065533 -1.131565
		vertex -4.985282 1.107206 -1.117786
		vertex -4.809582 1.255101 -1.117162
	endloop
endfacet
facet normal 0.197023 -0.238078 0.951052
	outer loop
		vertex -4.809582 1.255101 -1.117162
		vertex -4.985282 1.107206 -1.117786
		vertex -4.853834 1.307579 -1.094857
	endloop
endfacet
facet normal 0.197023 -0.238078 0.951052
	outer loop
		vertex -4.985282 1.107206 -1.117786
		vertex -5.031144 1.161593 -1.094670
		vertex -4.853834 1.307579 -1.094857
	endloop
endfacet
facet normal 0.250928 -0.303590 0.919167
	outer loop
		vertex -4.853834 1.307579 -1.094857
		vertex -5.031144 1.161593 -1.094670
		vertex -4.918252 1.383971 -1.052040
	endloop
endfacet
facet normal 0.250929 -0.303590 0.919167
	outer loop
		vertex -5.031144 1.161593 -1.094670
		vertex -5.097904 1.240763 -1.050296
		vertex -4.918252 1.383971 -1.052040
	endloop
endfacet
facet normal 0.250929 -0.303590 0.919167
	outer loop
		vertex -4.918252 1.383971 -1.052040
		vertex -5.097904 1.240763 -1.050296
		vertex -4.971934 1.447631 -1.016359
	endloop
endfacet
facet normal 0.250930 -0.303591 0.919167
	outer loop
		vertex -5.097904 1.240763 -1.050296
		vertex -5.153538 1.306738 -1.013317
		vertex -4.971934 1.447631 -1.016359
	endloop
endfacet
facet normal 0.000000 1.000000 0.000000
	outer loop
		vertex -4.971934 1.447631 -1.016359
		vertex -5.153538 1.306738 -1.013317
		vertex -4.971934 1.447631 -1.016359
	endloop
endfacet
facet normal 0.000000 1.000000 0.000000
	outer loop
		vertex -5.153538 1.306738 -1.013317
		vertex -5.153538 1.306738 -1.013317
		vertex -4.971934 1.447631 -1.016359
	endloop
endfacet
facet normal -0.145848 0.166939 -0.975120
	outer loop
		vertex -4.971934 1.447631 -1.016359
		vertex -5.153538 1.306738 -1.013317
		vertex -4.914985 1.380096 -1.036438
	endloop
endfacet
facet normal -0.145848 0.166939 -0.975120
	outer loop
		vertex -5.153538 1.306738 -1.013317
		vertex -5.094518 1.236747 -1.034127
		vertex -4.914985 1.380096 -1.036438
	endloop
endfacet
facet normal -0.145848 0.166939 -0.975120
	outer loop
		vertex -4.914985 1.380096 -1.036438
		vertex -5.094518 1.236747 -1.034127
		vertex -4.846645 1.299054 -1.060534
	endloop
endfacet
facet normal -0.145848 0.166939 -0.975121
	outer loop
		vertex -5.094518 1.236747 -1.034127
		vertex -5.023693 1.152757 -1.059099
		vertex -4.846645 1.299054 -1.060534
	endloop
endfacet
facet normal -0.201390 0.234392 -0.951053
	outer loop
		vertex -4.846645 1.299054 -1.060534
		vertex -5.023693 1.152757 -1.059099
		vertex -4.802392 1.246575 -1.082839
	endloop
endfacet
facet normal -0.201391 0.234393 -0.951053
	outer loop
		vertex -5.023693 1.152757 -1.059099
		vertex -4.977831 1.098371 -1.082214
		vertex -4.802392 1.246575 -1.082839
	endloop
endfacet
facet normal -0.241728 0.282239 -0.928390
	outer loop
		vertex -4.802392 1.246575 -1.082839
		vertex -4.977831 1.098371 -1.082214
		vertex -4.769922 1.208069 -1.102999
	endloop
endfacet
facet normal -0.241727 0.282237 -0.928391
	outer loop
		vertex -4.977831 1.098371 -1.082214
		vertex -4.944180 1.058464 -1.103108
		vertex -4.769922 1.208069 -1.102999
	endloop
endfacet
facet normal -0.363452 0.423948 -0.829561
	outer loop
		vertex -4.769922 1.208069 -1.102999
		vertex -4.944180 1.058464 -1.103108
		vertex -4.755872 1.191407 -1.117670
	endloop
endfacet
facet normal -0.363451 0.423947 -0.829561
	outer loop
		vertex -4.944180 1.058464 -1.103108
		vertex -4.929618 1.041196 -1.118313
		vertex -4.755872 1.191407 -1.117670
	endloop
endfacet
facet normal -0.511873 0.594727 -0.619909
	outer loop
		vertex -4.755872 1.191407 -1.117670
		vertex -4.929618 1.041196 -1.118313
		vertex -4.750671 1.185241 -1.127880
	endloop
endfacet
facet normal -0.511882 0.594740 -0.619888
	outer loop
		vertex -4.929618 1.041196 -1.118313
		vertex -4.924230 1.034805 -1.128894
		vertex -4.750671 1.185241 -1.127880
	endloop
endfacet
facet normal -0.764477 -0.644651 -0.000021
	outer loop
		vertex -4.750671 1.185241 -1.127880
		vertex -4.758747 1.194817 -1.131399
		vertex -4.775673 1.214890 -1.130458
	endloop
endfacet
facet normal -0.764478 -0.644650 -0.000002
	outer loop
		vertex -4.750671 1.185241 -1.127880
		vertex -4.775673 1.214890 -1.130458
		vertex -4.809582 1.255101 -1.117162
	endloop
endfacet
facet normal -0.764477 -0.644651 0.000009
	outer loop
		vertex -4.750671 1.185241 -1.127880
		vertex -4.809582 1.255101 -1.117162
		vertex -4.853834 1.307579 -1.094857
	endloop
endfacet
facet normal -0.764479 -0.644648 -0.000009
	outer loop
		vertex -4.750671 1.185241 -1.127880
		vertex -4.853834 1.307579 -1.094857
		vertex -4.971934 1.447631 -1.016359
	endloop
endfacet
facet normal 0.000000 1.000000 0.000000
	outer loop
		vertex -4.750671 1.185241 -1.127880
		vertex -4.971934 1.447631 -1.016359
		vertex -4.971934 1.447631 -1.016359
	endloop
endfacet
facet normal -0.764480 -0.644648 -0.000011
	outer loop
		vertex -4.750671 1.185241 -1.127880
		vertex -4.971934 1.447631 -1.016359
		vertex -4.846645 1.299054 -1.060534
	endloop
endfacet
facet normal -0.764472 -0.644657 0.000014
	outer loop
		vertex -4.750671 1.185241 -1.127880
		vertex -4.846645 1.299054 -1.060534
		vertex -4.802392 1.246575 -1.082839
	endloop
endfacet
facet normal -0.764485 -0.644641 -0.000021
	outer loop
		vertex -4.750671 1.185241 -1.127880
		vertex -4.802392 1.246575 -1.082839
		vertex -4.769922 1.208069 -1.102999
	endloop
endfacet
facet normal -0.764511 -0.644610 -0.000070
	outer loop
		vertex -4.750671 1.185241 -1.127880
		vertex -4.769922 1.208069 -1.102999
		vertex -4.755872 1.191407 -1.117670
	endloop
endfacet
facet normal -0.923880 0.000000 -0.382683
	outer loop
		vertex 0.092796 -0.787402 -1.875708
		vertex 0.131234 -4.068242 -1.968504
		vertex 0.131234 -0.787402 -1.968504
	endloop
endfacet
facet normal -0.923880 -0.000000 -0.382683
	outer loop
		vertex 0.092796 -0.787402 -1.875708
		vertex 0.092796 -4.068242 -1.875708
		vertex 0.131234 -4.068242 -1.968504
	endloop
endfacet
facet normal -0.382683 0.000000 -0.923880
	outer loop
		vertex -0.000000 -0.787402 -1.837270
		vertex 0.092796 -4.068242 -1.875708
		vertex 0.092796 -0.787402 -1.875708
	endloop
endfacet
facet normal -0.382683 -0.000000 -0.923880
	outer loop
		vertex -0.000000 -0.787402 -1.837270
		vertex -0.000000 -4.068242 -1.837270
		vertex 0.092796 -4.068242 -1.875708
	endloop
endfacet
facet normal 0.382684 0.000000 -0.923879
	outer loop
		vertex -0.092796 -0.787402 -1.875708
		vertex -0.000000 -4.068242 -1.837270
		vertex -0.000000 -0.787402 -1.837270
	endloop
endfacet
facet normal 0.382684 0.000000 -0.923879
	outer loop
		vertex -0.092796 -0.787402 -1.875708
		vertex -0.092796 -4.068242 -1.875708
		vertex -0.000000 -4.068242 -1.837270
	endloop
endfacet
facet normal 0.923879 0.000000 -0.382684
	outer loop
		vertex -0.131234 -0.787402 -1.968504
		vertex -0.092796 -4.068242 -1.875708
		vertex -0.092796 -0.787402 -1.875708
	endloop
endfacet
facet normal 0.923879 0.000000 -0.382684
	outer loop
		vertex -0.131234 -0.787402 -1.968504
		vertex -0.131234 -4.068242 -1.968504
		vertex -0.092796 -4.068242 -1.875708
	endloop
endfacet
facet normal 0.923880 0.000000 0.382683
	outer loop
		vertex -0.092796 -0.787402 -2.061300
		vertex -0.131234 -4.068242 -1.968504
		vertex -0.131234 -0.787402 -1.968504
	endloop
endfacet
facet normal 0.923880 0.000000 0.382683
	outer loop
		vertex -0.092796 -0.787402 -2.061300
		vertex -0.092796 -4.068242 -2.061300
		vertex -0.131234 -4.068242 -1.968504
	endloop
endfacet
facet normal 0.382683 0.000000 0.923880
	outer loop
		vertex 0.000000 -0.787402 -2.099738
		vertex -0.092796 -4.068242 -2.061300
		vertex -0.092796 -0.787402 -2.061300
	endloop
endfacet
facet normal 0.382683 0.000000 0.923880
	outer loop
		vertex 0.000000 -0.787402 -2.099738
		vertex 0.000000 -4.068242 -2.099738
		vertex -0.092796 -4.068242 -2.061300
	endloop
endfacet
facet normal -0.382685 0.000000 0.923879
	outer loop
		vertex 0.092796 -0.787402 -2.061300
		vertex 0.000000 -4.068242 -2.099738
		vertex 0.000000 -0.787402 -2.099738
	endloop
endfacet
facet normal -0.382685 0.000000 0.923879
	outer loop
		vertex 0.092796 -0.787402 -2.061300
		vertex 0.092796 -4.068242 -2.061300
		vertex 0.000000 -4.068242 -2.099738
	endloop
endfacet
facet normal -0.923880 0.000000 0.382683
	outer loop
		vertex 0.131234 -0.787402 -1.968504
		vertex 0.092796 -4.068242 -2.061300
		vertex 0.092796 -0.787402 -2.061300
	endloop
endfacet
facet normal -0.923880 0.000000 0.382683
	outer loop
		vertex 0.131234 -0.787402 -1.968504
		vertex 0.131234 -4.068242 -1.968504
		vertex 0.092796 -4.068242 -2.061300
	endloop
endfacet
facet normal 1.000000 0.000000 0.000000
	outer loop
		vertex -0.410105 -4.067276 -2.362204
		vertex -0.410105 -4.201987 -2.338791
		vertex -0.410105 -4.068242 -1.968504
	endloop
endfacet
facet normal 1.000000 0.000000 0.000000
	outer loop
		vertex -0.410105 -3.932681 -2.338130
		vertex -0.410105 -4.067276 -2.362204
		vertex -0.410105 -4.068242 -1.968504
	endloop
endfacet
facet normal 1.000000 0.000000 0.000000
	outer loop
		vertex -0.410105 -3.814436 -2.269474
		vertex -0.410105 -3.932681 -2.338130
		vertex -0.410105 -4.068242 -1.968504
	endloop
endfacet
facet normal 1.000000 0.000000 0.000000
	outer loop
		vertex -0.410105 -3.726805 -2.164517
		vertex -0.410105 -3.814436 -2.269474
		vertex -0.410105 -4.068242 -1.968504
	endloop
endfacet
facet normal 1.000000 0.000000 0.000000
	outer loop
		vertex -0.410105 -3.680355 -2.035918
		vertex -0.410105 -3.726805 -2.164517
		vertex -0.410105 -4.068242 -1.968504
	endloop
endfacet
facet normal 1.000000 0.000000 0.000000
	outer loop
		vertex -0.410105 -3.680691 -1.899187
		vertex -0.410105 -3.680355 -2.035918
		vertex -0.410105 -4.068242 -1.968504
	endloop
endfacet
facet normal 1.000000 0.000000 0.000000
	outer loop
		vertex -0.410105 -3.727771 -1.770817
		vertex -0.410105 -3.680691 -1.899187
		vertex -0.410105 -4.068242 -1.968504
	endloop
endfacet
facet normal 1.000000 0.000000 0.000000
	outer loop
		vertex -0.410105 -3.815917 -1.666291
		vertex -0.410105 -3.727771 -1.770817
		vertex -0.410105 -4.068242 -1.968504
	endloop
endfacet
facet normal 1.000000 0.000000 0.000000
	outer loop
		vertex -0.410105 -3.934496 -1.598217
		vertex -0.410105 -3.815917 -1.666291
		vertex -0.410105 -4.068242 -1.968504
	endloop
endfacet
facet normal 1.000000 0.000000 0.000000
	outer loop
		vertex -0.410105 -4.069208 -1.574804
		vertex -0.410105 -3.934496 -1.598217
		vertex -0.410105 -4.068242 -1.968504
	endloop
endfacet
facet normal 1.000000 -0.000000 0.000000
	outer loop
		vertex -0.410105 -4.203803 -1.598878
		vertex -0.410105 -4.069208 -1.574804
		vertex -0.410105 -4.068242 -1.968504
	endloop
endfacet
facet normal 1.000000 -0.000000 0.000000
	outer loop
		vertex -0.410105 -4.322047 -1.667534
		vertex -0.410105 -4.203803 -1.598878
		vertex -0.410105 -4.068242 -1.968504
	endloop
endfacet
facet normal 1.000000 -0.000000 0.000000
	outer loop
		vertex -0.410105 -4.409678 -1.772491
		vertex -0.410105 -4.322047 -1.667534
		vertex -0.410105 -4.068242 -1.968504
	endloop
endfacet
facet normal 1.000000 -0.000000 0.000000
	outer loop
		vertex -0.410105 -4.456128 -1.901090
		vertex -0.410105 -4.409678 -1.772491
		vertex -0.410105 -4.068242 -1.968504
	endloop
endfacet
facet normal 1.000000 0.000000 -0.000000
	outer loop
		vertex -0.410105 -4.455792 -2.037821
		vertex -0.410105 -4.456128 -1.901090
		vertex -0.410105 -4.068242 -1.968504
	endloop
endfacet
facet normal 1.000000 0.000000 -0.000000
	outer loop
		vertex -0.410105 -4.408712 -2.166191
		vertex -0.410105 -4.455792 -2.037821
		vertex -0.410105 -4.068242 -1.968504
	endloop
endfacet
facet normal 1.000000 0.000000 -0.000000
	outer loop
		vertex -0.410105 -4.320567 -2.270717
		vertex -0.410105 -4.408712 -2.166191
		vertex -0.410105 -4.068242 -1.968504
	endloop
endfacet
facet normal 1.000000 0.000000 -0.000000
	outer loop
		vertex -0.410105 -4.201987 -2.338791
		vertex -0.410105 -4.320567 -2.270717
		vertex -0.410105 -4.068242 -1.968504
	endloop
endfacet
facet normal -1.000000 0.000000 0.000000
	outer loop
		vertex -0.082021 -4.320567 -2.270717
		vertex -0.082021 -4.201987 -2.338791
		vertex -0.082021 -4.068242 -1.968504
	endloop
endfacet
facet normal -1.000000 0.000000 0.000000
	outer loop
		vertex -0.082021 -4.408712 -2.166191
		vertex -0.082021 -4.320567 -2.270717
		vertex -0.082021 -4.068242 -1.968504
	endloop
endfacet
facet normal -1.000000 0.000000 0.000000
	outer loop
		vertex -0.082021 -4.455792 -2.037821
		vertex -0.082021 -4.408712 -2.166191
		vertex -0.082021 -4.068242 -1.968504
	endloop
endfacet
facet normal -1.000000 0.000000 0.000000
	outer loop
		vertex -0.082021 -4.456128 -1.901090
		vertex -0.082021 -4.455792 -2.037821
		vertex -0.082021 -4.068242 -1.968504
	endloop
endfacet
facet normal -1.000000 0.000000 -0.000000
	outer loop
		vertex -0.082021 -4.409678 -1.772491
		vertex -0.082021 -4.456128 -1.901090
		vertex -0.082021 -4.068242 -1.968504
	endloop
endfacet
facet normal -1.000000 0.000000 -0.000000
	outer loop
		vertex -0.082021 -4.322047 -1.667534
		vertex -0.082021 -4.409678 -1.772491
		vertex -0.082021 -4.068242 -1.968504
	endloop
endfacet
facet normal -1.000000 0.000000 -0.000000
	outer loop
		vertex -0.082021 -4.203803 -1.598878
		vertex -0.082021 -4.322047 -1.667534
		vertex -0.082021 -4.068242 -1.968504
	endloop
endfacet
facet normal -1.000000 0.000000 -0.000000
	outer loop
		vertex -0.082021 -4.069208 -1.574804
		vertex -0.082021 -4.203803 -1.598878
		vertex -0.082021 -4.068242 -1.968504
	endloop
endfacet
facet normal -1.000000 -0.000000 0.000000
	outer loop
		vertex -0.082021 -3.934496 -1.598217
		vertex -0.082021 -4.069208 -1.574804
		vertex -0.082021 -4.068242 -1.968504
	endloop
endfacet
facet normal -1.000000 -0.000000 0.000000
	outer loop
		vertex -0.082021 -3.815917 -1.666291
		vertex -0.082021 -3.934496 -1.598217
		vertex -0.082021 -4.068242 -1.968504
	endloop
endfacet
facet normal -1.000000 -0.000000 0.000000
	outer loop
		vertex -0.082021 -3.727771 -1.770817
		vertex -0.082021 -3.815917 -1.666291
		vertex -0.082021 -4.068242 -1.968504
	endloop
endfacet
facet normal -1.000000 -0.000000 0.000000
	outer loop
		vertex -0.082021 -3.680691 -1.899187
		vertex -0.082021 -3.727771 -1.770817
		vertex -0.082021 -4.068242 -1.968504
	endloop
endfacet
facet normal -1.000000 0.000000 0.000000
	outer loop
		vertex -0.082021 -3.680355 -2.035918
		vertex -0.082021 -3.680691 -1.899187
		vertex -0.082021 -4.068242 -1.968504
	endloop
endfacet
facet normal -1.000000 0.000000 0.000000
	outer loop
		vertex -0.082021 -3.726805 -2.164517
		vertex -0.082021 -3.680355 -2.035918
		vertex -0.082021 -4.068242 -1.968504
	endloop
endfacet
facet normal -1.000000 0.000000 0.000000
	outer loop
		vertex -0.082021 -3.814436 -2.269474
		vertex -0.082021 -3.726805 -2.164517
		vertex -0.082021 -4.068242 -1.968504
	endloop
endfacet
facet normal -1.000000 0.000000 0.000000
	outer loop
		vertex -0.082021 -3.932681 -2.338130
		vertex -0.082021 -3.814436 -2.269474
		vertex -0.082021 -4.068242 -1.968504
	endloop
endfacet
facet normal -1.000000 0.000000 0.000000
	outer loop
		vertex -0.082021 -4.067276 -2.362204
		vertex -0.082021 -3.932681 -2.338130
		vertex -0.082021 -4.068242 -1.968504
	endloop
endfacet
facet normal -1.000000 0.000000 0.000000
	outer loop
		vertex -0.082021 -4.201987 -2.338791
		vertex -0.082021 -4.067276 -2.362204
		vertex -0.082021 -4.068242 -1.968504
	endloop
endfacet
facet normal 0.982354 0.032026 0.184270
	outer loop
		vertex -0.410105 -4.067276 -2.362204
		vertex -0.360892 -4.291151 -2.585649
		vertex -0.410105 -4.201987 -2.338791
	endloop
endfacet
facet normal 0.982354 0.032026 0.184270
	outer loop
		vertex -0.410105 -4.067276 -2.362204
		vertex -0.360892 -4.066631 -2.624670
		vertex -0.360892 -4.291151 -2.585649
	endloop
endfacet
facet normal 0.982354 -0.032930 0.184111
	outer loop
		vertex -0.410105 -3.932681 -2.338130
		vertex -0.360892 -4.066631 -2.624670
		vertex -0.410105 -4.067276 -2.362204
	endloop
endfacet
facet normal 0.982354 -0.032930 0.184111
	outer loop
		vertex -0.410105 -3.932681 -2.338130
		vertex -0.360892 -3.842307 -2.584548
		vertex -0.360892 -4.066631 -2.624670
	endloop
endfacet
facet normal 0.982354 -0.093913 0.161745
	outer loop
		vertex -0.410105 -3.814436 -2.269474
		vertex -0.360892 -3.842307 -2.584548
		vertex -0.410105 -3.932681 -2.338130
	endloop
endfacet
facet normal 0.982354 -0.093914 0.161745
	outer loop
		vertex -0.410105 -3.814436 -2.269474
		vertex -0.360892 -3.645233 -2.470121
		vertex -0.360892 -3.842307 -2.584548
	endloop
endfacet
facet normal 0.982354 -0.143570 0.119870
	outer loop
		vertex -0.410105 -3.726805 -2.164517
		vertex -0.360892 -3.645233 -2.470121
		vertex -0.410105 -3.814436 -2.269474
	endloop
endfacet
facet normal 0.982354 -0.143570 0.119870
	outer loop
		vertex -0.410105 -3.726805 -2.164517
		vertex -0.360892 -3.499180 -2.295192
		vertex -0.360892 -3.645233 -2.470121
	endloop
endfacet
facet normal 0.982354 -0.175910 0.063538
	outer loop
		vertex -0.410105 -3.680355 -2.035918
		vertex -0.360892 -3.499180 -2.295192
		vertex -0.410105 -3.726805 -2.164517
	endloop
endfacet
facet normal 0.982354 -0.175910 0.063537
	outer loop
		vertex -0.410105 -3.680355 -2.035918
		vertex -0.360892 -3.421765 -2.080860
		vertex -0.360892 -3.499180 -2.295192
	endloop
endfacet
facet normal 0.982354 -0.187032 -0.000459
	outer loop
		vertex -0.410105 -3.680691 -1.899187
		vertex -0.360892 -3.421765 -2.080860
		vertex -0.410105 -3.680355 -2.035918
	endloop
endfacet
facet normal 0.982354 -0.187032 -0.000459
	outer loop
		vertex -0.410105 -3.680691 -1.899187
		vertex -0.360892 -3.422324 -1.852976
		vertex -0.360892 -3.421765 -2.080860
	endloop
endfacet
facet normal 0.982354 -0.175596 -0.064400
	outer loop
		vertex -0.410105 -3.727771 -1.770817
		vertex -0.360892 -3.422324 -1.852976
		vertex -0.410105 -3.680691 -1.899187
	endloop
endfacet
facet normal 0.982354 -0.175596 -0.064400
	outer loop
		vertex -0.410105 -3.727771 -1.770817
		vertex -0.360892 -3.500790 -1.639026
		vertex -0.360892 -3.422324 -1.852976
	endloop
endfacet
facet normal 0.982354 -0.142980 -0.120574
	outer loop
		vertex -0.410105 -3.815917 -1.666291
		vertex -0.360892 -3.500790 -1.639026
		vertex -0.410105 -3.727771 -1.770817
	endloop
endfacet
facet normal 0.982354 -0.142980 -0.120574
	outer loop
		vertex -0.410105 -3.815917 -1.666291
		vertex -0.360892 -3.647700 -1.464816
		vertex -0.360892 -3.500790 -1.639026
	endloop
endfacet
facet normal 0.982354 -0.093119 -0.162204
	outer loop
		vertex -0.410105 -3.934496 -1.598217
		vertex -0.360892 -3.647700 -1.464816
		vertex -0.410105 -3.815917 -1.666291
	endloop
endfacet
facet normal 0.982354 -0.093119 -0.162204
	outer loop
		vertex -0.410105 -3.934496 -1.598217
		vertex -0.360892 -3.845333 -1.351359
		vertex -0.360892 -3.647700 -1.464816
	endloop
endfacet
facet normal 0.982354 -0.032026 -0.184271
	outer loop
		vertex -0.410105 -4.069208 -1.574804
		vertex -0.360892 -3.845333 -1.351359
		vertex -0.410105 -3.934496 -1.598217
	endloop
endfacet
facet normal 0.982354 -0.032026 -0.184271
	outer loop
		vertex -0.410105 -4.069208 -1.574804
		vertex -0.360892 -4.069852 -1.312338
		vertex -0.360892 -3.845333 -1.351359
	endloop
endfacet
facet normal 0.982354 0.032930 -0.184111
	outer loop
		vertex -0.410105 -4.203803 -1.598878
		vertex -0.360892 -4.069852 -1.312338
		vertex -0.410105 -4.069208 -1.574804
	endloop
endfacet
facet normal 0.982354 0.032930 -0.184111
	outer loop
		vertex -0.410105 -4.203803 -1.598878
		vertex -0.360892 -4.294177 -1.352460
		vertex -0.360892 -4.069852 -1.312338
	endloop
endfacet
facet normal 0.982354 0.093914 -0.161745
	outer loop
		vertex -0.410105 -4.322047 -1.667534
		vertex -0.360892 -4.294177 -1.352460
		vertex -0.410105 -4.203803 -1.598878
	endloop
endfacet
facet normal 0.982354 0.093914 -0.161745
	outer loop
		vertex -0.410105 -4.322047 -1.667534
		vertex -0.360892 -4.491251 -1.466887
		vertex -0.360892 -4.294177 -1.352460
	endloop
endfacet
facet normal 0.982354 0.143570 -0.119870
	outer loop
		vertex -0.410105 -4.409678 -1.772491
		vertex -0.360892 -4.491251 -1.466887
		vertex -0.410105 -4.322047 -1.667534
	endloop
endfacet
facet normal 0.982354 0.143570 -0.119870
	outer loop
		vertex -0.410105 -4.409678 -1.772491
		vertex -0.360892 -4.637303 -1.641816
		vertex -0.360892 -4.491251 -1.466887
	endloop
endfacet
facet normal 0.982354 0.175910 -0.063537
	outer loop
		vertex -0.410105 -4.456128 -1.901090
		vertex -0.360892 -4.637303 -1.641816
		vertex -0.410105 -4.409678 -1.772491
	endloop
endfacet
facet normal 0.982354 0.175910 -0.063537
	outer loop
		vertex -0.410105 -4.456128 -1.901090
		vertex -0.360892 -4.714719 -1.856148
		vertex -0.360892 -4.637303 -1.641816
	endloop
endfacet
facet normal 0.982354 0.187032 0.000459
	outer loop
		vertex -0.410105 -4.455792 -2.037821
		vertex -0.360892 -4.714719 -1.856148
		vertex -0.410105 -4.456128 -1.901090
	endloop
endfacet
facet normal 0.982354 0.187032 0.000459
	outer loop
		vertex -0.410105 -4.455792 -2.037821
		vertex -0.360892 -4.714159 -2.084032
		vertex -0.360892 -4.714719 -1.856148
	endloop
endfacet
facet normal 0.982354 0.175596 0.064400
	outer loop
		vertex -0.410105 -4.408712 -2.166191
		vertex -0.360892 -4.714159 -2.084032
		vertex -0.410105 -4.455792 -2.037821
	endloop
endfacet
facet normal 0.982354 0.175596 0.064400
	outer loop
		vertex -0.410105 -4.408712 -2.166191
		vertex -0.360892 -4.635693 -2.297982
		vertex -0.360892 -4.714159 -2.084032
	endloop
endfacet
facet normal 0.982354 0.142980 0.120574
	outer loop
		vertex -0.410105 -4.320567 -2.270717
		vertex -0.360892 -4.635693 -2.297982
		vertex -0.410105 -4.408712 -2.166191
	endloop
endfacet
facet normal 0.982354 0.142980 0.120574
	outer loop
		vertex -0.410105 -4.320567 -2.270717
		vertex -0.360892 -4.488783 -2.472192
		vertex -0.360892 -4.635693 -2.297982
	endloop
endfacet
facet normal 0.982354 0.093119 0.162204
	outer loop
		vertex -0.410105 -4.201987 -2.338791
		vertex -0.360892 -4.488783 -2.472192
		vertex -0.410105 -4.320567 -2.270717
	endloop
endfacet
facet normal 0.982354 0.093119 0.162204
	outer loop
		vertex -0.410105 -4.201987 -2.338791
		vertex -0.360892 -4.291150 -2.585649
		vertex -0.360892 -4.488783 -2.472192
	endloop
endfacet
facet normal 0.000000 0.171231 0.985231
	outer loop
		vertex -0.360892 -4.066631 -2.624670
		vertex -0.131234 -4.291151 -2.585649
		vertex -0.360892 -4.291151 -2.585649
	endloop
endfacet
facet normal -0.000000 0.171231 0.985231
	outer loop
		vertex -0.360892 -4.066631 -2.624670
		vertex -0.131234 -4.066631 -2.624670
		vertex -0.131234 -4.291151 -2.585649
	endloop
endfacet
facet normal 0.000000 -0.176065 0.984379
	outer loop
		vertex -0.360892 -3.842307 -2.584548
		vertex -0.131234 -4.066631 -2.624670
		vertex -0.360892 -4.066631 -2.624670
	endloop
endfacet
facet normal 0.000000 -0.176065 0.984379
	outer loop
		vertex -0.360892 -3.842307 -2.584548
		vertex -0.131234 -3.842307 -2.584548
		vertex -0.131234 -4.066631 -2.624670
	endloop
endfacet
facet normal 0.000000 -0.502124 0.864796
	outer loop
		vertex -0.360892 -3.645233 -2.470121
		vertex -0.131234 -3.842307 -2.584548
		vertex -0.360892 -3.842307 -2.584548
	endloop
endfacet
facet normal 0.000000 -0.502124 0.864796
	outer loop
		vertex -0.360892 -3.645233 -2.470121
		vertex -0.131234 -3.645233 -2.470121
		vertex -0.131234 -3.842307 -2.584548
	endloop
endfacet
facet normal 0.000000 -0.767619 0.640906
	outer loop
		vertex -0.360892 -3.499180 -2.295192
		vertex -0.131234 -3.645233 -2.470121
		vertex -0.360892 -3.645233 -2.470121
	endloop
endfacet
facet normal 0.000000 -0.767619 0.640906
	outer loop
		vertex -0.360892 -3.499180 -2.295192
		vertex -0.131234 -3.499180 -2.295192
		vertex -0.131234 -3.645233 -2.470121
	endloop
endfacet
facet normal 0.000000 -0.940529 0.339713
	outer loop
		vertex -0.360892 -3.421765 -2.080860
		vertex -0.131234 -3.499180 -2.295192
		vertex -0.360892 -3.499180 -2.295192
	endloop
endfacet
facet normal 0.000000 -0.940529 0.339713
	outer loop
		vertex -0.360892 -3.421765 -2.080860
		vertex -0.131234 -3.421765 -2.080860
		vertex -0.131234 -3.499180 -2.295192
	endloop
endfacet
facet normal 0.000000 -0.999997 -0.002454
	outer loop
		vertex -0.360892 -3.422324 -1.852976
		vertex -0.131234 -3.421765 -2.080860
		vertex -0.360892 -3.421765 -2.080860
	endloop
endfacet
facet normal 0.000000 -0.999997 -0.002454
	outer loop
		vertex -0.360892 -3.422324 -1.852976
		vertex -0.131234 -3.422324 -1.852976
		vertex -0.131234 -3.421765 -2.080860
	endloop
endfacet
facet normal 0.000000 -0.938851 -0.344325
	outer loop
		vertex -0.360892 -3.500790 -1.639026
		vertex -0.131234 -3.422324 -1.852976
		vertex -0.360892 -3.422324 -1.852976
	endloop
endfacet
facet normal 0.000000 -0.938851 -0.344325
	outer loop
		vertex -0.360892 -3.500790 -1.639026
		vertex -0.131234 -3.500790 -1.639026
		vertex -0.131234 -3.422324 -1.852976
	endloop
endfacet
facet normal 0.000000 -0.764464 -0.644666
	outer loop
		vertex -0.360892 -3.647700 -1.464816
		vertex -0.131234 -3.500790 -1.639026
		vertex -0.360892 -3.500790 -1.639026
	endloop
endfacet
facet normal 0.000000 -0.764464 -0.644666
	outer loop
		vertex -0.360892 -3.647700 -1.464816
		vertex -0.131234 -3.647700 -1.464816
		vertex -0.131234 -3.500790 -1.639026
	endloop
endfacet
facet normal 0.000000 -0.497873 -0.867250
	outer loop
		vertex -0.360892 -3.845333 -1.351359
		vertex -0.131234 -3.647700 -1.464816
		vertex -0.360892 -3.647700 -1.464816
	endloop
endfacet
facet normal 0.000000 -0.497873 -0.867250
	outer loop
		vertex -0.360892 -3.845333 -1.351359
		vertex -0.131234 -3.845333 -1.351359
		vertex -0.131234 -3.647700 -1.464816
	endloop
endfacet
facet normal 0.000000 -0.171231 -0.985231
	outer loop
		vertex -0.360892 -4.069852 -1.312338
		vertex -0.131234 -3.845333 -1.351359
		vertex -0.360892 -3.845333 -1.351359
	endloop
endfacet
facet normal 0.000000 -0.171231 -0.985231
	outer loop
		vertex -0.360892 -4.069852 -1.312338
		vertex -0.131234 -4.069852 -1.312338
		vertex -0.131234 -3.845333 -1.351359
	endloop
endfacet
facet normal 0.000000 0.176064 -0.984379
	outer loop
		vertex -0.360892 -4.294177 -1.352460
		vertex -0.131234 -4.069852 -1.312338
		vertex -0.360892 -4.069852 -1.312338
	endloop
endfacet
facet normal 0.000000 0.176064 -0.984379
	outer loop
		vertex -0.360892 -4.294177 -1.352460
		vertex -0.131234 -4.294177 -1.352460
		vertex -0.131234 -4.069852 -1.312338
	endloop
endfacet
facet normal 0.000000 0.502125 -0.864795
	outer loop
		vertex -0.360892 -4.491251 -1.466887
		vertex -0.131234 -4.294177 -1.352460
		vertex -0.360892 -4.294177 -1.352460
	endloop
endfacet
facet normal 0.000000 0.502125 -0.864795
	outer loop
		vertex -0.360892 -4.491251 -1.466887
		vertex -0.131234 -4.491251 -1.466887
		vertex -0.131234 -4.294177 -1.352460
	endloop
endfacet
facet normal 0.000000 0.767620 -0.640906
	outer loop
		vertex -0.360892 -4.637303 -1.641816
		vertex -0.131234 -4.491251 -1.466887
		vertex -0.360892 -4.491251 -1.466887
	endloop
endfacet
facet normal 0.000000 0.767620 -0.640906
	outer loop
		vertex -0.360892 -4.637303 -1.641816
		vertex -0.131234 -4.637303 -1.641816
		vertex -0.131234 -4.491251 -1.466887
	endloop
endfacet
facet normal 0.000000 0.940529 -0.339713
	outer loop
		vertex -0.360892 -4.714719 -1.856148
		vertex -0.131234 -4.637303 -1.641816
		vertex -0.360892 -4.637303 -1.641816
	endloop
endfacet
facet normal 0.000000 0.940529 -0.339713
	outer loop
		vertex -0.360892 -4.714719 -1.856148
		vertex -0.131234 -4.714719 -1.856148
		vertex -0.131234 -4.637303 -1.641816
	endloop
endfacet
facet normal 0.000000 0.999997 0.002454
	outer loop
		vertex -0.360892 -4.714159 -2.084032
		vertex -0.131234 -4.714719 -1.856148
		vertex -0.360892 -4.714719 -1.856148
	endloop
endfacet
facet normal -0.000000 0.999997 0.002454
	outer loop
		vertex -0.360892 -4.714159 -2.084032
		vertex -0.131234 -4.714159 -2.084032
		vertex -0.131234 -4.714719 -1.856148
	endloop
endfacet
facet normal 0.000000 0.938850 0.344327
	outer loop
		vertex -0.360892 -4.635693 -2.297982
		vertex -0.131234 -4.714159 -2.084032
		vertex -0.360892 -4.714159 -2.084032
	endloop
endfacet
facet normal -0.000000 0.938850 0.344327
	outer loop
		vertex -0.360892 -4.635693 -2.297982
		vertex -0.131234 -4.635693 -2.297982
		vertex -0.131234 -4.714159 -2.084032
	endloop
endfacet
facet normal 0.000000 0.764464 0.644666
	outer loop
		vertex -0.360892 -4.488783 -2.472192
		vertex -0.131234 -4.635693 -2.297982
		vertex -0.360892 -4.635693 -2.297982
	endloop
endfacet
facet normal -0.000000 0.764464 0.644666
	outer loop
		vertex -0.360892 -4.488783 -2.472192
		vertex -0.131234 -4.488783 -2.472192
		vertex -0.131234 -4.635693 -2.297982
	endloop
endfacet
facet normal 0.000000 0.497873 0.867250
	outer loop
		vertex -0.360892 -4.291150 -2.585649
		vertex -0.131234 -4.488783 -2.472192
		vertex -0.360892 -4.488783 -2.472192
	endloop
endfacet
facet normal -0.000000 0.497873 0.867250
	outer loop
		vertex -0.360892 -4.291150 -2.585649
		vertex -0.131234 -4.291150 -2.585649
		vertex -0.131234 -4.488783 -2.472192
	endloop
endfacet
facet normal -0.982354 0.032026 0.184270
	outer loop
		vertex -0.131234 -4.066631 -2.624670
		vertex -0.082021 -4.201987 -2.338791
		vertex -0.131234 -4.291151 -2.585649
	endloop
endfacet
facet normal -0.982354 0.032026 0.184270
	outer loop
		vertex -0.131234 -4.066631 -2.624670
		vertex -0.082021 -4.067276 -2.362204
		vertex -0.082021 -4.201987 -2.338791
	endloop
endfacet
facet normal -0.982354 -0.032930 0.184111
	outer loop
		vertex -0.131234 -3.842307 -2.584548
		vertex -0.082021 -4.067276 -2.362204
		vertex -0.131234 -4.066631 -2.624670
	endloop
endfacet
facet normal -0.982354 -0.032930 0.184111
	outer loop
		vertex -0.131234 -3.842307 -2.584548
		vertex -0.082021 -3.932681 -2.338130
		vertex -0.082021 -4.067276 -2.362204
	endloop
endfacet
facet normal -0.982354 -0.093914 0.161745
	outer loop
		vertex -0.131234 -3.645233 -2.470121
		vertex -0.082021 -3.932681 -2.338130
		vertex -0.131234 -3.842307 -2.584548
	endloop
endfacet
facet normal -0.982354 -0.093913 0.161745
	outer loop
		vertex -0.131234 -3.645233 -2.470121
		vertex -0.082021 -3.814436 -2.269474
		vertex -0.082021 -3.932681 -2.338130
	endloop
endfacet
facet normal -0.982354 -0.143570 0.119870
	outer loop
		vertex -0.131234 -3.499180 -2.295192
		vertex -0.082021 -3.814436 -2.269474
		vertex -0.131234 -3.645233 -2.470121
	endloop
endfacet
facet normal -0.982354 -0.143570 0.119870
	outer loop
		vertex -0.131234 -3.499180 -2.295192
		vertex -0.082021 -3.726805 -2.164517
		vertex -0.082021 -3.814436 -2.269474
	endloop
endfacet
facet normal -0.982354 -0.175910 0.063537
	outer loop
		vertex -0.131234 -3.421765 -2.080860
		vertex -0.082021 -3.726805 -2.164517
		vertex -0.131234 -3.499180 -2.295192
	endloop
endfacet
facet normal -0.982354 -0.175910 0.063538
	outer loop
		vertex -0.131234 -3.421765 -2.080860
		vertex -0.082021 -3.680355 -2.035918
		vertex -0.082021 -3.726805 -2.164517
	endloop
endfacet
facet normal -0.982354 -0.187032 -0.000459
	outer loop
		vertex -0.131234 -3.422324 -1.852976
		vertex -0.082021 -3.680355 -2.035918
		vertex -0.131234 -3.421765 -2.080860
	endloop
endfacet
facet normal -0.982354 -0.187032 -0.000459
	outer loop
		vertex -0.131234 -3.422324 -1.852976
		vertex -0.082021 -3.680691 -1.899187
		vertex -0.082021 -3.680355 -2.035918
	endloop
endfacet
facet normal -0.982354 -0.175596 -0.064400
	outer loop
		vertex -0.131234 -3.500790 -1.639026
		vertex -0.082021 -3.680691 -1.899187
		vertex -0.131234 -3.422324 -1.852976
	endloop
endfacet
facet normal -0.982354 -0.175596 -0.064400
	outer loop
		vertex -0.131234 -3.500790 -1.639026
		vertex -0.082021 -3.727771 -1.770817
		vertex -0.082021 -3.680691 -1.899187
	endloop
endfacet
facet normal -0.982354 -0.142980 -0.120574
	outer loop
		vertex -0.131234 -3.647700 -1.464816
		vertex -0.082021 -3.727771 -1.770817
		vertex -0.131234 -3.500790 -1.639026
	endloop
endfacet
facet normal -0.982354 -0.142980 -0.120574
	outer loop
		vertex -0.131234 -3.647700 -1.464816
		vertex -0.082021 -3.815917 -1.666291
		vertex -0.082021 -3.727771 -1.770817
	endloop
endfacet
facet normal -0.982354 -0.093119 -0.162204
	outer loop
		vertex -0.131234 -3.845333 -1.351359
		vertex -0.082021 -3.815917 -1.666291
		vertex -0.131234 -3.647700 -1.464816
	endloop
endfacet
facet normal -0.982354 -0.093119 -0.162204
	outer loop
		vertex -0.131234 -3.845333 -1.351359
		vertex -0.082021 -3.934496 -1.598217
		vertex -0.082021 -3.815917 -1.666291
	endloop
endfacet
facet normal -0.982354 -0.032026 -0.184271
	outer loop
		vertex -0.131234 -4.069852 -1.312338
		vertex -0.082021 -3.934496 -1.598217
		vertex -0.131234 -3.845333 -1.351359
	endloop
endfacet
facet normal -0.982354 -0.032026 -0.184271
	outer loop
		vertex -0.131234 -4.069852 -1.312338
		vertex -0.082021 -4.069208 -1.574804
		vertex -0.082021 -3.934496 -1.598217
	endloop
endfacet
facet normal -0.982354 0.032930 -0.184111
	outer loop
		vertex -0.131234 -4.294177 -1.352460
		vertex -0.082021 -4.069208 -1.574804
		vertex -0.131234 -4.069852 -1.312338
	endloop
endfacet
facet normal -0.982354 0.032930 -0.184111
	outer loop
		vertex -0.131234 -4.294177 -1.352460
		vertex -0.082021 -4.203803 -1.598878
		vertex -0.082021 -4.069208 -1.574804
	endloop
endfacet
facet normal -0.982354 0.093914 -0.161745
	outer loop
		vertex -0.131234 -4.491251 -1.466887
		vertex -0.082021 -4.203803 -1.598878
		vertex -0.131234 -4.294177 -1.352460
	endloop
endfacet
facet normal -0.982354 0.093914 -0.161745
	outer loop
		vertex -0.131234 -4.491251 -1.466887
		vertex -0.082021 -4.322047 -1.667534
		vertex -0.082021 -4.203803 -1.598878
	endloop
endfacet
facet normal -0.982354 0.143570 -0.119871
	outer loop
		vertex -0.131234 -4.637303 -1.641816
		vertex -0.082021 -4.322047 -1.667534
		vertex -0.131234 -4.491251 -1.466887
	endloop
endfacet
facet normal -0.982354 0.143570 -0.119870
	outer loop
		vertex -0.131234 -4.637303 -1.641816
		vertex -0.082021 -4.409678 -1.772491
		vertex -0.082021 -4.322047 -1.667534
	endloop
endfacet
facet normal -0.982354 0.175910 -0.063538
	outer loop
		vertex -0.131234 -4.714719 -1.856148
		vertex -0.082021 -4.409678 -1.772491
		vertex -0.131234 -4.637303 -1.641816
	endloop
endfacet
facet normal -0.982354 0.175910 -0.063537
	outer loop
		vertex -0.131234 -4.714719 -1.856148
		vertex -0.082021 -4.456128 -1.901090
		vertex -0.082021 -4.409678 -1.772491
	endloop
endfacet
facet normal -0.982354 0.187032 0.000459
	outer loop
		vertex -0.131234 -4.714159 -2.084032
		vertex -0.082021 -4.456128 -1.901090
		vertex -0.131234 -4.714719 -1.856148
	endloop
endfacet
facet normal -0.982354 0.187032 0.000459
	outer loop
		vertex -0.131234 -4.714159 -2.084032
		vertex -0.082021 -4.455792 -2.037821
		vertex -0.082021 -4.456128 -1.901090
	endloop
endfacet
facet normal -0.982354 0.175596 0.064400
	outer loop
		vertex -0.131234 -4.635693 -2.297982
		vertex -0.082021 -4.455792 -2.037821
		vertex -0.131234 -4.714159 -2.084032
	endloop
endfacet
facet normal -0.982354 0.175596 0.064400
	outer loop
		vertex -0.131234 -4.635693 -2.297982
		vertex -0.082021 -4.408712 -2.166191
		vertex -0.082021 -4.455792 -2.037821
	endloop
endfacet
facet normal -0.982354 0.142980 0.120574
	outer loop
		vertex -0.131234 -4.488783 -2.472192
		vertex -0.082021 -4.408712 -2.166191
		vertex -0.131234 -4.635693 -2.297982
	endloop
endfacet
facet normal -0.982354 0.142980 0.120574
	outer loop
		vertex -0.131234 -4.488783 -2.472192
		vertex -0.082021 -4.320567 -2.270717
		vertex -0.082021 -4.408712 -2.166191
	endloop
endfacet
facet normal -0.982354 0.093119 0.162204
	outer loop
		vertex -0.131234 -4.291150 -2.585649
		vertex -0.082021 -4.320567 -2.270717
		vertex -0.131234 -4.488783 -2.472192
	endloop
endfacet
facet normal -0.982354 0.093118 0.162204
	outer loop
		vertex -0.131234 -4.291150 -2.585649
		vertex -0.082021 -4.201987 -2.338791
		vertex -0.082021 -4.320567 -2.270717
	endloop
endfacet
facet normal 1.000000 0.000000 0.000000
	outer loop
		vertex 0.082021 -4.067276 -2.362204
		vertex 0.082021 -4.201987 -2.338791
		vertex 0.082021 -4.068242 -1.968504
	endloop
endfacet
facet normal 1.000000 0.000000 0.000000
	outer loop
		vertex 0.082021 -3.932681 -2.338130
		vertex 0.082021 -4.067276 -2.362204
		vertex 0.082021 -4.068242 -1.968504
	endloop
endfacet
facet normal 1.000000 0.000000 0.000000
	outer loop
		vertex 0.082021 -3.814436 -2.269474
		vertex 0.082021 -3.932681 -2.338130
		vertex 0.082021 -4.068242 -1.968504
	endloop
endfacet
facet normal 1.000000 0.000000 0.000000
	outer loop
		vertex 0.082021 -3.726805 -2.164517
		vertex 0.082021 -3.814436 -2.269474
		vertex 0.082021 -4.068242 -1.968504
	endloop
endfacet
facet normal 1.000000 0.000000 0.000000
	outer loop
		vertex 0.082021 -3.680355 -2.035918
		vertex 0.082021 -3.726805 -2.164517
		vertex 0.082021 -4.068242 -1.968504
	endloop
endfacet
facet normal 1.000000 0.000000 0.000000
	outer loop
		vertex 0.082021 -3.680691 -1.899187
		vertex 0.082021 -3.680355 -2.035918
		vertex 0.082021 -4.068242 -1.968504
	endloop
endfacet
facet normal 1.000000 0.000000 0.000000
	outer loop
		vertex 0.082021 -3.727771 -1.770817
		vertex 0.082021 -3.680691 -1.899187
		vertex 0.082021 -4.068242 -1.968504
	endloop
endfacet
facet normal 1.000000 0.000000 0.000000
	outer loop
		vertex 0.082021 -3.815917 -1.666291
		vertex 0.082021 -3.727771 -1.770817
		vertex 0.082021 -4.068242 -1.968504
	endloop
endfacet
facet normal 1.000000 0.000000 0.000000
	outer loop
		vertex 0.082021 -3.934496 -1.598217
		vertex 0.082021 -3.815917 -1.666291
		vertex 0.082021 -4.068242 -1.968504
	endloop
endfacet
facet normal 1.000000 0.000000 0.000000
	outer loop
		vertex 0.082021 -4.069208 -1.574804
		vertex 0.082021 -3.934496 -1.598217
		vertex 0.082021 -4.068242 -1.968504
	endloop
endfacet
facet normal 1.000000 -0.000000 0.000000
	outer loop
		vertex 0.082021 -4.203803 -1.598878
		vertex 0.082021 -4.069208 -1.574804
		vertex 0.082021 -4.068242 -1.968504
	endloop
endfacet
facet normal 1.000000 -0.000000 0.000000
	outer loop
		vertex 0.082021 -4.322047 -1.667534
		vertex 0.082021 -4.203803 -1.598878
		vertex 0.082021 -4.068242 -1.968504
	endloop
endfacet
facet normal 1.000000 -0.000000 0.000000
	outer loop
		vertex 0.082021 -4.409678 -1.772491
		vertex 0.082021 -4.322047 -1.667534
		vertex 0.082021 -4.068242 -1.968504
	endloop
endfacet
facet normal 1.000000 -0.000000 0.000000
	outer loop
		vertex 0.082021 -4.456128 -1.901090
		vertex 0.082021 -4.409678 -1.772491
		vertex 0.082021 -4.068242 -1.968504
	endloop
endfacet
facet normal 1.000000 0.000000 -0.000000
	outer loop
		vertex 0.082021 -4.455792 -2.037821
		vertex 0.082021 -4.456128 -1.901090
		vertex 0.082021 -4.068242 -1.968504
	endloop
endfacet
facet normal 1.000000 0.000000 -0.000000
	outer loop
		vertex 0.082021 -4.408712 -2.166191
		vertex 0.082021 -4.455792 -2.037821
		vertex 0.082021 -4.068242 -1.968504
	endloop
endfacet
facet normal 1.000000 0.000000 -0.000000
	outer loop
		vertex 0.082021 -4.320567 -2.270717
		vertex 0.082021 -4.408712 -2.166191
		vertex 0.082021 -4.068242 -1.968504
	endloop
endfacet
facet normal 1.000000 0.000000 -0.000000
	outer loop
		vertex 0.082021 -4.201987 -2.338791
		vertex 0.082021 -4.320567 -2.270717
		vertex 0.082021 -4.068242 -1.968504
	endloop
endfacet
facet normal -1.000000 0.000000 0.000000
	outer loop
		vertex 0.410105 -4.320567 -2.270717
		vertex 0.410105 -4.201987 -2.338791
		vertex 0.410105 -4.068242 -1.968504
	endloop
endfacet
facet normal -1.000000 0.000000 0.000000
	outer loop
		vertex 0.410105 -4.408712 -2.166191
		vertex 0.410105 -4.320567 -2.270717
		vertex 0.410105 -4.068242 -1.968504
	endloop
endfacet
facet normal -1.000000 0.000000 0.000000
	outer loop
		vertex 0.410105 -4.455792 -2.037821
		vertex 0.410105 -4.408712 -2.166191
		vertex 0.410105 -4.068242 -1.968504
	endloop
endfacet
facet normal -1.000000 0.000000 0.000000
	outer loop
		vertex 0.410105 -4.456128 -1.901090
		vertex 0.410105 -4.455792 -2.037821
		vertex 0.410105 -4.068242 -1.968504
	endloop
endfacet
facet normal -1.000000 0.000000 -0.000000
	outer loop
		vertex 0.410105 -4.409678 -1.772491
		vertex 0.410105 -4.456128 -1.901090
		vertex 0.410105 -4.068242 -1.968504
	endloop
endfacet
facet normal -1.000000 0.000000 -0.000000
	outer loop
		vertex 0.410105 -4.322047 -1.667534
		vertex 0.410105 -4.409678 -1.772491
		vertex 0.410105 -4.068242 -1.968504
	endloop
endfacet
facet normal -1.000000 0.000000 -0.000000
	outer loop
		vertex 0.410105 -4.203803 -1.598878
		vertex 0.410105 -4.322047 -1.667534
		vertex 0.410105 -4.068242 -1.968504
	endloop
endfacet
facet normal -1.000000 0.000000 -0.000000
	outer loop
		vertex 0.410105 -4.069208 -1.574804
		vertex 0.410105 -4.203803 -1.598878
		vertex 0.410105 -4.068242 -1.968504
	endloop
endfacet
facet normal -1.000000 -0.000000 0.000000
	outer loop
		vertex 0.410105 -3.934496 -1.598217
		vertex 0.410105 -4.069208 -1.574804
		vertex 0.410105 -4.068242 -1.968504
	endloop
endfacet
facet normal -1.000000 -0.000000 0.000000
	outer loop
		vertex 0.410105 -3.815917 -1.666291
		vertex 0.410105 -3.934496 -1.598217
		vertex 0.410105 -4.068242 -1.968504
	endloop
endfacet
facet normal -1.000000 -0.000000 0.000000
	outer loop
		vertex 0.410105 -3.727771 -1.770817
		vertex 0.410105 -3.815917 -1.666291
		vertex 0.410105 -4.068242 -1.968504
	endloop
endfacet
facet normal -1.000000 -0.000000 0.000000
	outer loop
		vertex 0.410105 -3.680691 -1.899187
		vertex 0.410105 -3.727771 -1.770817
		vertex 0.410105 -4.068242 -1.968504
	endloop
endfacet
facet normal -1.000000 0.000000 0.000000
	outer loop
		vertex 0.410105 -3.680355 -2.035918
		vertex 0.410105 -3.680691 -1.899187
		vertex 0.410105 -4.068242 -1.968504
	endloop
endfacet
facet normal -1.000000 0.000000 0.000000
	outer loop
		vertex 0.410105 -3.726805 -2.164517
		vertex 0.410105 -3.680355 -2.035918
		vertex 0.410105 -4.068242 -1.968504
	endloop
endfacet
facet normal -1.000000 0.000000 0.000000
	outer loop
		vertex 0.410105 -3.814436 -2.269474
		vertex 0.410105 -3.726805 -2.164517
		vertex 0.410105 -4.068242 -1.968504
	endloop
endfacet
facet normal -1.000000 0.000000 0.000000
	outer loop
		vertex 0.410105 -3.932681 -2.338130
		vertex 0.410105 -3.814436 -2.269474
		vertex 0.410105 -4.068242 -1.968504
	endloop
endfacet
facet normal -1.000000 0.000000 0.000000
	outer loop
		vertex 0.410105 -4.067276 -2.362204
		vertex 0.410105 -3.932681 -2.338130
		vertex 0.410105 -4.068242 -1.968504
	endloop
endfacet
facet normal -1.000000 0.000000 0.000000
	outer loop
		vertex 0.410105 -4.201987 -2.338791
		vertex 0.410105 -4.067276 -2.362204
		vertex 0.410105 -4.068242 -1.968504
	endloop
endfacet
facet normal 0.982354 0.032026 0.184270
	outer loop
		vertex 0.082021 -4.067276 -2.362204
		vertex 0.131234 -4.291151 -2.585649
		vertex 0.082021 -4.201987 -2.338791
	endloop
endfacet
facet normal 0.982354 0.032026 0.184270
	outer loop
		vertex 0.082021 -4.067276 -2.362204
		vertex 0.131234 -4.066631 -2.624670
		vertex 0.131234 -4.291151 -2.585649
	endloop
endfacet
facet normal 0.982354 -0.032930 0.184111
	outer loop
		vertex 0.082021 -3.932681 -2.338130
		vertex 0.131234 -4.066631 -2.624670
		vertex 0.082021 -4.067276 -2.362204
	endloop
endfacet
facet normal 0.982354 -0.032930 0.184111
	outer loop
		vertex 0.082021 -3.932681 -2.338130
		vertex 0.131234 -3.842307 -2.584548
		vertex 0.131234 -4.066631 -2.624670
	endloop
endfacet
facet normal 0.982354 -0.093913 0.161745
	outer loop
		vertex 0.082021 -3.814436 -2.269474
		vertex 0.131234 -3.842307 -2.584548
		vertex 0.082021 -3.932681 -2.338130
	endloop
endfacet
facet normal 0.982354 -0.093914 0.161745
	outer loop
		vertex 0.082021 -3.814436 -2.269474
		vertex 0.131234 -3.645233 -2.470121
		vertex 0.131234 -3.842307 -2.584548
	endloop
endfacet
facet normal 0.982354 -0.143570 0.119870
	outer loop
		vertex 0.082021 -3.726805 -2.164517
		vertex 0.131234 -3.645233 -2.470121
		vertex 0.082021 -3.814436 -2.269474
	endloop
endfacet
facet normal 0.982354 -0.143570 0.119870
	outer loop
		vertex 0.082021 -3.726805 -2.164517
		vertex 0.131234 -3.499180 -2.295192
		vertex 0.131234 -3.645233 -2.470121
	endloop
endfacet
facet normal 0.982354 -0.175910 0.063538
	outer loop
		vertex 0.082021 -3.680355 -2.035918
		vertex 0.131234 -3.499180 -2.295192
		vertex 0.082021 -3.726805 -2.164517
	endloop
endfacet
facet normal 0.982354 -0.175910 0.063537
	outer loop
		vertex 0.082021 -3.680355 -2.035918
		vertex 0.131234 -3.421765 -2.080860
		vertex 0.131234 -3.499180 -2.295192
	endloop
endfacet
facet normal 0.982354 -0.187032 -0.000459
	outer loop
		vertex 0.082021 -3.680691 -1.899187
		vertex 0.131234 -3.421765 -2.080860
		vertex 0.082021 -3.680355 -2.035918
	endloop
endfacet
facet normal 0.982354 -0.187032 -0.000459
	outer loop
		vertex 0.082021 -3.680691 -1.899187
		vertex 0.131234 -3.422324 -1.852976
		vertex 0.131234 -3.421765 -2.080860
	endloop
endfacet
facet normal 0.982354 -0.175596 -0.064400
	outer loop
		vertex 0.082021 -3.727771 -1.770817
		vertex 0.131234 -3.422324 -1.852976
		vertex 0.082021 -3.680691 -1.899187
	endloop
endfacet
facet normal 0.982354 -0.175596 -0.064400
	outer loop
		vertex 0.082021 -3.727771 -1.770817
		vertex 0.131234 -3.500790 -1.639026
		vertex 0.131234 -3.422324 -1.852976
	endloop
endfacet
facet normal 0.982354 -0.142980 -0.120574
	outer loop
		vertex 0.082021 -3.815917 -1.666291
		vertex 0.131234 -3.500790 -1.639026
		vertex 0.082021 -3.727771 -1.770817
	endloop
endfacet
facet normal 0.982354 -0.142980 -0.120574
	outer loop
		vertex 0.082021 -3.815917 -1.666291
		vertex 0.131234 -3.647700 -1.464816
		vertex 0.131234 -3.500790 -1.639026
	endloop
endfacet
facet normal 0.982354 -0.093119 -0.162204
	outer loop
		vertex 0.082021 -3.934496 -1.598217
		vertex 0.131234 -3.647700 -1.464816
		vertex 0.082021 -3.815917 -1.666291
	endloop
endfacet
facet normal 0.982354 -0.093119 -0.162204
	outer loop
		vertex 0.082021 -3.934496 -1.598217
		vertex 0.131234 -3.845333 -1.351359
		vertex 0.131234 -3.647700 -1.464816
	endloop
endfacet
facet normal 0.982354 -0.032026 -0.184271
	outer loop
		vertex 0.082021 -4.069208 -1.574804
		vertex 0.131234 -3.845333 -1.351359
		vertex 0.082021 -3.934496 -1.598217
	endloop
endfacet
facet normal 0.982354 -0.032026 -0.184271
	outer loop
		vertex 0.082021 -4.069208 -1.574804
		vertex 0.131234 -4.069852 -1.312338
		vertex 0.131234 -3.845333 -1.351359
	endloop
endfacet
facet normal 0.982354 0.032930 -0.184111
	outer loop
		vertex 0.082021 -4.203803 -1.598878
		vertex 0.131234 -4.069852 -1.312338
		vertex 0.082021 -4.069208 -1.574804
	endloop
endfacet
facet normal 0.982354 0.032930 -0.184111
	outer loop
		vertex 0.082021 -4.203803 -1.598878
		vertex 0.131234 -4.294177 -1.352460
		vertex 0.131234 -4.069852 -1.312338
	endloop
endfacet
facet normal 0.982354 0.093914 -0.161745
	outer loop
		vertex 0.082021 -4.322047 -1.667534
		vertex 0.131234 -4.294177 -1.352460
		vertex 0.082021 -4.203803 -1.598878
	endloop
endfacet
facet normal 0.982354 0.093914 -0.161745
	outer loop
		vertex 0.082021 -4.322047 -1.667534
		vertex 0.131234 -4.491251 -1.466887
		vertex 0.131234 -4.294177 -1.352460
	endloop
endfacet
facet normal 0.982354 0.143570 -0.119870
	outer loop
		vertex 0.082021 -4.409678 -1.772491
		vertex 0.131234 -4.491251 -1.466887
		vertex 0.082021 -4.322047 -1.667534
	endloop
endfacet
facet normal 0.982354 0.143570 -0.119870
	outer loop
		vertex 0.082021 -4.409678 -1.772491
		vertex 0.131234 -4.637303 -1.641816
		vertex 0.131234 -4.491251 -1.466887
	endloop
endfacet
facet normal 0.982354 0.175910 -0.063537
	outer loop
		vertex 0.082021 -4.456128 -1.901090
		vertex 0.131234 -4.637303 -1.641816
		vertex 0.082021 -4.409678 -1.772491
	endloop
endfacet
facet normal 0.982354 0.175910 -0.063537
	outer loop
		vertex 0.082021 -4.456128 -1.901090
		vertex 0.131234 -4.714719 -1.856148
		vertex 0.131234 -4.637303 -1.641816
	endloop
endfacet
facet normal 0.982354 0.187032 0.000459
	outer loop
		vertex 0.082021 -4.455792 -2.037821
		vertex 0.131234 -4.714719 -1.856148
		vertex 0.082021 -4.456128 -1.901090
	endloop
endfacet
facet normal 0.982354 0.187032 0.000459
	outer loop
		vertex 0.082021 -4.455792 -2.037821
		vertex 0.131234 -4.714159 -2.084032
		vertex 0.131234 -4.714719 -1.856148
	endloop
endfacet
facet normal 0.982354 0.175596 0.064400
	outer loop
		vertex 0.082021 -4.408712 -2.166191
		vertex 0.131234 -4.714159 -2.084032
		vertex 0.082021 -4.455792 -2.037821
	endloop
endfacet
facet normal 0.982354 0.175596 0.064400
	outer loop
		vertex 0.082021 -4.408712 -2.166191
		vertex 0.131234 -4.635693 -2.297982
		vertex 0.131234 -4.714159 -2.084032
	endloop
endfacet
facet normal 0.982354 0.142980 0.120574
	outer loop
		vertex 0.082021 -4.320567 -2.270717
		vertex 0.131234 -4.635693 -2.297982
		vertex 0.082021 -4.408712 -2.166191
	endloop
endfacet
facet normal 0.982354 0.142980 0.120574
	outer loop
		vertex 0.082021 -4.320567 -2.270717
		vertex 0.131234 -4.488783 -2.472192
		vertex 0.131234 -4.635693 -2.297982
	endloop
endfacet
facet normal 0.982354 0.093119 0.162204
	outer loop
		vertex 0.082021 -4.201987 -2.338791
		vertex 0.131234 -4.488783 -2.472192
		vertex 0.082021 -4.320567 -2.270717
	endloop
endfacet
facet normal 0.982354 0.093119 0.162204
	outer loop
		vertex 0.082021 -4.201987 -2.338791
		vertex 0.131234 -4.291150 -2.585649
		vertex 0.131234 -4.488783 -2.472192
	endloop
endfacet
facet normal 0.000000 0.171231 0.985231
	outer loop
		vertex 0.131234 -4.066631 -2.624670
		vertex 0.360892 -4.291151 -2.585649
		vertex 0.131234 -4.291151 -2.585649
	endloop
endfacet
facet normal -0.000000 0.171231 0.985231
	outer loop
		vertex 0.131234 -4.066631 -2.624670
		vertex 0.360892 -4.066631 -2.624670
		vertex 0.360892 -4.291151 -2.585649
	endloop
endfacet
facet normal 0.000000 -0.176065 0.984379
	outer loop
		vertex 0.131234 -3.842307 -2.584548
		vertex 0.360892 -4.066631 -2.624670
		vertex 0.131234 -4.066631 -2.624670
	endloop
endfacet
facet normal 0.000000 -0.176065 0.984379
	outer loop
		vertex 0.131234 -3.842307 -2.584548
		vertex 0.360892 -3.842307 -2.584548
		vertex 0.360892 -4.066631 -2.624670
	endloop
endfacet
facet normal 0.000000 -0.502124 0.864796
	outer loop
		vertex 0.131234 -3.645233 -2.470121
		vertex 0.360892 -3.842307 -2.584548
		vertex 0.131234 -3.842307 -2.584548
	endloop
endfacet
facet normal 0.000000 -0.502124 0.864796
	outer loop
		vertex 0.131234 -3.645233 -2.470121
		vertex 0.360892 -3.645233 -2.470121
		vertex 0.360892 -3.842307 -2.584548
	endloop
endfacet
facet normal 0.000000 -0.767619 0.640906
	outer loop
		vertex 0.131234 -3.499180 -2.295192
		vertex 0.360892 -3.645233 -2.470121
		vertex 0.131234 -3.645233 -2.470121
	endloop
endfacet
facet normal 0.000000 -0.767619 0.640906
	outer loop
		vertex 0.131234 -3.499180 -2.295192
		vertex 0.360892 -3.499180 -2.295192
		vertex 0.360892 -3.645233 -2.470121
	endloop
endfacet
facet normal 0.000000 -0.940529 0.339713
	outer loop
		vertex 0.131234 -3.421765 -2.080860
		vertex 0.360892 -3.499180 -2.295192
		vertex 0.131234 -3.499180 -2.295192
	endloop
endfacet
facet normal 0.000000 -0.940529 0.339713
	outer loop
		vertex 0.131234 -3.421765 -2.080860
		vertex 0.360892 -3.421765 -2.080860
		vertex 0.360892 -3.499180 -2.295192
	endloop
endfacet
facet normal 0.000000 -0.999997 -0.002454
	outer loop
		vertex 0.131234 -3.422324 -1.852976
		vertex 0.360892 -3.421765 -2.080860
		vertex 0.131234 -3.421765 -2.080860
	endloop
endfacet
facet normal 0.000000 -0.999997 -0.002454
	outer loop
		vertex 0.131234 -3.422324 -1.852976
		vertex 0.360892 -3.422324 -1.852976
		vertex 0.360892 -3.421765 -2.080860
	endloop
endfacet
facet normal 0.000000 -0.938851 -0.344325
	outer loop
		vertex 0.131234 -3.500790 -1.639026
		vertex 0.360892 -3.422324 -1.852976
		vertex 0.131234 -3.422324 -1.852976
	endloop
endfacet
facet normal 0.000000 -0.938851 -0.344325
	outer loop
		vertex 0.131234 -3.500790 -1.639026
		vertex 0.360892 -3.500790 -1.639026
		vertex 0.360892 -3.422324 -1.852976
	endloop
endfacet
facet normal 0.000000 -0.764464 -0.644666
	outer loop
		vertex 0.131234 -3.647700 -1.464816
		vertex 0.360892 -3.500790 -1.639026
		vertex 0.131234 -3.500790 -1.639026
	endloop
endfacet
facet normal 0.000000 -0.764464 -0.644666
	outer loop
		vertex 0.131234 -3.647700 -1.464816
		vertex 0.360892 -3.647700 -1.464816
		vertex 0.360892 -3.500790 -1.639026
	endloop
endfacet
facet normal 0.000000 -0.497873 -0.867250
	outer loop
		vertex 0.131234 -3.845333 -1.351359
		vertex 0.360892 -3.647700 -1.464816
		vertex 0.131234 -3.647700 -1.464816
	endloop
endfacet
facet normal 0.000000 -0.497873 -0.867250
	outer loop
		vertex 0.131234 -3.845333 -1.351359
		vertex 0.360892 -3.845333 -1.351359
		vertex 0.360892 -3.647700 -1.464816
	endloop
endfacet
facet normal 0.000000 -0.171231 -0.985231
	outer loop
		vertex 0.131234 -4.069852 -1.312338
		vertex 0.360892 -3.845333 -1.351359
		vertex 0.131234 -3.845333 -1.351359
	endloop
endfacet
facet normal 0.000000 -0.171231 -0.985231
	outer loop
		vertex 0.131234 -4.069852 -1.312338
		vertex 0.360892 -4.069852 -1.312338
		vertex 0.360892 -3.845333 -1.351359
	endloop
endfacet
facet normal 0.000000 0.176064 -0.984379
	outer loop
		vertex 0.131234 -4.294177 -1.352460
		vertex 0.360892 -4.069852 -1.312338
		vertex 0.131234 -4.069852 -1.312338
	endloop
endfacet
facet normal 0.000000 0.176064 -0.984379
	outer loop
		vertex 0.131234 -4.294177 -1.352460
		vertex 0.360892 -4.294177 -1.352460
		vertex 0.360892 -4.069852 -1.312338
	endloop
endfacet
facet normal 0.000000 0.502125 -0.864795
	outer loop
		vertex 0.131234 -4.491251 -1.466887
		vertex 0.360892 -4.294177 -1.352460
		vertex 0.131234 -4.294177 -1.352460
	endloop
endfacet
facet normal 0.000000 0.502125 -0.864795
	outer loop
		vertex 0.131234 -4.491251 -1.466887
		vertex 0.360892 -4.491251 -1.466887
		vertex 0.360892 -4.294177 -1.352460
	endloop
endfacet
facet normal 0.000000 0.767620 -0.640906
	outer loop
		vertex 0.131234 -4.637303 -1.641816
		vertex 0.360892 -4.491251 -1.466887
		vertex 0.131234 -4.491251 -1.466887
	endloop
endfacet
facet normal 0.000000 0.767620 -0.640906
	outer loop
		vertex 0.131234 -4.637303 -1.641816
		vertex 0.360892 -4.637303 -1.641816
		vertex 0.360892 -4.491251 -1.466887
	endloop
endfacet
facet normal 0.000000 0.940529 -0.339713
	outer loop
		vertex 0.131234 -4.714719 -1.856148
		vertex 0.360892 -4.637303 -1.641816
		vertex 0.131234 -4.637303 -1.641816
	endloop
endfacet
facet normal 0.000000 0.940529 -0.339713
	outer loop
		vertex 0.131234 -4.714719 -1.856148
		vertex 0.360892 -4.714719 -1.856148
		vertex 0.360892 -4.637303 -1.641816
	endloop
endfacet
facet normal 0.000000 0.999997 0.002454
	outer loop
		vertex 0.131234 -4.714159 -2.084032
		vertex 0.360892 -4.714719 -1.856148
		vertex 0.131234 -4.714719 -1.856148
	endloop
endfacet
facet normal -0.000000 0.999997 0.002454
	outer loop
		vertex 0.131234 -4.714159 -2.084032
		vertex 0.360892 -4.714159 -2.084032
		vertex 0.360892 -4.714719 -1.856148
	endloop
endfacet
facet normal 0.000000 0.938850 0.344327
	outer loop
		vertex 0.131234 -4.635693 -2.297982
		vertex 0.360892 -4.714159 -2.084032
		vertex 0.131234 -4.714159 -2.084032
	endloop
endfacet
facet normal -0.000000 0.938850 0.344327
	outer loop
		vertex 0.131234 -4.635693 -2.297982
		vertex 0.360892 -4.635693 -2.297982
		vertex 0.360892 -4.714159 -2.084032
	endloop
endfacet
facet normal 0.000000 0.764464 0.644666
	outer loop
		vertex 0.131234 -4.488783 -2.472192
		vertex 0.360892 -4.635693 -2.297982
		vertex 0.131234 -4.635693 -2.297982
	endloop
endfacet
facet normal -0.000000 0.764464 0.644666
	outer loop
		vertex 0.131234 -4.488783 -2.472192
		vertex 0.360892 -4.488783 -2.472192
		vertex 0.360892 -4.635693 -2.297982
	endloop
endfacet
facet normal 0.000000 0.497873 0.867250
	outer loop
		vertex 0.131234 -4.291150 -2.585649
		vertex 0.360892 -4.488783 -2.472192
		vertex 0.131234 -4.488783 -2.472192
	endloop
endfacet
facet normal -0.000000 0.497873 0.867250
	outer loop
		vertex 0.131234 -4.291150 -2.585649
		vertex 0.360892 -4.291150 -2.585649
		vertex 0.360892 -4.488783 -2.472192
	endloop
endfacet
facet normal -0.982354 0.032026 0.184270
	outer loop
		vertex 0.360892 -4.066631 -2.624670
		vertex 0.410105 -4.201987 -2.338791
		vertex 0.360892 -4.291151 -2.585649
	endloop
endfacet
facet normal -0.982354 0.032026 0.184270
	outer loop
		vertex 0.360892 -4.066631 -2.624670
		vertex 0.410105 -4.067276 -2.362204
		vertex 0.410105 -4.201987 -2.338791
	endloop
endfacet
facet normal -0.982354 -0.032930 0.184111
	outer loop
		vertex 0.360892 -3.842307 -2.584548
		vertex 0.410105 -4.067276 -2.362204
		vertex 0.360892 -4.066631 -2.624670
	endloop
endfacet
facet normal -0.982354 -0.032930 0.184111
	outer loop
		vertex 0.360892 -3.842307 -2.584548
		vertex 0.410105 -3.932681 -2.338130
		vertex 0.410105 -4.067276 -2.362204
	endloop
endfacet
facet normal -0.982354 -0.093914 0.161745
	outer loop
		vertex 0.360892 -3.645233 -2.470121
		vertex 0.410105 -3.932681 -2.338130
		vertex 0.360892 -3.842307 -2.584548
	endloop
endfacet
facet normal -0.982354 -0.093913 0.161745
	outer loop
		vertex 0.360892 -3.645233 -2.470121
		vertex 0.410105 -3.814436 -2.269474
		vertex 0.410105 -3.932681 -2.338130
	endloop
endfacet
facet normal -0.982354 -0.143570 0.119870
	outer loop
		vertex 0.360892 -3.499180 -2.295192
		vertex 0.410105 -3.814436 -2.269474
		vertex 0.360892 -3.645233 -2.470121
	endloop
endfacet
facet normal -0.982354 -0.143570 0.119870
	outer loop
		vertex 0.360892 -3.499180 -2.295192
		vertex 0.410105 -3.726805 -2.164517
		vertex 0.410105 -3.814436 -2.269474
	endloop
endfacet
facet normal -0.982354 -0.175910 0.063537
	outer loop
		vertex 0.360892 -3.421765 -2.080860
		vertex 0.410105 -3.726805 -2.164517
		vertex 0.360892 -3.499180 -2.295192
	endloop
endfacet
facet normal -0.982354 -0.175910 0.063538
	outer loop
		vertex 0.360892 -3.421765 -2.080860
		vertex 0.410105 -3.680355 -2.035918
		vertex 0.410105 -3.726805 -2.164517
	endloop
endfacet
facet normal -0.982354 -0.187032 -0.000459
	outer loop
		vertex 0.360892 -3.422324 -1.852976
		vertex 0.410105 -3.680355 -2.035918
		vertex 0.360892 -3.421765 -2.080860
	endloop
endfacet
facet normal -0.982354 -0.187032 -0.000459
	outer loop
		vertex 0.360892 -3.422324 -1.852976
		vertex 0.410105 -3.680691 -1.899187
		vertex 0.410105 -3.680355 -2.035918
	endloop
endfacet
facet normal -0.982354 -0.175596 -0.064400
	outer loop
		vertex 0.360892 -3.500790 -1.639026
		vertex 0.410105 -3.680691 -1.899187
		vertex 0.360892 -3.422324 -1.852976
	endloop
endfacet
facet normal -0.982354 -0.175596 -0.064400
	outer loop
		vertex 0.360892 -3.500790 -1.639026
		vertex 0.410105 -3.727771 -1.770817
		vertex 0.410105 -3.680691 -1.899187
	endloop
endfacet
facet normal -0.982354 -0.142980 -0.120574
	outer loop
		vertex 0.360892 -3.647700 -1.464816
		vertex 0.410105 -3.727771 -1.770817
		vertex 0.360892 -3.500790 -1.639026
	endloop
endfacet
facet normal -0.982354 -0.142980 -0.120574
	outer loop
		vertex 0.360892 -3.647700 -1.464816
		vertex 0.410105 -3.815917 -1.666291
		vertex 0.410105 -3.727771 -1.770817
	endloop
endfacet
facet normal -0.982354 -0.093119 -0.162204
	outer loop
		vertex 0.360892 -3.845333 -1.351359
		vertex 0.410105 -3.815917 -1.666291
		vertex 0.360892 -3.647700 -1.464816
	endloop
endfacet
facet normal -0.982354 -0.093119 -0.162204
	outer loop
		vertex 0.360892 -3.845333 -1.351359
		vertex 0.410105 -3.934496 -1.598217
		vertex 0.410105 -3.815917 -1.666291
	endloop
endfacet
facet normal -0.982354 -0.032026 -0.184271
	outer loop
		vertex 0.360892 -4.069852 -1.312338
		vertex 0.410105 -3.934496 -1.598217
		vertex 0.360892 -3.845333 -1.351359
	endloop
endfacet
facet normal -0.982354 -0.032026 -0.184271
	outer loop
		vertex 0.360892 -4.069852 -1.312338
		vertex 0.410105 -4.069208 -1.574804
		vertex 0.410105 -3.934496 -1.598217
	endloop
endfacet
facet normal -0.982354 0.032930 -0.184111
	outer loop
		vertex 0.360892 -4.294177 -1.352460
		vertex 0.410105 -4.069208 -1.574804
		vertex 0.360892 -4.069852 -1.312338
	endloop
endfacet
facet normal -0.982354 0.032930 -0.184111
	outer loop
		vertex 0.360892 -4.294177 -1.352460
		vertex 0.410105 -4.203803 -1.598878
		vertex 0.410105 -4.069208 -1.574804
	endloop
endfacet
facet normal -0.982354 0.093914 -0.161745
	outer loop
		vertex 0.360892 -4.491251 -1.466887
		vertex 0.410105 -4.203803 -1.598878
		vertex 0.360892 -4.294177 -1.352460
	endloop
endfacet
facet normal -0.982354 0.093914 -0.161745
	outer loop
		vertex 0.360892 -4.491251 -1.466887
		vertex 0.410105 -4.322047 -1.667534
		vertex 0.410105 -4.203803 -1.598878
	endloop
endfacet
facet normal -0.982354 0.143570 -0.119871
	outer loop
		vertex 0.360892 -4.637303 -1.641816
		vertex 0.410105 -4.322047 -1.667534
		vertex 0.360892 -4.491251 -1.466887
	endloop
endfacet
facet normal -0.982354 0.143570 -0.119870
	outer loop
		vertex 0.360892 -4.637303 -1.641816
		vertex 0.410105 -4.409678 -1.772491
		vertex 0.410105 -4.322047 -1.667534
	endloop
endfacet
facet normal -0.982354 0.175910 -0.063538
	outer loop
		vertex 0.360892 -4.714719 -1.856148
		vertex 0.410105 -4.409678 -1.772491
		vertex 0.360892 -4.637303 -1.641816
	endloop
endfacet
facet normal -0.982354 0.175910 -0.063537
	outer loop
		vertex 0.360892 -4.714719 -1.856148
		vertex 0.410105 -4.456128 -1.901090
		vertex 0.410105 -4.409678 -1.772491
	endloop
endfacet
facet normal -0.982354 0.187032 0.000459
	outer loop
		vertex 0.360892 -4.714159 -2.084032
		vertex 0.410105 -4.456128 -1.901090
		vertex 0.360892 -4.714719 -1.856148
	endloop
endfacet
facet normal -0.982354 0.187032 0.000459
	outer loop
		vertex 0.360892 -4.714159 -2.084032
		vertex 0.410105 -4.455792 -2.037821
		vertex 0.410105 -4.456128 -1.901090
	endloop
endfacet
facet normal -0.982354 0.175596 0.064400
	outer loop
		vertex 0.360892 -4.635693 -2.297982
		vertex 0.410105 -4.455792 -2.037821
		vertex 0.360892 -4.714159 -2.084032
	endloop
endfacet
facet normal -0.982354 0.175596 0.064400
	outer loop
		vertex 0.360892 -4.635693 -2.297982
		vertex 0.410105 -4.408712 -2.166191
		vertex 0.410105 -4.455792 -2.037821
	endloop
endfacet
facet normal -0.982354 0.142980 0.120574
	outer loop
		vertex 0.360892 -4.488783 -2.472192
		vertex 0.410105 -4.408712 -2.166191
		vertex 0.360892 -4.635693 -2.297982
	endloop
endfacet
facet normal -0.982354 0.142980 0.120574
	outer loop
		vertex 0.360892 -4.488783 -2.472192
		vertex 0.410105 -4.320567 -2.270717
		vertex 0.410105 -4.408712 -2.166191
	endloop
endfacet
facet normal -0.982354 0.093119 0.162204
	outer loop
		vertex 0.360892 -4.291150 -2.585649
		vertex 0.410105 -4.320567 -2.270717
		vertex 0.360892 -4.488783 -2.472192
	endloop
endfacet
facet normal -0.982354 0.093118 0.162204
	outer loop
		vertex 0.360892 -4.291150 -2.585649
		vertex 0.410105 -4.201987 -2.338791
		vertex 0.410105 -4.320567 -2.270717
	endloop
endfacet
facet normal -0.270599 -0.270599 0.923879
	outer loop
		vertex 0.721785 -0.426509 3.352086
		vertex 4.136024 -3.971982 3.313648
		vertex 0.656168 -0.492126 3.313648
	endloop
endfacet
facet normal -0.270599 -0.270599 0.923879
	outer loop
		vertex 0.721785 -0.426509 3.352086
		vertex 4.201641 -3.906365 3.352086
		vertex 4.136024 -3.971982 3.313648
	endloop
endfacet
facet normal -0.653282 -0.653282 0.382682
	outer loop
		vertex 0.748964 -0.399330 3.444882
		vertex 4.201641 -3.906365 3.352086
		vertex 0.721785 -0.426509 3.352086
	endloop
endfacet
facet normal -0.653281 -0.653281 0.382685
	outer loop
		vertex 0.748964 -0.399330 3.444882
		vertex 4.228821 -3.879186 3.444882
		vertex 4.201641 -3.906365 3.352086
	endloop
endfacet
facet normal -0.653282 -0.653282 -0.382682
	outer loop
		vertex 0.721785 -0.426509 3.537678
		vertex 4.228821 -3.879186 3.444882
		vertex 0.748964 -0.399330 3.444882
	endloop
endfacet
facet normal -0.653281 -0.653281 -0.382685
	outer loop
		vertex 0.721785 -0.426509 3.537678
		vertex 4.201641 -3.906365 3.537678
		vertex 4.228821 -3.879186 3.444882
	endloop
endfacet
facet normal -0.270599 -0.270599 -0.923879
	outer loop
		vertex 0.656168 -0.492126 3.576115
		vertex 4.201641 -3.906365 3.537678
		vertex 0.721785 -0.426509 3.537678
	endloop
endfacet
facet normal -0.270599 -0.270599 -0.923879
	outer loop
		vertex 0.656168 -0.492126 3.576115
		vertex 4.136024 -3.971982 3.576115
		vertex 4.201641 -3.906365 3.537678
	endloop
endfacet
facet normal 0.270599 0.270599 -0.923879
	outer loop
		vertex 0.590551 -0.557743 3.537678
		vertex 4.136024 -3.971982 3.576115
		vertex 0.656168 -0.492126 3.576115
	endloop
endfacet
facet normal 0.270599 0.270599 -0.923879
	outer loop
		vertex 0.590551 -0.557743 3.537678
		vertex 4.070408 -4.037599 3.537678
		vertex 4.136024 -3.971982 3.576115
	endloop
endfacet
facet normal 0.653282 0.653282 -0.382682
	outer loop
		vertex 0.563372 -0.584922 3.444882
		vertex 4.070408 -4.037599 3.537678
		vertex 0.590551 -0.557743 3.537678
	endloop
endfacet
facet normal 0.653281 0.653281 -0.382685
	outer loop
		vertex 0.563372 -0.584922 3.444882
		vertex 4.043228 -4.064778 3.444882
		vertex 4.070408 -4.037599 3.537678
	endloop
endfacet
facet normal 0.653282 0.653282 0.382682
	outer loop
		vertex 0.590551 -0.557743 3.352086
		vertex 4.043228 -4.064778 3.444882
		vertex 0.563372 -0.584922 3.444882
	endloop
endfacet
facet normal 0.653281 0.653281 0.382685
	outer loop
		vertex 0.590551 -0.557743 3.352086
		vertex 4.070408 -4.037599 3.352086
		vertex 4.043228 -4.064778 3.444882
	endloop
endfacet
facet normal 0.270599 0.270599 0.923879
	outer loop
		vertex 0.656168 -0.492126 3.313648
		vertex 4.070408 -4.037599 3.352086
		vertex 0.590551 -0.557743 3.352086
	endloop
endfacet
facet normal 0.270599 0.270599 0.923879
	outer loop
		vertex 0.656168 -0.492126 3.313648
		vertex 4.136024 -3.971982 3.313648
		vertex 4.070408 -4.037599 3.352086
	endloop
endfacet
facet normal 1.000000 0.000000 0.000000
	outer loop
		vertex 3.807940 -3.971016 3.051182
		vertex 3.807940 -4.105727 3.074594
		vertex 3.807940 -3.971982 3.444882
	endloop
endfacet
facet normal 1.000000 0.000000 0.000000
	outer loop
		vertex 3.807940 -3.836421 3.075255
		vertex 3.807940 -3.971016 3.051182
		vertex 3.807940 -3.971982 3.444882
	endloop
endfacet
facet normal 1.000000 0.000000 0.000000
	outer loop
		vertex 3.807940 -3.718176 3.143911
		vertex 3.807940 -3.836421 3.075255
		vertex 3.807940 -3.971982 3.444882
	endloop
endfacet
facet normal 1.000000 0.000000 0.000000
	outer loop
		vertex 3.807940 -3.630545 3.248869
		vertex 3.807940 -3.718176 3.143911
		vertex 3.807940 -3.971982 3.444882
	endloop
endfacet
facet normal 1.000000 0.000000 0.000000
	outer loop
		vertex 3.807940 -3.584095 3.377468
		vertex 3.807940 -3.630545 3.248869
		vertex 3.807940 -3.971982 3.444882
	endloop
endfacet
facet normal 1.000000 0.000000 0.000000
	outer loop
		vertex 3.807940 -3.584431 3.514199
		vertex 3.807940 -3.584095 3.377468
		vertex 3.807940 -3.971982 3.444882
	endloop
endfacet
facet normal 1.000000 0.000000 0.000000
	outer loop
		vertex 3.807940 -3.631511 3.642568
		vertex 3.807940 -3.584431 3.514199
		vertex 3.807940 -3.971982 3.444882
	endloop
endfacet
facet normal 1.000000 0.000000 0.000000
	outer loop
		vertex 3.807940 -3.719657 3.747094
		vertex 3.807940 -3.631511 3.642568
		vertex 3.807940 -3.971982 3.444882
	endloop
endfacet
facet normal 1.000000 0.000000 0.000000
	outer loop
		vertex 3.807940 -3.838237 3.815169
		vertex 3.807940 -3.719657 3.747094
		vertex 3.807940 -3.971982 3.444882
	endloop
endfacet
facet normal 1.000000 0.000000 0.000000
	outer loop
		vertex 3.807940 -3.972948 3.838581
		vertex 3.807940 -3.838237 3.815169
		vertex 3.807940 -3.971982 3.444882
	endloop
endfacet
facet normal 1.000000 -0.000000 0.000000
	outer loop
		vertex 3.807940 -4.107543 3.814508
		vertex 3.807940 -3.972948 3.838581
		vertex 3.807940 -3.971982 3.444882
	endloop
endfacet
facet normal 1.000000 -0.000000 0.000000
	outer loop
		vertex 3.807940 -4.225787 3.745852
		vertex 3.807940 -4.107543 3.814508
		vertex 3.807940 -3.971982 3.444882
	endloop
endfacet
facet normal 1.000000 -0.000000 0.000000
	outer loop
		vertex 3.807940 -4.313419 3.640895
		vertex 3.807940 -4.225787 3.745852
		vertex 3.807940 -3.971982 3.444882
	endloop
endfacet
facet normal 1.000000 -0.000000 0.000000
	outer loop
		vertex 3.807940 -4.359868 3.512295
		vertex 3.807940 -4.313419 3.640895
		vertex 3.807940 -3.971982 3.444882
	endloop
endfacet
facet normal 1.000000 0.000000 -0.000000
	outer loop
		vertex 3.807940 -4.359532 3.375565
		vertex 3.807940 -4.359868 3.512295
		vertex 3.807940 -3.971982 3.444882
	endloop
endfacet
facet normal 1.000000 0.000000 -0.000000
	outer loop
		vertex 3.807940 -4.312452 3.247195
		vertex 3.807940 -4.359532 3.375565
		vertex 3.807940 -3.971982 3.444882
	endloop
endfacet
facet normal 1.000000 0.000000 -0.000000
	outer loop
		vertex 3.807940 -4.224307 3.142669
		vertex 3.807940 -4.312452 3.247195
		vertex 3.807940 -3.971982 3.444882
	endloop
endfacet
facet normal 1.000000 0.000000 -0.000000
	outer loop
		vertex 3.807940 -4.105727 3.074594
		vertex 3.807940 -4.224307 3.142669
		vertex 3.807940 -3.971982 3.444882
	endloop
endfacet
facet normal -1.000000 0.000000 0.000000
	outer loop
		vertex 4.464108 -4.224307 3.142669
		vertex 4.464108 -4.105727 3.074594
		vertex 4.464108 -3.971982 3.444882
	endloop
endfacet
facet normal -1.000000 0.000000 0.000000
	outer loop
		vertex 4.464108 -4.312452 3.247195
		vertex 4.464108 -4.224307 3.142669
		vertex 4.464108 -3.971982 3.444882
	endloop
endfacet
facet normal -1.000000 0.000000 0.000000
	outer loop
		vertex 4.464108 -4.359532 3.375565
		vertex 4.464108 -4.312452 3.247195
		vertex 4.464108 -3.971982 3.444882
	endloop
endfacet
facet normal -1.000000 0.000000 0.000000
	outer loop
		vertex 4.464108 -4.359868 3.512295
		vertex 4.464108 -4.359532 3.375565
		vertex 4.464108 -3.971982 3.444882
	endloop
endfacet
facet normal -1.000000 0.000000 -0.000000
	outer loop
		vertex 4.464108 -4.313419 3.640895
		vertex 4.464108 -4.359868 3.512295
		vertex 4.464108 -3.971982 3.444882
	endloop
endfacet
facet normal -1.000000 0.000000 -0.000000
	outer loop
		vertex 4.464108 -4.225787 3.745852
		vertex 4.464108 -4.313419 3.640895
		vertex 4.464108 -3.971982 3.444882
	endloop
endfacet
facet normal -1.000000 0.000000 -0.000000
	outer loop
		vertex 4.464108 -4.107543 3.814508
		vertex 4.464108 -4.225787 3.745852
		vertex 4.464108 -3.971982 3.444882
	endloop
endfacet
facet normal -1.000000 0.000000 -0.000000
	outer loop
		vertex 4.464108 -3.972948 3.838581
		vertex 4.464108 -4.107543 3.814508
		vertex 4.464108 -3.971982 3.444882
	endloop
endfacet
facet normal -1.000000 -0.000000 0.000000
	outer loop
		vertex 4.464108 -3.838237 3.815169
		vertex 4.464108 -3.972948 3.838581
		vertex 4.464108 -3.971982 3.444882
	endloop
endfacet
facet normal -1.000000 -0.000000 0.000000
	outer loop
		vertex 4.464108 -3.719657 3.747094
		vertex 4.464108 -3.838237 3.815169
		vertex 4.464108 -3.971982 3.444882
	endloop
endfacet
facet normal -1.000000 -0.000000 0.000000
	outer loop
		vertex 4.464108 -3.631511 3.642568
		vertex 4.464108 -3.719657 3.747094
		vertex 4.464108 -3.971982 3.444882
	endloop
endfacet
facet normal -1.000000 -0.000000 0.000000
	outer loop
		vertex 4.464108 -3.584431 3.514199
		vertex 4.464108 -3.631511 3.642568
		vertex 4.464108 -3.971982 3.444882
	endloop
endfacet
facet normal -1.000000 0.000000 0.000000
	outer loop
		vertex 4.464108 -3.584095 3.377468
		vertex 4.464108 -3.584431 3.514199
		vertex 4.464108 -3.971982 3.444882
	endloop
endfacet
facet normal -1.000000 0.000000 0.000000
	outer loop
		vertex 4.464108 -3.630545 3.248869
		vertex 4.464108 -3.584095 3.377468
		vertex 4.464108 -3.971982 3.444882
	endloop
endfacet
facet normal -1.000000 0.000000 0.000000
	outer loop
		vertex 4.464108 -3.718176 3.143911
		vertex 4.464108 -3.630545 3.248869
		vertex 4.464108 -3.971982 3.444882
	endloop
endfacet
facet normal -1.000000 0.000000 0.000000
	outer loop
		vertex 4.464108 -3.836421 3.075255
		vertex 4.464108 -3.718176 3.143911
		vertex 4.464108 -3.971982 3.444882
	endloop
endfacet
facet normal -1.000000 0.000000 0.000000
	outer loop
		vertex 4.464108 -3.971016 3.051182
		vertex 4.464108 -3.836421 3.075255
		vertex 4.464108 -3.971982 3.444882
	endloop
endfacet
facet normal -1.000000 0.000000 0.000000
	outer loop
		vertex 4.464108 -4.105727 3.074594
		vertex 4.464108 -3.971016 3.051182
		vertex 4.464108 -3.971982 3.444882
	endloop
endfacet
facet normal 0.934540 0.060934 0.350603
	outer loop
		vertex 3.807940 -3.971016 3.051182
		vertex 3.906366 -4.194890 2.827737
		vertex 3.807940 -4.105727 3.074594
	endloop
endfacet
facet normal 0.934540 0.060934 0.350603
	outer loop
		vertex 3.807940 -3.971016 3.051182
		vertex 3.906366 -3.970371 2.788716
		vertex 3.906366 -4.194890 2.827737
	endloop
endfacet
facet normal 0.934540 -0.062654 0.350300
	outer loop
		vertex 3.807940 -3.836421 3.075255
		vertex 3.906366 -3.970371 2.788716
		vertex 3.807940 -3.971016 3.051182
	endloop
endfacet
facet normal 0.934540 -0.062654 0.350300
	outer loop
		vertex 3.807940 -3.836421 3.075255
		vertex 3.906366 -3.746047 2.828838
		vertex 3.906366 -3.970371 2.788716
	endloop
endfacet
facet normal 0.934540 -0.178685 0.307745
	outer loop
		vertex 3.807940 -3.718176 3.143911
		vertex 3.906366 -3.746047 2.828838
		vertex 3.807940 -3.836421 3.075255
	endloop
endfacet
facet normal 0.934540 -0.178685 0.307745
	outer loop
		vertex 3.807940 -3.718176 3.143911
		vertex 3.906366 -3.548973 2.943264
		vertex 3.906366 -3.746047 2.828838
	endloop
endfacet
facet normal 0.934540 -0.273164 0.228072
	outer loop
		vertex 3.807940 -3.630545 3.248869
		vertex 3.906366 -3.548973 2.943264
		vertex 3.807940 -3.718176 3.143911
	endloop
endfacet
facet normal 0.934540 -0.273164 0.228072
	outer loop
		vertex 3.807940 -3.630545 3.248869
		vertex 3.906366 -3.402920 3.118193
		vertex 3.906366 -3.548973 2.943264
	endloop
endfacet
facet normal 0.934540 -0.334695 0.120890
	outer loop
		vertex 3.807940 -3.584095 3.377468
		vertex 3.906366 -3.402920 3.118193
		vertex 3.807940 -3.630545 3.248869
	endloop
endfacet
facet normal 0.934540 -0.334695 0.120890
	outer loop
		vertex 3.807940 -3.584095 3.377468
		vertex 3.906366 -3.325505 3.332525
		vertex 3.906366 -3.402920 3.118193
	endloop
endfacet
facet normal 0.934540 -0.355858 -0.000874
	outer loop
		vertex 3.807940 -3.584431 3.514199
		vertex 3.906366 -3.325505 3.332525
		vertex 3.807940 -3.584095 3.377468
	endloop
endfacet
facet normal 0.934540 -0.355857 -0.000873
	outer loop
		vertex 3.807940 -3.584431 3.514199
		vertex 3.906366 -3.326064 3.560410
		vertex 3.906366 -3.325505 3.332525
	endloop
endfacet
facet normal 0.934540 -0.334098 -0.122531
	outer loop
		vertex 3.807940 -3.631511 3.642568
		vertex 3.906366 -3.326064 3.560410
		vertex 3.807940 -3.584431 3.514199
	endloop
endfacet
facet normal 0.934540 -0.334098 -0.122531
	outer loop
		vertex 3.807940 -3.631511 3.642568
		vertex 3.906366 -3.404531 3.774359
		vertex 3.906366 -3.326064 3.560410
	endloop
endfacet
facet normal 0.934540 -0.272041 -0.229410
	outer loop
		vertex 3.807940 -3.719657 3.747094
		vertex 3.906366 -3.404531 3.774359
		vertex 3.807940 -3.631511 3.642568
	endloop
endfacet
facet normal 0.934540 -0.272041 -0.229410
	outer loop
		vertex 3.807940 -3.719657 3.747094
		vertex 3.906366 -3.551440 3.948569
		vertex 3.906366 -3.404531 3.774359
	endloop
endfacet
facet normal 0.934540 -0.177172 -0.308618
	outer loop
		vertex 3.807940 -3.838237 3.815169
		vertex 3.906366 -3.551440 3.948569
		vertex 3.807940 -3.719657 3.747094
	endloop
endfacet
facet normal 0.934540 -0.177172 -0.308618
	outer loop
		vertex 3.807940 -3.838237 3.815169
		vertex 3.906366 -3.749073 4.062027
		vertex 3.906366 -3.551440 3.948569
	endloop
endfacet
facet normal 0.934540 -0.060934 -0.350603
	outer loop
		vertex 3.807940 -3.972948 3.838581
		vertex 3.906366 -3.749073 4.062027
		vertex 3.807940 -3.838237 3.815169
	endloop
endfacet
facet normal 0.934540 -0.060933 -0.350603
	outer loop
		vertex 3.807940 -3.972948 3.838581
		vertex 3.906366 -3.973592 4.101048
		vertex 3.906366 -3.749073 4.062027
	endloop
endfacet
facet normal 0.934540 0.062655 -0.350300
	outer loop
		vertex 3.807940 -4.107543 3.814508
		vertex 3.906366 -3.973592 4.101048
		vertex 3.807940 -3.972948 3.838581
	endloop
endfacet
facet normal 0.934540 0.062654 -0.350300
	outer loop
		vertex 3.807940 -4.107543 3.814508
		vertex 3.906366 -4.197917 4.060925
		vertex 3.906366 -3.973592 4.101048
	endloop
endfacet
facet normal 0.934540 0.178685 -0.307745
	outer loop
		vertex 3.807940 -4.225787 3.745852
		vertex 3.906366 -4.197917 4.060925
		vertex 3.807940 -4.107543 3.814508
	endloop
endfacet
facet normal 0.934540 0.178685 -0.307745
	outer loop
		vertex 3.807940 -4.225787 3.745852
		vertex 3.906366 -4.394991 3.946499
		vertex 3.906366 -4.197917 4.060925
	endloop
endfacet
facet normal 0.934540 0.273164 -0.228072
	outer loop
		vertex 3.807940 -4.313419 3.640895
		vertex 3.906366 -4.394991 3.946499
		vertex 3.807940 -4.225787 3.745852
	endloop
endfacet
facet normal 0.934540 0.273164 -0.228072
	outer loop
		vertex 3.807940 -4.313419 3.640895
		vertex 3.906366 -4.541044 3.771570
		vertex 3.906366 -4.394991 3.946499
	endloop
endfacet
facet normal 0.934540 0.334695 -0.120890
	outer loop
		vertex 3.807940 -4.359868 3.512295
		vertex 3.906366 -4.541044 3.771570
		vertex 3.807940 -4.313419 3.640895
	endloop
endfacet
facet normal 0.934540 0.334696 -0.120889
	outer loop
		vertex 3.807940 -4.359868 3.512295
		vertex 3.906366 -4.618459 3.557238
		vertex 3.906366 -4.541044 3.771570
	endloop
endfacet
facet normal 0.934540 0.355858 0.000874
	outer loop
		vertex 3.807940 -4.359532 3.375565
		vertex 3.906366 -4.618459 3.557238
		vertex 3.807940 -4.359868 3.512295
	endloop
endfacet
facet normal 0.934540 0.355857 0.000873
	outer loop
		vertex 3.807940 -4.359532 3.375565
		vertex 3.906366 -4.617899 3.329354
		vertex 3.906366 -4.618459 3.557238
	endloop
endfacet
facet normal 0.934540 0.334098 0.122531
	outer loop
		vertex 3.807940 -4.312452 3.247195
		vertex 3.906366 -4.617899 3.329354
		vertex 3.807940 -4.359532 3.375565
	endloop
endfacet
facet normal 0.934540 0.334098 0.122531
	outer loop
		vertex 3.807940 -4.312452 3.247195
		vertex 3.906366 -4.539433 3.115404
		vertex 3.906366 -4.617899 3.329354
	endloop
endfacet
facet normal 0.934540 0.272041 0.229410
	outer loop
		vertex 3.807940 -4.224307 3.142669
		vertex 3.906366 -4.539433 3.115404
		vertex 3.807940 -4.312452 3.247195
	endloop
endfacet
facet normal 0.934540 0.272041 0.229410
	outer loop
		vertex 3.807940 -4.224307 3.142669
		vertex 3.906366 -4.392523 2.941194
		vertex 3.906366 -4.539433 3.115404
	endloop
endfacet
facet normal 0.934540 0.177172 0.308618
	outer loop
		vertex 3.807940 -4.105727 3.074594
		vertex 3.906366 -4.392523 2.941194
		vertex 3.807940 -4.224307 3.142669
	endloop
endfacet
facet normal 0.934540 0.177172 0.308618
	outer loop
		vertex 3.807940 -4.105727 3.074594
		vertex 3.906366 -4.194890 2.827736
		vertex 3.906366 -4.392523 2.941194
	endloop
endfacet
facet normal 0.000000 0.171230 0.985231
	outer loop
		vertex 3.906366 -3.970371 2.788716
		vertex 4.365683 -4.194890 2.827737
		vertex 3.906366 -4.194890 2.827737
	endloop
endfacet
facet normal -0.000000 0.171230 0.985231
	outer loop
		vertex 3.906366 -3.970371 2.788716
		vertex 4.365683 -3.970371 2.788716
		vertex 4.365683 -4.194890 2.827737
	endloop
endfacet
facet normal 0.000000 -0.176064 0.984379
	outer loop
		vertex 3.906366 -3.746047 2.828838
		vertex 4.365683 -3.970371 2.788716
		vertex 3.906366 -3.970371 2.788716
	endloop
endfacet
facet normal 0.000000 -0.176064 0.984379
	outer loop
		vertex 3.906366 -3.746047 2.828838
		vertex 4.365683 -3.746047 2.828838
		vertex 4.365683 -3.970371 2.788716
	endloop
endfacet
facet normal 0.000000 -0.502124 0.864796
	outer loop
		vertex 3.906366 -3.548973 2.943264
		vertex 4.365683 -3.746047 2.828838
		vertex 3.906366 -3.746047 2.828838
	endloop
endfacet
facet normal 0.000000 -0.502124 0.864796
	outer loop
		vertex 3.906366 -3.548973 2.943264
		vertex 4.365683 -3.548973 2.943264
		vertex 4.365683 -3.746047 2.828838
	endloop
endfacet
facet normal 0.000000 -0.767620 0.640905
	outer loop
		vertex 3.906366 -3.402920 3.118193
		vertex 4.365683 -3.548973 2.943264
		vertex 3.906366 -3.548973 2.943264
	endloop
endfacet
facet normal 0.000000 -0.767620 0.640905
	outer loop
		vertex 3.906366 -3.402920 3.118193
		vertex 4.365683 -3.402920 3.118193
		vertex 4.365683 -3.548973 2.943264
	endloop
endfacet
facet normal 0.000000 -0.940529 0.339713
	outer loop
		vertex 3.906366 -3.325505 3.332525
		vertex 4.365683 -3.402920 3.118193
		vertex 3.906366 -3.402920 3.118193
	endloop
endfacet
facet normal 0.000000 -0.940529 0.339713
	outer loop
		vertex 3.906366 -3.325505 3.332525
		vertex 4.365683 -3.325505 3.332525
		vertex 4.365683 -3.402920 3.118193
	endloop
endfacet
facet normal 0.000000 -0.999997 -0.002454
	outer loop
		vertex 3.906366 -3.326064 3.560410
		vertex 4.365683 -3.325505 3.332525
		vertex 3.906366 -3.325505 3.332525
	endloop
endfacet
facet normal 0.000000 -0.999997 -0.002454
	outer loop
		vertex 3.906366 -3.326064 3.560410
		vertex 4.365683 -3.326064 3.560410
		vertex 4.365683 -3.325505 3.332525
	endloop
endfacet
facet normal 0.000000 -0.938851 -0.344325
	outer loop
		vertex 3.906366 -3.404531 3.774359
		vertex 4.365683 -3.326064 3.560410
		vertex 3.906366 -3.326064 3.560410
	endloop
endfacet
facet normal 0.000000 -0.938851 -0.344325
	outer loop
		vertex 3.906366 -3.404531 3.774359
		vertex 4.365683 -3.404531 3.774359
		vertex 4.365683 -3.326064 3.560410
	endloop
endfacet
facet normal 0.000000 -0.764464 -0.644666
	outer loop
		vertex 3.906366 -3.551440 3.948569
		vertex 4.365683 -3.404531 3.774359
		vertex 3.906366 -3.404531 3.774359
	endloop
endfacet
facet normal 0.000000 -0.764464 -0.644666
	outer loop
		vertex 3.906366 -3.551440 3.948569
		vertex 4.365683 -3.551440 3.948569
		vertex 4.365683 -3.404531 3.774359
	endloop
endfacet
facet normal 0.000000 -0.497873 -0.867250
	outer loop
		vertex 3.906366 -3.749073 4.062027
		vertex 4.365683 -3.551440 3.948569
		vertex 3.906366 -3.551440 3.948569
	endloop
endfacet
facet normal 0.000000 -0.497873 -0.867250
	outer loop
		vertex 3.906366 -3.749073 4.062027
		vertex 4.365683 -3.749073 4.062027
		vertex 4.365683 -3.551440 3.948569
	endloop
endfacet
facet normal 0.000000 -0.171229 -0.985231
	outer loop
		vertex 3.906366 -3.973592 4.101048
		vertex 4.365683 -3.749073 4.062027
		vertex 3.906366 -3.749073 4.062027
	endloop
endfacet
facet normal 0.000000 -0.171229 -0.985231
	outer loop
		vertex 3.906366 -3.973592 4.101048
		vertex 4.365683 -3.973592 4.101048
		vertex 4.365683 -3.749073 4.062027
	endloop
endfacet
facet normal 0.000000 0.176065 -0.984379
	outer loop
		vertex 3.906366 -4.197917 4.060925
		vertex 4.365683 -3.973592 4.101048
		vertex 3.906366 -3.973592 4.101048
	endloop
endfacet
facet normal 0.000000 0.176065 -0.984379
	outer loop
		vertex 3.906366 -4.197917 4.060925
		vertex 4.365683 -4.197917 4.060925
		vertex 4.365683 -3.973592 4.101048
	endloop
endfacet
facet normal 0.000000 0.502124 -0.864796
	outer loop
		vertex 3.906366 -4.394991 3.946499
		vertex 4.365683 -4.197917 4.060925
		vertex 3.906366 -4.197917 4.060925
	endloop
endfacet
facet normal 0.000000 0.502124 -0.864796
	outer loop
		vertex 3.906366 -4.394991 3.946499
		vertex 4.365683 -4.394991 3.946499
		vertex 4.365683 -4.197917 4.060925
	endloop
endfacet
facet normal 0.000000 0.767620 -0.640905
	outer loop
		vertex 3.906366 -4.541044 3.771570
		vertex 4.365683 -4.394991 3.946499
		vertex 3.906366 -4.394991 3.946499
	endloop
endfacet
facet normal 0.000000 0.767620 -0.640905
	outer loop
		vertex 3.906366 -4.541044 3.771570
		vertex 4.365683 -4.541044 3.771570
		vertex 4.365683 -4.394991 3.946499
	endloop
endfacet
facet normal 0.000000 0.940530 -0.339712
	outer loop
		vertex 3.906366 -4.618459 3.557238
		vertex 4.365683 -4.541044 3.771570
		vertex 3.906366 -4.541044 3.771570
	endloop
endfacet
facet normal 0.000000 0.940530 -0.339712
	outer loop
		vertex 3.906366 -4.618459 3.557238
		vertex 4.365683 -4.618459 3.557238
		vertex 4.365683 -4.541044 3.771570
	endloop
endfacet
facet normal 0.000000 0.999997 0.002454
	outer loop
		vertex 3.906366 -4.617899 3.329354
		vertex 4.365683 -4.618459 3.557238
		vertex 3.906366 -4.618459 3.557238
	endloop
endfacet
facet normal -0.000000 0.999997 0.002454
	outer loop
		vertex 3.906366 -4.617899 3.329354
		vertex 4.365683 -4.617899 3.329354
		vertex 4.365683 -4.618459 3.557238
	endloop
endfacet
facet normal 0.000000 0.938851 0.344325
	outer loop
		vertex 3.906366 -4.539433 3.115404
		vertex 4.365683 -4.617899 3.329354
		vertex 3.906366 -4.617899 3.329354
	endloop
endfacet
facet normal -0.000000 0.938851 0.344325
	outer loop
		vertex 3.906366 -4.539433 3.115404
		vertex 4.365683 -4.539433 3.115404
		vertex 4.365683 -4.617899 3.329354
	endloop
endfacet
facet normal 0.000000 0.764464 0.644666
	outer loop
		vertex 3.906366 -4.392523 2.941194
		vertex 4.365683 -4.539433 3.115404
		vertex 3.906366 -4.539433 3.115404
	endloop
endfacet
facet normal -0.000000 0.764464 0.644666
	outer loop
		vertex 3.906366 -4.392523 2.941194
		vertex 4.365683 -4.392523 2.941194
		vertex 4.365683 -4.539433 3.115404
	endloop
endfacet
facet normal 0.000000 0.497873 0.867250
	outer loop
		vertex 3.906366 -4.194890 2.827736
		vertex 4.365683 -4.392523 2.941194
		vertex 3.906366 -4.392523 2.941194
	endloop
endfacet
facet normal -0.000000 0.497873 0.867250
	outer loop
		vertex 3.906366 -4.194890 2.827736
		vertex 4.365683 -4.194890 2.827736
		vertex 4.365683 -4.392523 2.941194
	endloop
endfacet
facet normal -0.934539 0.060934 0.350604
	outer loop
		vertex 4.365683 -3.970371 2.788716
		vertex 4.464108 -4.105727 3.074594
		vertex 4.365683 -4.194890 2.827737
	endloop
endfacet
facet normal -0.934539 0.060934 0.350604
	outer loop
		vertex 4.365683 -3.970371 2.788716
		vertex 4.464108 -3.971016 3.051182
		vertex 4.464108 -4.105727 3.074594
	endloop
endfacet
facet normal -0.934539 -0.062654 0.350301
	outer loop
		vertex 4.365683 -3.746047 2.828838
		vertex 4.464108 -3.971016 3.051182
		vertex 4.365683 -3.970371 2.788716
	endloop
endfacet
facet normal -0.934539 -0.062654 0.350301
	outer loop
		vertex 4.365683 -3.746047 2.828838
		vertex 4.464108 -3.836421 3.075255
		vertex 4.464108 -3.971016 3.051182
	endloop
endfacet
facet normal -0.934539 -0.178685 0.307746
	outer loop
		vertex 4.365683 -3.548973 2.943264
		vertex 4.464108 -3.836421 3.075255
		vertex 4.365683 -3.746047 2.828838
	endloop
endfacet
facet normal -0.934540 -0.178686 0.307745
	outer loop
		vertex 4.365683 -3.548973 2.943264
		vertex 4.464108 -3.718176 3.143911
		vertex 4.464108 -3.836421 3.075255
	endloop
endfacet
facet normal -0.934540 -0.273165 0.228072
	outer loop
		vertex 4.365683 -3.402920 3.118193
		vertex 4.464108 -3.718176 3.143911
		vertex 4.365683 -3.548973 2.943264
	endloop
endfacet
facet normal -0.934539 -0.273165 0.228072
	outer loop
		vertex 4.365683 -3.402920 3.118193
		vertex 4.464108 -3.630545 3.248869
		vertex 4.464108 -3.718176 3.143911
	endloop
endfacet
facet normal -0.934540 -0.334696 0.120890
	outer loop
		vertex 4.365683 -3.325505 3.332525
		vertex 4.464108 -3.630545 3.248869
		vertex 4.365683 -3.402920 3.118193
	endloop
endfacet
facet normal -0.934539 -0.334696 0.120890
	outer loop
		vertex 4.365683 -3.325505 3.332525
		vertex 4.464108 -3.584095 3.377468
		vertex 4.464108 -3.630545 3.248869
	endloop
endfacet
facet normal -0.934539 -0.355858 -0.000873
	outer loop
		vertex 4.365683 -3.326064 3.560410
		vertex 4.464108 -3.584095 3.377468
		vertex 4.365683 -3.325505 3.332525
	endloop
endfacet
facet normal -0.934540 -0.355858 -0.000874
	outer loop
		vertex 4.365683 -3.326064 3.560410
		vertex 4.464108 -3.584431 3.514199
		vertex 4.464108 -3.584095 3.377468
	endloop
endfacet
facet normal -0.934539 -0.334099 -0.122531
	outer loop
		vertex 4.365683 -3.404531 3.774359
		vertex 4.464108 -3.584431 3.514199
		vertex 4.365683 -3.326064 3.560410
	endloop
endfacet
facet normal -0.934540 -0.334099 -0.122531
	outer loop
		vertex 4.365683 -3.404531 3.774359
		vertex 4.464108 -3.631511 3.642568
		vertex 4.464108 -3.584431 3.514199
	endloop
endfacet
facet normal -0.934539 -0.272042 -0.229411
	outer loop
		vertex 4.365683 -3.551440 3.948569
		vertex 4.464108 -3.631511 3.642568
		vertex 4.365683 -3.404531 3.774359
	endloop
endfacet
facet normal -0.934540 -0.272042 -0.229411
	outer loop
		vertex 4.365683 -3.551440 3.948569
		vertex 4.464108 -3.719657 3.747094
		vertex 4.464108 -3.631511 3.642568
	endloop
endfacet
facet normal -0.934539 -0.177173 -0.308619
	outer loop
		vertex 4.365683 -3.749073 4.062027
		vertex 4.464108 -3.719657 3.747094
		vertex 4.365683 -3.551440 3.948569
	endloop
endfacet
facet normal -0.934539 -0.177173 -0.308619
	outer loop
		vertex 4.365683 -3.749073 4.062027
		vertex 4.464108 -3.838237 3.815169
		vertex 4.464108 -3.719657 3.747094
	endloop
endfacet
facet normal -0.934539 -0.060934 -0.350604
	outer loop
		vertex 4.365683 -3.973592 4.101048
		vertex 4.464108 -3.838237 3.815169
		vertex 4.365683 -3.749073 4.062027
	endloop
endfacet
facet normal -0.934539 -0.060934 -0.350604
	outer loop
		vertex 4.365683 -3.973592 4.101048
		vertex 4.464108 -3.972948 3.838581
		vertex 4.464108 -3.838237 3.815169
	endloop
endfacet
facet normal -0.934539 0.062654 -0.350301
	outer loop
		vertex 4.365683 -4.197917 4.060925
		vertex 4.464108 -3.972948 3.838581
		vertex 4.365683 -3.973592 4.101048
	endloop
endfacet
facet normal -0.934539 0.062655 -0.350300
	outer loop
		vertex 4.365683 -4.197917 4.060925
		vertex 4.464108 -4.107543 3.814508
		vertex 4.464108 -3.972948 3.838581
	endloop
endfacet
facet normal -0.934540 0.178685 -0.307746
	outer loop
		vertex 4.365683 -4.394991 3.946499
		vertex 4.464108 -4.107543 3.814508
		vertex 4.365683 -4.197917 4.060925
	endloop
endfacet
facet normal -0.934540 0.178685 -0.307746
	outer loop
		vertex 4.365683 -4.394991 3.946499
		vertex 4.464108 -4.225787 3.745852
		vertex 4.464108 -4.107543 3.814508
	endloop
endfacet
facet normal -0.934540 0.273165 -0.228072
	outer loop
		vertex 4.365683 -4.541044 3.771570
		vertex 4.464108 -4.225787 3.745852
		vertex 4.365683 -4.394991 3.946499
	endloop
endfacet
facet normal -0.934540 0.273165 -0.228072
	outer loop
		vertex 4.365683 -4.541044 3.771570
		vertex 4.464108 -4.313419 3.640895
		vertex 4.464108 -4.225787 3.745852
	endloop
endfacet
facet normal -0.934540 0.334696 -0.120889
	outer loop
		vertex 4.365683 -4.618459 3.557238
		vertex 4.464108 -4.313419 3.640895
		vertex 4.365683 -4.541044 3.771570
	endloop
endfacet
facet normal -0.934539 0.334696 -0.120890
	outer loop
		vertex 4.365683 -4.618459 3.557238
		vertex 4.464108 -4.359868 3.512295
		vertex 4.464108 -4.313419 3.640895
	endloop
endfacet
facet normal -0.934539 0.355858 0.000873
	outer loop
		vertex 4.365683 -4.617899 3.329354
		vertex 4.464108 -4.359868 3.512295
		vertex 4.365683 -4.618459 3.557238
	endloop
endfacet
facet normal -0.934540 0.355858 0.000874
	outer loop
		vertex 4.365683 -4.617899 3.329354
		vertex 4.464108 -4.359532 3.375565
		vertex 4.464108 -4.359868 3.512295
	endloop
endfacet
facet normal -0.934540 0.334099 0.122531
	outer loop
		vertex 4.365683 -4.539433 3.115404
		vertex 4.464108 -4.359532 3.375565
		vertex 4.365683 -4.617899 3.329354
	endloop
endfacet
facet normal -0.934540 0.334098 0.122532
	outer loop
		vertex 4.365683 -4.539433 3.115404
		vertex 4.464108 -4.312452 3.247195
		vertex 4.464108 -4.359532 3.375565
	endloop
endfacet
facet normal -0.934540 0.272042 0.229410
	outer loop
		vertex 4.365683 -4.392523 2.941194
		vertex 4.464108 -4.312452 3.247195
		vertex 4.365683 -4.539433 3.115404
	endloop
endfacet
facet normal -0.934540 0.272042 0.229410
	outer loop
		vertex 4.365683 -4.392523 2.941194
		vertex 4.464108 -4.224307 3.142669
		vertex 4.464108 -4.312452 3.247195
	endloop
endfacet
facet normal -0.934540 0.177173 0.308619
	outer loop
		vertex 4.365683 -4.194890 2.827736
		vertex 4.464108 -4.224307 3.142669
		vertex 4.365683 -4.392523 2.941194
	endloop
endfacet
facet normal -0.934539 0.177173 0.308619
	outer loop
		vertex 4.365683 -4.194890 2.827736
		vertex 4.464108 -4.105727 3.074594
		vertex 4.464108 -4.224307 3.142669
	endloop
endfacet
facet normal 0.270599 -0.270599 -0.923879
	outer loop
		vertex -0.721785 -0.426509 3.537678
		vertex -4.136024 -3.971982 3.576115
		vertex -0.656168 -0.492126 3.576115
	endloop
endfacet
facet normal 0.270599 -0.270599 -0.923879
	outer loop
		vertex -0.721785 -0.426509 3.537678
		vertex -4.201641 -3.906365 3.537678
		vertex -4.136024 -3.971982 3.576115
	endloop
endfacet
facet normal 0.653282 -0.653282 -0.382682
	outer loop
		vertex -0.748964 -0.399330 3.444882
		vertex -4.201641 -3.906365 3.537678
		vertex -0.721785 -0.426509 3.537678
	endloop
endfacet
facet normal 0.653281 -0.653281 -0.382685
	outer loop
		vertex -0.748964 -0.399330 3.444882
		vertex -4.228821 -3.879186 3.444882
		vertex -4.201641 -3.906365 3.537678
	endloop
endfacet
facet normal 0.653282 -0.653282 0.382682
	outer loop
		vertex -0.721785 -0.426509 3.352086
		vertex -4.228821 -3.879186 3.444882
		vertex -0.748964 -0.399330 3.444882
	endloop
endfacet
facet normal 0.653281 -0.653281 0.382685
	outer loop
		vertex -0.721785 -0.426509 3.352086
		vertex -4.201641 -3.906365 3.352086
		vertex -4.228821 -3.879186 3.444882
	endloop
endfacet
facet normal 0.270599 -0.270599 0.923879
	outer loop
		vertex -0.656168 -0.492126 3.313648
		vertex -4.201641 -3.906365 3.352086
		vertex -0.721785 -0.426509 3.352086
	endloop
endfacet
facet normal 0.270599 -0.270599 0.923879
	outer loop
		vertex -0.656168 -0.492126 3.313648
		vertex -4.136024 -3.971982 3.313648
		vertex -4.201641 -3.906365 3.352086
	endloop
endfacet
facet normal -0.270599 0.270599 0.923879
	outer loop
		vertex -0.590551 -0.557743 3.352086
		vertex -4.136024 -3.971982 3.313648
		vertex -0.656168 -0.492126 3.313648
	endloop
endfacet
facet normal -0.270599 0.270599 0.923879
	outer loop
		vertex -0.590551 -0.557743 3.352086
		vertex -4.070408 -4.037599 3.352086
		vertex -4.136024 -3.971982 3.313648
	endloop
endfacet
facet normal -0.653282 0.653282 0.382682
	outer loop
		vertex -0.563372 -0.584922 3.444882
		vertex -4.070408 -4.037599 3.352086
		vertex -0.590551 -0.557743 3.352086
	endloop
endfacet
facet normal -0.653281 0.653281 0.382685
	outer loop
		vertex -0.563372 -0.584922 3.444882
		vertex -4.043228 -4.064778 3.444882
		vertex -4.070408 -4.037599 3.352086
	endloop
endfacet
facet normal -0.653282 0.653282 -0.382682
	outer loop
		vertex -0.590551 -0.557743 3.537678
		vertex -4.043228 -4.064778 3.444882
		vertex -0.563372 -0.584922 3.444882
	endloop
endfacet
facet normal -0.653281 0.653281 -0.382685
	outer loop
		vertex -0.590551 -0.557743 3.537678
		vertex -4.070408 -4.037599 3.537678
		vertex -4.043228 -4.064778 3.444882
	endloop
endfacet
facet normal -0.270599 0.270599 -0.923879
	outer loop
		vertex -0.656168 -0.492126 3.576115
		vertex -4.070408 -4.037599 3.537678
		vertex -0.590551 -0.557743 3.537678
	endloop
endfacet
facet normal -0.270599 0.270599 -0.923879
	outer loop
		vertex -0.656168 -0.492126 3.576115
		vertex -4.136024 -3.971982 3.576115
		vertex -4.070408 -4.037599 3.537678
	endloop
endfacet
facet normal 1.000000 0.000000 0.000000
	outer loop
		vertex -4.464108 -3.971016 3.051182
		vertex -4.464108 -4.105727 3.074594
		vertex -4.464108 -3.971982 3.444882
	endloop
endfacet
facet normal 1.000000 0.000000 0.000000
	outer loop
		vertex -4.464108 -3.836421 3.075255
		vertex -4.464108 -3.971016 3.051182
		vertex -4.464108 -3.971982 3.444882
	endloop
endfacet
facet normal 1.000000 0.000000 0.000000
	outer loop
		vertex -4.464108 -3.718176 3.143911
		vertex -4.464108 -3.836421 3.075255
		vertex -4.464108 -3.971982 3.444882
	endloop
endfacet
facet normal 1.000000 0.000000 0.000000
	outer loop
		vertex -4.464108 -3.630545 3.248869
		vertex -4.464108 -3.718176 3.143911
		vertex -4.464108 -3.971982 3.444882
	endloop
endfacet
facet normal 1.000000 0.000000 0.000000
	outer loop
		vertex -4.464108 -3.584095 3.377468
		vertex -4.464108 -3.630545 3.248869
		vertex -4.464108 -3.971982 3.444882
	endloop
endfacet
facet normal 1.000000 0.000000 0.000000
	outer loop
		vertex -4.464108 -3.584431 3.514199
		vertex -4.464108 -3.584095 3.377468
		vertex -4.464108 -3.971982 3.444882
	endloop
endfacet
facet normal 1.000000 0.000000 0.000000
	outer loop
		vertex -4.464108 -3.631511 3.642568
		vertex -4.464108 -3.584431 3.514199
		vertex -4.464108 -3.971982 3.444882
	endloop
endfacet
facet normal 1.000000 0.000000 0.000000
	outer loop
		vertex -4.464108 -3.719657 3.747094
		vertex -4.464108 -3.631511 3.642568
		vertex -4.464108 -3.971982 3.444882
	endloop
endfacet
facet normal 1.000000 0.000000 0.000000
	outer loop
		vertex -4.464108 -3.838237 3.815169
		vertex -4.464108 -3.719657 3.747094
		vertex -4.464108 -3.971982 3.444882
	endloop
endfacet
facet normal 1.000000 0.000000 0.000000
	outer loop
		vertex -4.464108 -3.972948 3.838581
		vertex -4.464108 -3.838237 3.815169
		vertex -4.464108 -3.971982 3.444882
	endloop
endfacet
facet normal 1.000000 -0.000000 0.000000
	outer loop
		vertex -4.464108 -4.107543 3.814508
		vertex -4.464108 -3.972948 3.838581
		vertex -4.464108 -3.971982 3.444882
	endloop
endfacet
facet normal 1.000000 -0.000000 0.000000
	outer loop
		vertex -4.464108 -4.225787 3.745852
		vertex -4.464108 -4.107543 3.814508
		vertex -4.464108 -3.971982 3.444882
	endloop
endfacet
facet normal 1.000000 -0.000000 0.000000
	outer loop
		vertex -4.464108 -4.313419 3.640895
		vertex -4.464108 -4.225787 3.745852
		vertex -4.464108 -3.971982 3.444882
	endloop
endfacet
facet normal 1.000000 -0.000000 0.000000
	outer loop
		vertex -4.464108 -4.359868 3.512295
		vertex -4.464108 -4.313419 3.640895
		vertex -4.464108 -3.971982 3.444882
	endloop
endfacet
facet normal 1.000000 0.000000 -0.000000
	outer loop
		vertex -4.464108 -4.359532 3.375565
		vertex -4.464108 -4.359868 3.512295
		vertex -4.464108 -3.971982 3.444882
	endloop
endfacet
facet normal 1.000000 0.000000 -0.000000
	outer loop
		vertex -4.464108 -4.312452 3.247195
		vertex -4.464108 -4.359532 3.375565
		vertex -4.464108 -3.971982 3.444882
	endloop
endfacet
facet normal 1.000000 0.000000 -0.000000
	outer loop
		vertex -4.464108 -4.224307 3.142669
		vertex -4.464108 -4.312452 3.247195
		vertex -4.464108 -3.971982 3.444882
	endloop
endfacet
facet normal 1.000000 0.000000 -0.000000
	outer loop
		vertex -4.464108 -4.105727 3.074594
		vertex -4.464108 -4.224307 3.142669
		vertex -4.464108 -3.971982 3.444882
	endloop
endfacet
facet normal -1.000000 0.000000 0.000000
	outer loop
		vertex -3.807940 -4.224307 3.142669
		vertex -3.807940 -4.105727 3.074594
		vertex -3.807940 -3.971982 3.444882
	endloop
endfacet
facet normal -1.000000 0.000000 0.000000
	outer loop
		vertex -3.807940 -4.312452 3.247195
		vertex -3.807940 -4.224307 3.142669
		vertex -3.807940 -3.971982 3.444882
	endloop
endfacet
facet normal -1.000000 0.000000 0.000000
	outer loop
		vertex -3.807940 -4.359532 3.375565
		vertex -3.807940 -4.312452 3.247195
		vertex -3.807940 -3.971982 3.444882
	endloop
endfacet
facet normal -1.000000 0.000000 0.000000
	outer loop
		vertex -3.807940 -4.359868 3.512295
		vertex -3.807940 -4.359532 3.375565
		vertex -3.807940 -3.971982 3.444882
	endloop
endfacet
facet normal -1.000000 0.000000 -0.000000
	outer loop
		vertex -3.807940 -4.313419 3.640895
		vertex -3.807940 -4.359868 3.512295
		vertex -3.807940 -3.971982 3.444882
	endloop
endfacet
facet normal -1.000000 0.000000 -0.000000
	outer loop
		vertex -3.807940 -4.225787 3.745852
		vertex -3.807940 -4.313419 3.640895
		vertex -3.807940 -3.971982 3.444882
	endloop
endfacet
facet normal -1.000000 0.000000 -0.000000
	outer loop
		vertex -3.807940 -4.107543 3.814508
		vertex -3.807940 -4.225787 3.745852
		vertex -3.807940 -3.971982 3.444882
	endloop
endfacet
facet normal -1.000000 0.000000 -0.000000
	outer loop
		vertex -3.807940 -3.972948 3.838581
		vertex -3.807940 -4.107543 3.814508
		vertex -3.807940 -3.971982 3.444882
	endloop
endfacet
facet normal -1.000000 -0.000000 0.000000
	outer loop
		vertex -3.807940 -3.838237 3.815169
		vertex -3.807940 -3.972948 3.838581
		vertex -3.807940 -3.971982 3.444882
	endloop
endfacet
facet normal -1.000000 -0.000000 0.000000
	outer loop
		vertex -3.807940 -3.719657 3.747094
		vertex -3.807940 -3.838237 3.815169
		vertex -3.807940 -3.971982 3.444882
	endloop
endfacet
facet normal -1.000000 -0.000000 0.000000
	outer loop
		vertex -3.807940 -3.631511 3.642568
		vertex -3.807940 -3.719657 3.747094
		vertex -3.807940 -3.971982 3.444882
	endloop
endfacet
facet normal -1.000000 -0.000000 0.000000
	outer loop
		vertex -3.807940 -3.584431 3.514199
		vertex -3.807940 -3.631511 3.642568
		vertex -3.807940 -3.971982 3.444882
	endloop
endfacet
facet normal -1.000000 0.000000 0.000000
	outer loop
		vertex -3.807940 -3.584095 3.377468
		vertex -3.807940 -3.584431 3.514199
		vertex -3.807940 -3.971982 3.444882
	endloop
endfacet
facet normal -1.000000 0.000000 0.000000
	outer loop
		vertex -3.807940 -3.630545 3.248869
		vertex -3.807940 -3.584095 3.377468
		vertex -3.807940 -3.971982 3.444882
	endloop
endfacet
facet normal -1.000000 0.000000 0.000000
	outer loop
		vertex -3.807940 -3.718176 3.143911
		vertex -3.807940 -3.630545 3.248869
		vertex -3.807940 -3.971982 3.444882
	endloop
endfacet
facet normal -1.000000 0.000000 0.000000
	outer loop
		vertex -3.807940 -3.836421 3.075255
		vertex -3.807940 -3.718176 3.143911
		vertex -3.807940 -3.971982 3.444882
	endloop
endfacet
facet normal -1.000000 0.000000 0.000000
	outer loop
		vertex -3.807940 -3.971016 3.051182
		vertex -3.807940 -3.836421 3.075255
		vertex -3.807940 -3.971982 3.444882
	endloop
endfacet
facet normal -1.000000 0.000000 0.000000
	outer loop
		vertex -3.807940 -4.105727 3.074594
		vertex -3.807940 -3.971016 3.051182
		vertex -3.807940 -3.971982 3.444882
	endloop
endfacet
facet normal 0.934539 0.060934 0.350604
	outer loop
		vertex -4.464108 -3.971016 3.051182
		vertex -4.365683 -4.194890 2.827737
		vertex -4.464108 -4.105727 3.074594
	endloop
endfacet
facet normal 0.934539 0.060934 0.350604
	outer loop
		vertex -4.464108 -3.971016 3.051182
		vertex -4.365683 -3.970371 2.788716
		vertex -4.365683 -4.194890 2.827737
	endloop
endfacet
facet normal 0.934539 -0.062654 0.350301
	outer loop
		vertex -4.464108 -3.836421 3.075255
		vertex -4.365683 -3.970371 2.788716
		vertex -4.464108 -3.971016 3.051182
	endloop
endfacet
facet normal 0.934539 -0.062654 0.350301
	outer loop
		vertex -4.464108 -3.836421 3.075255
		vertex -4.365683 -3.746047 2.828838
		vertex -4.365683 -3.970371 2.788716
	endloop
endfacet
facet normal 0.934539 -0.178686 0.307746
	outer loop
		vertex -4.464108 -3.718176 3.143911
		vertex -4.365683 -3.746047 2.828838
		vertex -4.464108 -3.836421 3.075255
	endloop
endfacet
facet normal 0.934539 -0.178685 0.307746
	outer loop
		vertex -4.464108 -3.718176 3.143911
		vertex -4.365683 -3.548973 2.943264
		vertex -4.365683 -3.746047 2.828838
	endloop
endfacet
facet normal 0.934540 -0.273164 0.228072
	outer loop
		vertex -4.464108 -3.630545 3.248869
		vertex -4.365683 -3.548973 2.943264
		vertex -4.464108 -3.718176 3.143911
	endloop
endfacet
facet normal 0.934539 -0.273165 0.228072
	outer loop
		vertex -4.464108 -3.630545 3.248869
		vertex -4.365683 -3.402920 3.118193
		vertex -4.365683 -3.548973 2.943264
	endloop
endfacet
facet normal 0.934539 -0.334696 0.120890
	outer loop
		vertex -4.464108 -3.584095 3.377468
		vertex -4.365683 -3.402920 3.118193
		vertex -4.464108 -3.630545 3.248869
	endloop
endfacet
facet normal 0.934540 -0.334696 0.120890
	outer loop
		vertex -4.464108 -3.584095 3.377468
		vertex -4.365683 -3.325505 3.332525
		vertex -4.365683 -3.402920 3.118193
	endloop
endfacet
facet normal 0.934539 -0.355858 -0.000874
	outer loop
		vertex -4.464108 -3.584431 3.514199
		vertex -4.365683 -3.325505 3.332525
		vertex -4.464108 -3.584095 3.377468
	endloop
endfacet
facet normal 0.934539 -0.355858 -0.000873
	outer loop
		vertex -4.464108 -3.584431 3.514199
		vertex -4.365683 -3.326064 3.560410
		vertex -4.365683 -3.325505 3.332525
	endloop
endfacet
facet normal 0.934540 -0.334099 -0.122531
	outer loop
		vertex -4.464108 -3.631511 3.642568
		vertex -4.365683 -3.326064 3.560410
		vertex -4.464108 -3.584431 3.514199
	endloop
endfacet
facet normal 0.934539 -0.334099 -0.122531
	outer loop
		vertex -4.464108 -3.631511 3.642568
		vertex -4.365683 -3.404531 3.774359
		vertex -4.365683 -3.326064 3.560410
	endloop
endfacet
facet normal 0.934539 -0.272042 -0.229410
	outer loop
		vertex -4.464108 -3.719657 3.747094
		vertex -4.365683 -3.404531 3.774359
		vertex -4.464108 -3.631511 3.642568
	endloop
endfacet
facet normal 0.934539 -0.272042 -0.229411
	outer loop
		vertex -4.464108 -3.719657 3.747094
		vertex -4.365683 -3.551440 3.948569
		vertex -4.365683 -3.404531 3.774359
	endloop
endfacet
facet normal 0.934540 -0.177173 -0.308619
	outer loop
		vertex -4.464108 -3.838237 3.815169
		vertex -4.365683 -3.551440 3.948569
		vertex -4.464108 -3.719657 3.747094
	endloop
endfacet
facet normal 0.934540 -0.177173 -0.308619
	outer loop
		vertex -4.464108 -3.838237 3.815169
		vertex -4.365683 -3.749073 4.062027
		vertex -4.365683 -3.551440 3.948569
	endloop
endfacet
facet normal 0.934540 -0.060934 -0.350604
	outer loop
		vertex -4.464108 -3.972948 3.838581
		vertex -4.365683 -3.749073 4.062027
		vertex -4.464108 -3.838237 3.815169
	endloop
endfacet
facet normal 0.934539 -0.060934 -0.350604
	outer loop
		vertex -4.464108 -3.972948 3.838581
		vertex -4.365683 -3.973592 4.101048
		vertex -4.365683 -3.749073 4.062027
	endloop
endfacet
facet normal 0.934539 0.062655 -0.350301
	outer loop
		vertex -4.464108 -4.107543 3.814508
		vertex -4.365683 -3.973592 4.101048
		vertex -4.464108 -3.972948 3.838581
	endloop
endfacet
facet normal 0.934540 0.062654 -0.350300
	outer loop
		vertex -4.464108 -4.107543 3.814508
		vertex -4.365683 -4.197917 4.060925
		vertex -4.365683 -3.973592 4.101048
	endloop
endfacet
facet normal 0.934540 0.178685 -0.307746
	outer loop
		vertex -4.464108 -4.225787 3.745852
		vertex -4.365683 -4.197917 4.060925
		vertex -4.464108 -4.107543 3.814508
	endloop
endfacet
facet normal 0.934540 0.178685 -0.307746
	outer loop
		vertex -4.464108 -4.225787 3.745852
		vertex -4.365683 -4.394991 3.946499
		vertex -4.365683 -4.197917 4.060925
	endloop
endfacet
facet normal 0.934540 0.273164 -0.228072
	outer loop
		vertex -4.464108 -4.313419 3.640895
		vertex -4.365683 -4.394991 3.946499
		vertex -4.464108 -4.225787 3.745852
	endloop
endfacet
facet normal 0.934540 0.273165 -0.228072
	outer loop
		vertex -4.464108 -4.313419 3.640895
		vertex -4.365683 -4.541044 3.771570
		vertex -4.365683 -4.394991 3.946499
	endloop
endfacet
facet normal 0.934540 0.334696 -0.120890
	outer loop
		vertex -4.464108 -4.359868 3.512295
		vertex -4.365683 -4.541044 3.771570
		vertex -4.464108 -4.313419 3.640895
	endloop
endfacet
facet normal 0.934540 0.334696 -0.120890
	outer loop
		vertex -4.464108 -4.359868 3.512295
		vertex -4.365683 -4.618459 3.557238
		vertex -4.365683 -4.541044 3.771570
	endloop
endfacet
facet normal 0.934539 0.355858 0.000874
	outer loop
		vertex -4.464108 -4.359532 3.375565
		vertex -4.365683 -4.618459 3.557238
		vertex -4.464108 -4.359868 3.512295
	endloop
endfacet
facet normal 0.934539 0.355858 0.000873
	outer loop
		vertex -4.464108 -4.359532 3.375565
		vertex -4.365683 -4.617899 3.329354
		vertex -4.365683 -4.618459 3.557238
	endloop
endfacet
facet normal 0.934539 0.334099 0.122532
	outer loop
		vertex -4.464108 -4.312452 3.247195
		vertex -4.365683 -4.617899 3.329354
		vertex -4.464108 -4.359532 3.375565
	endloop
endfacet
facet normal 0.934540 0.334098 0.122531
	outer loop
		vertex -4.464108 -4.312452 3.247195
		vertex -4.365683 -4.539433 3.115404
		vertex -4.365683 -4.617899 3.329354
	endloop
endfacet
facet normal 0.934540 0.272042 0.229410
	outer loop
		vertex -4.464108 -4.224307 3.142669
		vertex -4.365683 -4.539433 3.115404
		vertex -4.464108 -4.312452 3.247195
	endloop
endfacet
facet normal 0.934540 0.272042 0.229410
	outer loop
		vertex -4.464108 -4.224307 3.142669
		vertex -4.365683 -4.392523 2.941194
		vertex -4.365683 -4.539433 3.115404
	endloop
endfacet
facet normal 0.934540 0.177173 0.308619
	outer loop
		vertex -4.464108 -4.105727 3.074594
		vertex -4.365683 -4.392523 2.941194
		vertex -4.464108 -4.224307 3.142669
	endloop
endfacet
facet normal 0.934540 0.177173 0.308619
	outer loop
		vertex -4.464108 -4.105727 3.074594
		vertex -4.365683 -4.194890 2.827736
		vertex -4.365683 -4.392523 2.941194
	endloop
endfacet
facet normal 0.000000 0.171230 0.985231
	outer loop
		vertex -4.365683 -3.970371 2.788716
		vertex -3.906366 -4.194890 2.827737
		vertex -4.365683 -4.194890 2.827737
	endloop
endfacet
facet normal -0.000000 0.171230 0.985231
	outer loop
		vertex -4.365683 -3.970371 2.788716
		vertex -3.906366 -3.970371 2.788716
		vertex -3.906366 -4.194890 2.827737
	endloop
endfacet
facet normal 0.000000 -0.176064 0.984379
	outer loop
		vertex -4.365683 -3.746047 2.828838
		vertex -3.906366 -3.970371 2.788716
		vertex -4.365683 -3.970371 2.788716
	endloop
endfacet
facet normal 0.000000 -0.176064 0.984379
	outer loop
		vertex -4.365683 -3.746047 2.828838
		vertex -3.906366 -3.746047 2.828838
		vertex -3.906366 -3.970371 2.788716
	endloop
endfacet
facet normal 0.000000 -0.502124 0.864796
	outer loop
		vertex -4.365683 -3.548973 2.943264
		vertex -3.906366 -3.746047 2.828838
		vertex -4.365683 -3.746047 2.828838
	endloop
endfacet
facet normal 0.000000 -0.502124 0.864796
	outer loop
		vertex -4.365683 -3.548973 2.943264
		vertex -3.906366 -3.548973 2.943264
		vertex -3.906366 -3.746047 2.828838
	endloop
endfacet
facet normal 0.000000 -0.767620 0.640905
	outer loop
		vertex -4.365683 -3.402920 3.118193
		vertex -3.906366 -3.548973 2.943264
		vertex -4.365683 -3.548973 2.943264
	endloop
endfacet
facet normal 0.000000 -0.767620 0.640905
	outer loop
		vertex -4.365683 -3.402920 3.118193
		vertex -3.906366 -3.402920 3.118193
		vertex -3.906366 -3.548973 2.943264
	endloop
endfacet
facet normal 0.000000 -0.940529 0.339713
	outer loop
		vertex -4.365683 -3.325505 3.332525
		vertex -3.906366 -3.402920 3.118193
		vertex -4.365683 -3.402920 3.118193
	endloop
endfacet
facet normal 0.000000 -0.940529 0.339713
	outer loop
		vertex -4.365683 -3.325505 3.332525
		vertex -3.906366 -3.325505 3.332525
		vertex -3.906366 -3.402920 3.118193
	endloop
endfacet
facet normal 0.000000 -0.999997 -0.002454
	outer loop
		vertex -4.365683 -3.326064 3.560410
		vertex -3.906366 -3.325505 3.332525
		vertex -4.365683 -3.325505 3.332525
	endloop
endfacet
facet normal 0.000000 -0.999997 -0.002454
	outer loop
		vertex -4.365683 -3.326064 3.560410
		vertex -3.906366 -3.326064 3.560410
		vertex -3.906366 -3.325505 3.332525
	endloop
endfacet
facet normal 0.000000 -0.938851 -0.344325
	outer loop
		vertex -4.365683 -3.404531 3.774359
		vertex -3.906366 -3.326064 3.560410
		vertex -4.365683 -3.326064 3.560410
	endloop
endfacet
facet normal 0.000000 -0.938851 -0.344325
	outer loop
		vertex -4.365683 -3.404531 3.774359
		vertex -3.906366 -3.404531 3.774359
		vertex -3.906366 -3.326064 3.560410
	endloop
endfacet
facet normal 0.000000 -0.764464 -0.644666
	outer loop
		vertex -4.365683 -3.551440 3.948569
		vertex -3.906366 -3.404531 3.774359
		vertex -4.365683 -3.404531 3.774359
	endloop
endfacet
facet normal 0.000000 -0.764464 -0.644666
	outer loop
		vertex -4.365683 -3.551440 3.948569
		vertex -3.906366 -3.551440 3.948569
		vertex -3.906366 -3.404531 3.774359
	endloop
endfacet
facet normal 0.000000 -0.497873 -0.867250
	outer loop
		vertex -4.365683 -3.749073 4.062027
		vertex -3.906366 -3.551440 3.948569
		vertex -4.365683 -3.551440 3.948569
	endloop
endfacet
facet normal 0.000000 -0.497873 -0.867250
	outer loop
		vertex -4.365683 -3.749073 4.062027
		vertex -3.906366 -3.749073 4.062027
		vertex -3.906366 -3.551440 3.948569
	endloop
endfacet
facet normal 0.000000 -0.171229 -0.985231
	outer loop
		vertex -4.365683 -3.973592 4.101048
		vertex -3.906366 -3.749073 4.062027
		vertex -4.365683 -3.749073 4.062027
	endloop
endfacet
facet normal 0.000000 -0.171229 -0.985231
	outer loop
		vertex -4.365683 -3.973592 4.101048
		vertex -3.906366 -3.973592 4.101048
		vertex -3.906366 -3.749073 4.062027
	endloop
endfacet
facet normal 0.000000 0.176065 -0.984379
	outer loop
		vertex -4.365683 -4.197917 4.060925
		vertex -3.906366 -3.973592 4.101048
		vertex -4.365683 -3.973592 4.101048
	endloop
endfacet
facet normal 0.000000 0.176065 -0.984379
	outer loop
		vertex -4.365683 -4.197917 4.060925
		vertex -3.906366 -4.197917 4.060925
		vertex -3.906366 -3.973592 4.101048
	endloop
endfacet
facet normal 0.000000 0.502124 -0.864796
	outer loop
		vertex -4.365683 -4.394991 3.946499
		vertex -3.906366 -4.197917 4.060925
		vertex -4.365683 -4.197917 4.060925
	endloop
endfacet
facet normal 0.000000 0.502124 -0.864796
	outer loop
		vertex -4.365683 -4.394991 3.946499
		vertex -3.906366 -4.394991 3.946499
		vertex -3.906366 -4.197917 4.060925
	endloop
endfacet
facet normal 0.000000 0.767620 -0.640905
	outer loop
		vertex -4.365683 -4.541044 3.771570
		vertex -3.906366 -4.394991 3.946499
		vertex -4.365683 -4.394991 3.946499
	endloop
endfacet
facet normal 0.000000 0.767620 -0.640905
	outer loop
		vertex -4.365683 -4.541044 3.771570
		vertex -3.906366 -4.541044 3.771570
		vertex -3.906366 -4.394991 3.946499
	endloop
endfacet
facet normal 0.000000 0.940530 -0.339712
	outer loop
		vertex -4.365683 -4.618459 3.557238
		vertex -3.906366 -4.541044 3.771570
		vertex -4.365683 -4.541044 3.771570
	endloop
endfacet
facet normal 0.000000 0.940530 -0.339712
	outer loop
		vertex -4.365683 -4.618459 3.557238
		vertex -3.906366 -4.618459 3.557238
		vertex -3.906366 -4.541044 3.771570
	endloop
endfacet
facet normal 0.000000 0.999997 0.002454
	outer loop
		vertex -4.365683 -4.617899 3.329354
		vertex -3.906366 -4.618459 3.557238
		vertex -4.365683 -4.618459 3.557238
	endloop
endfacet
facet normal -0.000000 0.999997 0.002454
	outer loop
		vertex -4.365683 -4.617899 3.329354
		vertex -3.906366 -4.617899 3.329354
		vertex -3.906366 -4.618459 3.557238
	endloop
endfacet
facet normal 0.000000 0.938851 0.344325
	outer loop
		vertex -4.365683 -4.539433 3.115404
		vertex -3.906366 -4.617899 3.329354
		vertex -4.365683 -4.617899 3.329354
	endloop
endfacet
facet normal -0.000000 0.938851 0.344325
	outer loop
		vertex -4.365683 -4.539433 3.115404
		vertex -3.906366 -4.539433 3.115404
		vertex -3.906366 -4.617899 3.329354
	endloop
endfacet
facet normal 0.000000 0.764464 0.644666
	outer loop
		vertex -4.365683 -4.392523 2.941194
		vertex -3.906366 -4.539433 3.115404
		vertex -4.365683 -4.539433 3.115404
	endloop
endfacet
facet normal -0.000000 0.764464 0.644666
	outer loop
		vertex -4.365683 -4.392523 2.941194
		vertex -3.906366 -4.392523 2.941194
		vertex -3.906366 -4.539433 3.115404
	endloop
endfacet
facet normal 0.000000 0.497873 0.867250
	outer loop
		vertex -4.365683 -4.194890 2.827736
		vertex -3.906366 -4.392523 2.941194
		vertex -4.365683 -4.392523 2.941194
	endloop
endfacet
facet normal -0.000000 0.497873 0.867250
	outer loop
		vertex -4.365683 -4.194890 2.827736
		vertex -3.906366 -4.194890 2.827736
		vertex -3.906366 -4.392523 2.941194
	endloop
endfacet
facet normal -0.934540 0.060934 0.350603
	outer loop
		vertex -3.906366 -3.970371 2.788716
		vertex -3.807940 -4.105727 3.074594
		vertex -3.906366 -4.194890 2.827737
	endloop
endfacet
facet normal -0.934540 0.060934 0.350603
	outer loop
		vertex -3.906366 -3.970371 2.788716
		vertex -3.807940 -3.971016 3.051182
		vertex -3.807940 -4.105727 3.074594
	endloop
endfacet
facet normal -0.934540 -0.062654 0.350300
	outer loop
		vertex -3.906366 -3.746047 2.828838
		vertex -3.807940 -3.971016 3.051182
		vertex -3.906366 -3.970371 2.788716
	endloop
endfacet
facet normal -0.934540 -0.062654 0.350300
	outer loop
		vertex -3.906366 -3.746047 2.828838
		vertex -3.807940 -3.836421 3.075255
		vertex -3.807940 -3.971016 3.051182
	endloop
endfacet
facet normal -0.934540 -0.178685 0.307745
	outer loop
		vertex -3.906366 -3.548973 2.943264
		vertex -3.807940 -3.836421 3.075255
		vertex -3.906366 -3.746047 2.828838
	endloop
endfacet
facet normal -0.934540 -0.178685 0.307745
	outer loop
		vertex -3.906366 -3.548973 2.943264
		vertex -3.807940 -3.718176 3.143911
		vertex -3.807940 -3.836421 3.075255
	endloop
endfacet
facet normal -0.934540 -0.273164 0.228072
	outer loop
		vertex -3.906366 -3.402920 3.118193
		vertex -3.807940 -3.718176 3.143911
		vertex -3.906366 -3.548973 2.943264
	endloop
endfacet
facet normal -0.934540 -0.273164 0.228072
	outer loop
		vertex -3.906366 -3.402920 3.118193
		vertex -3.807940 -3.630545 3.248869
		vertex -3.807940 -3.718176 3.143911
	endloop
endfacet
facet normal -0.934540 -0.334695 0.120890
	outer loop
		vertex -3.906366 -3.325505 3.332525
		vertex -3.807940 -3.630545 3.248869
		vertex -3.906366 -3.402920 3.118193
	endloop
endfacet
facet normal -0.934540 -0.334695 0.120890
	outer loop
		vertex -3.906366 -3.325505 3.332525
		vertex -3.807940 -3.584095 3.377468
		vertex -3.807940 -3.630545 3.248869
	endloop
endfacet
facet normal -0.934540 -0.355858 -0.000873
	outer loop
		vertex -3.906366 -3.326064 3.560410
		vertex -3.807940 -3.584095 3.377468
		vertex -3.906366 -3.325505 3.332525
	endloop
endfacet
facet normal -0.934540 -0.355858 -0.000874
	outer loop
		vertex -3.906366 -3.326064 3.560410
		vertex -3.807940 -3.584431 3.514199
		vertex -3.807940 -3.584095 3.377468
	endloop
endfacet
facet normal -0.934540 -0.334098 -0.122531
	outer loop
		vertex -3.906366 -3.404531 3.774359
		vertex -3.807940 -3.584431 3.514199
		vertex -3.906366 -3.326064 3.560410
	endloop
endfacet
facet normal -0.934540 -0.334098 -0.122531
	outer loop
		vertex -3.906366 -3.404531 3.774359
		vertex -3.807940 -3.631511 3.642568
		vertex -3.807940 -3.584431 3.514199
	endloop
endfacet
facet normal -0.934540 -0.272041 -0.229410
	outer loop
		vertex -3.906366 -3.551440 3.948569
		vertex -3.807940 -3.631511 3.642568
		vertex -3.906366 -3.404531 3.774359
	endloop
endfacet
facet normal -0.934540 -0.272041 -0.229410
	outer loop
		vertex -3.906366 -3.551440 3.948569
		vertex -3.807940 -3.719657 3.747094
		vertex -3.807940 -3.631511 3.642568
	endloop
endfacet
facet normal -0.934540 -0.177172 -0.308618
	outer loop
		vertex -3.906366 -3.749073 4.062027
		vertex -3.807940 -3.719657 3.747094
		vertex -3.906366 -3.551440 3.948569
	endloop
endfacet
facet normal -0.934540 -0.177173 -0.308618
	outer loop
		vertex -3.906366 -3.749073 4.062027
		vertex -3.807940 -3.838237 3.815169
		vertex -3.807940 -3.719657 3.747094
	endloop
endfacet
facet normal -0.934540 -0.060933 -0.350603
	outer loop
		vertex -3.906366 -3.973592 4.101048
		vertex -3.807940 -3.838237 3.815169
		vertex -3.906366 -3.749073 4.062027
	endloop
endfacet
facet normal -0.934540 -0.060934 -0.350603
	outer loop
		vertex -3.906366 -3.973592 4.101048
		vertex -3.807940 -3.972948 3.838581
		vertex -3.807940 -3.838237 3.815169
	endloop
endfacet
facet normal -0.934540 0.062654 -0.350300
	outer loop
		vertex -3.906366 -4.197917 4.060925
		vertex -3.807940 -3.972948 3.838581
		vertex -3.906366 -3.973592 4.101048
	endloop
endfacet
facet normal -0.934540 0.062654 -0.350300
	outer loop
		vertex -3.906366 -4.197917 4.060925
		vertex -3.807940 -4.107543 3.814508
		vertex -3.807940 -3.972948 3.838581
	endloop
endfacet
facet normal -0.934540 0.178685 -0.307745
	outer loop
		vertex -3.906366 -4.394991 3.946499
		vertex -3.807940 -4.107543 3.814508
		vertex -3.906366 -4.197917 4.060925
	endloop
endfacet
facet normal -0.934540 0.178685 -0.307745
	outer loop
		vertex -3.906366 -4.394991 3.946499
		vertex -3.807940 -4.225787 3.745852
		vertex -3.807940 -4.107543 3.814508
	endloop
endfacet
facet normal -0.934540 0.273164 -0.228072
	outer loop
		vertex -3.906366 -4.541044 3.771570
		vertex -3.807940 -4.225787 3.745852
		vertex -3.906366 -4.394991 3.946499
	endloop
endfacet
facet normal -0.934540 0.273164 -0.228072
	outer loop
		vertex -3.906366 -4.541044 3.771570
		vertex -3.807940 -4.313419 3.640895
		vertex -3.807940 -4.225787 3.745852
	endloop
endfacet
facet normal -0.934540 0.334695 -0.120889
	outer loop
		vertex -3.906366 -4.618459 3.557238
		vertex -3.807940 -4.313419 3.640895
		vertex -3.906366 -4.541044 3.771570
	endloop
endfacet
facet normal -0.934540 0.334696 -0.120890
	outer loop
		vertex -3.906366 -4.618459 3.557238
		vertex -3.807940 -4.359868 3.512295
		vertex -3.807940 -4.313419 3.640895
	endloop
endfacet
facet normal -0.934540 0.355858 0.000873
	outer loop
		vertex -3.906366 -4.617899 3.329354
		vertex -3.807940 -4.359868 3.512295
		vertex -3.906366 -4.618459 3.557238
	endloop
endfacet
facet normal -0.934540 0.355857 0.000874
	outer loop
		vertex -3.906366 -4.617899 3.329354
		vertex -3.807940 -4.359532 3.375565
		vertex -3.807940 -4.359868 3.512295
	endloop
endfacet
facet normal -0.934540 0.334098 0.122531
	outer loop
		vertex -3.906366 -4.539433 3.115404
		vertex -3.807940 -4.359532 3.375565
		vertex -3.906366 -4.617899 3.329354
	endloop
endfacet
facet normal -0.934540 0.334098 0.122531
	outer loop
		vertex -3.906366 -4.539433 3.115404
		vertex -3.807940 -4.312452 3.247195
		vertex -3.807940 -4.359532 3.375565
	endloop
endfacet
facet normal -0.934540 0.272041 0.229410
	outer loop
		vertex -3.906366 -4.392523 2.941194
		vertex -3.807940 -4.312452 3.247195
		vertex -3.906366 -4.539433 3.115404
	endloop
endfacet
facet normal -0.934540 0.272041 0.229410
	outer loop
		vertex -3.906366 -4.392523 2.941194
		vertex -3.807940 -4.224307 3.142669
		vertex -3.807940 -4.312452 3.247195
	endloop
endfacet
facet normal -0.934540 0.177172 0.308618
	outer loop
		vertex -3.906366 -4.194890 2.827736
		vertex -3.807940 -4.224307 3.142669
		vertex -3.906366 -4.392523 2.941194
	endloop
endfacet
facet normal -0.934540 0.177173 0.308618
	outer loop
		vertex -3.906366 -4.194890 2.827736
		vertex -3.807940 -4.105727 3.074594
		vertex -3.807940 -4.224307 3.142669
	endloop
endfacet
endsolid
